{"level":"INFO","message":"[2:02:27.453 PM]: Creating new connection object"}
{"level":"INFO","message":"[2:02:27.477 PM]: Creating Connection[id: 8784e51a-1afb-4e36-b3d1-579036c0ed4d] with host: QCQMHWR-UUC00658.snowflakecomputing.com, account: QCQMHWR-UUC00658, accessUrl: https://QCQMHWR-UUC00658.snowflakecomputing.com, user: JONAEDD08, role: undefined, database: WORLD_BANK_DB, schema: MACROECONOMICS, warehouse: COMPUTE_WH, proxy was not configured, password is provided, region: undefined, authenticator: SNOWFLAKE, ocsp mode: FAIL_OPEN, os: win32, os version: 10.0.26200"}
{"level":"INFO","message":"[2:02:27.478 PM]: Connection[id: 8784e51a-1afb-4e36-b3d1-579036c0ed4d] additional details: passcode in password is provided, passcode is not provided, private key is not provided, application: undefined, client name: snowflake-sdk, client version: 2.4.0, retry timeout: 300, private key path: undefined, private key pass is not provided, client store temporary credential: false, browser response timeout: 120000"}
{"level":"INFO","message":"[2:02:27.479 PM]: Connection[id: 8784e51a-1afb-4e36-b3d1-579036c0ed4d] - connection object created successfully."}
{"level":"INFO","message":"[2:02:27.479 PM]: Connection[id: 8784e51a-1afb-4e36-b3d1-579036c0ed4d] - async connecting. Associated Snowflake domain: GLOBAL"}
{"level":"INFO","message":"[2:02:27.480 PM]: Trying to initialize Easy Logging"}
{"level":"INFO","message":"[2:02:27.495 PM]: No client config detected."}
{"level":"INFO","message":"[2:02:27.496 PM]: No config file path found. Client config will not be used."}
{"level":"INFO","message":"[2:02:27.497 PM]: Easy Logging is disabled as no config has been found"}
{"level":"INFO","message":"[2:02:27.497 PM]: Connection[id: 8784e51a-1afb-4e36-b3d1-579036c0ed4d] - authentication successful using: SNOWFLAKE"}
{"level":"INFO","message":"[2:02:29.169 PM]: Connection[id: 8784e51a-1afb-4e36-b3d1-579036c0ed4d] - connection established successfully after 1689.72 milliseconds"}
{"level":"INFO","message":"[2:05:52.880 PM]: Creating new connection object"}
{"level":"INFO","message":"[2:05:52.913 PM]: Creating Connection[id: 897b0e23-3113-4569-991b-50b652e02237] with host: QCQMHWR-UUC00658.snowflakecomputing.com, account: QCQMHWR-UUC00658, accessUrl: https://QCQMHWR-UUC00658.snowflakecomputing.com, user: JONAEDD08, role: undefined, database: WORLD_BANK_DB, schema: MACROECONOMICS, warehouse: COMPUTE_WH, proxy was not configured, password is provided, region: undefined, authenticator: SNOWFLAKE, ocsp mode: FAIL_OPEN, os: win32, os version: 10.0.26200"}
{"level":"INFO","message":"[2:05:52.914 PM]: Connection[id: 897b0e23-3113-4569-991b-50b652e02237] additional details: passcode in password is provided, passcode is not provided, private key is not provided, application: undefined, client name: snowflake-sdk, client version: 2.4.0, retry timeout: 300, private key path: undefined, private key pass is not provided, client store temporary credential: false, browser response timeout: 120000"}
{"level":"INFO","message":"[2:05:52.915 PM]: Connection[id: 897b0e23-3113-4569-991b-50b652e02237] - connection object created successfully."}
{"level":"INFO","message":"[2:05:52.916 PM]: Connection[id: 897b0e23-3113-4569-991b-50b652e02237] - async connecting. Associated Snowflake domain: GLOBAL"}
{"level":"INFO","message":"[2:05:52.917 PM]: Trying to initialize Easy Logging"}
{"level":"INFO","message":"[2:05:52.935 PM]: No client config detected."}
{"level":"INFO","message":"[2:05:52.936 PM]: No config file path found. Client config will not be used."}
{"level":"INFO","message":"[2:05:52.936 PM]: Easy Logging is disabled as no config has been found"}
{"level":"INFO","message":"[2:05:52.937 PM]: Connection[id: 897b0e23-3113-4569-991b-50b652e02237] - authentication successful using: SNOWFLAKE"}
{"level":"INFO","message":"[2:05:59.195 PM]: Connection[id: 897b0e23-3113-4569-991b-50b652e02237] - connection established successfully after 6279.03 milliseconds"}
{"level":"INFO","message":"[2:07:55.469 PM]: Creating new connection object"}
{"level":"INFO","message":"[2:07:55.501 PM]: Creating Connection[id: cd7e7b98-f287-4e83-affb-f4f9b3bec72c] with host: QCQMHWR-UUC00658.snowflakecomputing.com, account: QCQMHWR-UUC00658, accessUrl: https://QCQMHWR-UUC00658.snowflakecomputing.com, user: JONAEDD08, role: undefined, database: WORLD_BANK_DB, schema: MACROECONOMICS, warehouse: COMPUTE_WH, proxy was not configured, password is provided, region: undefined, authenticator: SNOWFLAKE, ocsp mode: FAIL_OPEN, os: win32, os version: 10.0.26200"}
{"level":"INFO","message":"[2:07:55.503 PM]: Connection[id: cd7e7b98-f287-4e83-affb-f4f9b3bec72c] additional details: passcode in password is provided, passcode is not provided, private key is not provided, application: undefined, client name: snowflake-sdk, client version: 2.4.0, retry timeout: 300, private key path: undefined, private key pass is not provided, client store temporary credential: false, browser response timeout: 120000"}
{"level":"INFO","message":"[2:07:55.504 PM]: Connection[id: cd7e7b98-f287-4e83-affb-f4f9b3bec72c] - connection object created successfully."}
{"level":"INFO","message":"[2:07:55.505 PM]: Connection[id: cd7e7b98-f287-4e83-affb-f4f9b3bec72c] - async connecting. Associated Snowflake domain: GLOBAL"}
{"level":"INFO","message":"[2:07:55.505 PM]: Trying to initialize Easy Logging"}
{"level":"INFO","message":"[2:07:55.516 PM]: No client config detected."}
{"level":"INFO","message":"[2:07:55.516 PM]: No config file path found. Client config will not be used."}
{"level":"INFO","message":"[2:07:55.517 PM]: Easy Logging is disabled as no config has been found"}
{"level":"INFO","message":"[2:07:55.517 PM]: Connection[id: cd7e7b98-f287-4e83-affb-f4f9b3bec72c] - authentication successful using: SNOWFLAKE"}
{"level":"INFO","message":"[2:07:57.409 PM]: Connection[id: cd7e7b98-f287-4e83-affb-f4f9b3bec72c] - connection established successfully after 1904.4 milliseconds"}
{"level":"INFO","message":"[2:08:01.428 PM]: Creating new connection object"}
{"level":"INFO","message":"[2:08:01.448 PM]: Creating Connection[id: 9218e852-fefc-4d22-a00c-268427cdc86a] with host: QCQMHWR-UUC00658.snowflakecomputing.com, account: QCQMHWR-UUC00658, accessUrl: https://QCQMHWR-UUC00658.snowflakecomputing.com, user: JONAEDD08, role: undefined, database: WORLD_BANK_DB, schema: MACROECONOMICS, warehouse: COMPUTE_WH, proxy was not configured, password is provided, region: undefined, authenticator: SNOWFLAKE, ocsp mode: FAIL_OPEN, os: win32, os version: 10.0.26200"}
{"level":"INFO","message":"[2:08:01.449 PM]: Connection[id: 9218e852-fefc-4d22-a00c-268427cdc86a] additional details: passcode in password is provided, passcode is not provided, private key is not provided, application: undefined, client name: snowflake-sdk, client version: 2.4.0, retry timeout: 300, private key path: undefined, private key pass is not provided, client store temporary credential: false, browser response timeout: 120000"}
{"level":"INFO","message":"[2:08:01.449 PM]: Connection[id: 9218e852-fefc-4d22-a00c-268427cdc86a] - connection object created successfully."}
{"level":"INFO","message":"[2:08:01.450 PM]: Connection[id: 9218e852-fefc-4d22-a00c-268427cdc86a] - async connecting. Associated Snowflake domain: GLOBAL"}
{"level":"INFO","message":"[2:08:01.450 PM]: Trying to initialize Easy Logging"}
{"level":"INFO","message":"[2:08:01.459 PM]: No client config detected."}
{"level":"INFO","message":"[2:08:01.460 PM]: No config file path found. Client config will not be used."}
{"level":"INFO","message":"[2:08:01.460 PM]: Easy Logging is disabled as no config has been found"}
{"level":"INFO","message":"[2:08:01.460 PM]: Connection[id: 9218e852-fefc-4d22-a00c-268427cdc86a] - authentication successful using: SNOWFLAKE"}
{"level":"INFO","message":"[2:08:03.702 PM]: Creating new connection object"}
{"level":"INFO","message":"[2:08:03.721 PM]: Creating Connection[id: cefaa91a-b237-454d-b9c7-6c942291df2b] with host: QCQMHWR-UUC00658.snowflakecomputing.com, account: QCQMHWR-UUC00658, accessUrl: https://QCQMHWR-UUC00658.snowflakecomputing.com, user: JONAEDD08, role: undefined, database: WORLD_BANK_DB, schema: MACROECONOMICS, warehouse: COMPUTE_WH, proxy was not configured, password is provided, region: undefined, authenticator: SNOWFLAKE, ocsp mode: FAIL_OPEN, os: win32, os version: 10.0.26200"}
{"level":"INFO","message":"[2:08:03.722 PM]: Connection[id: cefaa91a-b237-454d-b9c7-6c942291df2b] additional details: passcode in password is provided, passcode is not provided, private key is not provided, application: undefined, client name: snowflake-sdk, client version: 2.4.0, retry timeout: 300, private key path: undefined, private key pass is not provided, client store temporary credential: false, browser response timeout: 120000"}
{"level":"INFO","message":"[2:08:03.722 PM]: Connection[id: cefaa91a-b237-454d-b9c7-6c942291df2b] - connection object created successfully."}
{"level":"INFO","message":"[2:08:03.722 PM]: Connection[id: cefaa91a-b237-454d-b9c7-6c942291df2b] - async connecting. Associated Snowflake domain: GLOBAL"}
{"level":"INFO","message":"[2:08:03.723 PM]: Trying to initialize Easy Logging"}
{"level":"INFO","message":"[2:08:03.730 PM]: No client config detected."}
{"level":"INFO","message":"[2:08:03.731 PM]: No config file path found. Client config will not be used."}
{"level":"INFO","message":"[2:08:03.731 PM]: Easy Logging is disabled as no config has been found"}
{"level":"INFO","message":"[2:08:03.732 PM]: Connection[id: cefaa91a-b237-454d-b9c7-6c942291df2b] - authentication successful using: SNOWFLAKE"}
{"level":"INFO","message":"[2:08:04.241 PM]: Connection[id: cefaa91a-b237-454d-b9c7-6c942291df2b] - connection established successfully after 518.83 milliseconds"}
{"level":"INFO","message":"[2:08:11.471 PM]: Creating new connection object"}
{"level":"INFO","message":"[2:08:11.499 PM]: Creating Connection[id: 67df28f8-0c98-4a84-93b9-4063944c871f] with host: QCQMHWR-UUC00658.snowflakecomputing.com, account: QCQMHWR-UUC00658, accessUrl: https://QCQMHWR-UUC00658.snowflakecomputing.com, user: JONAEDD08, role: undefined, database: WORLD_BANK_DB, schema: MACROECONOMICS, warehouse: COMPUTE_WH, proxy was not configured, password is provided, region: undefined, authenticator: SNOWFLAKE, ocsp mode: FAIL_OPEN, os: win32, os version: 10.0.26200"}
{"level":"INFO","message":"[2:08:11.500 PM]: Connection[id: 67df28f8-0c98-4a84-93b9-4063944c871f] additional details: passcode in password is provided, passcode is not provided, private key is not provided, application: undefined, client name: snowflake-sdk, client version: 2.4.0, retry timeout: 300, private key path: undefined, private key pass is not provided, client store temporary credential: false, browser response timeout: 120000"}
{"level":"INFO","message":"[2:08:11.500 PM]: Connection[id: 67df28f8-0c98-4a84-93b9-4063944c871f] - connection object created successfully."}
{"level":"INFO","message":"[2:08:11.501 PM]: Connection[id: 67df28f8-0c98-4a84-93b9-4063944c871f] - async connecting. Associated Snowflake domain: GLOBAL"}
{"level":"INFO","message":"[2:08:11.502 PM]: Trying to initialize Easy Logging"}
{"level":"INFO","message":"[2:08:11.512 PM]: No client config detected."}
{"level":"INFO","message":"[2:08:11.512 PM]: No config file path found. Client config will not be used."}
{"level":"INFO","message":"[2:08:11.512 PM]: Easy Logging is disabled as no config has been found"}
{"level":"INFO","message":"[2:08:11.513 PM]: Connection[id: 67df28f8-0c98-4a84-93b9-4063944c871f] - authentication successful using: SNOWFLAKE"}
{"level":"INFO","message":"[2:08:12.983 PM]: Creating new connection object"}
{"level":"INFO","message":"[2:08:13.001 PM]: Creating Connection[id: 6e9c70bf-3fb7-454b-9b42-3c4285f346a2] with host: QCQMHWR-UUC00658.snowflakecomputing.com, account: QCQMHWR-UUC00658, accessUrl: https://QCQMHWR-UUC00658.snowflakecomputing.com, user: JONAEDD08, role: undefined, database: WORLD_BANK_DB, schema: MACROECONOMICS, warehouse: COMPUTE_WH, proxy was not configured, password is provided, region: undefined, authenticator: SNOWFLAKE, ocsp mode: FAIL_OPEN, os: win32, os version: 10.0.26200"}
{"level":"INFO","message":"[2:08:13.002 PM]: Connection[id: 6e9c70bf-3fb7-454b-9b42-3c4285f346a2] additional details: passcode in password is provided, passcode is not provided, private key is not provided, application: undefined, client name: snowflake-sdk, client version: 2.4.0, retry timeout: 300, private key path: undefined, private key pass is not provided, client store temporary credential: false, browser response timeout: 120000"}
{"level":"INFO","message":"[2:08:13.002 PM]: Connection[id: 6e9c70bf-3fb7-454b-9b42-3c4285f346a2] - connection object created successfully."}
{"level":"INFO","message":"[2:08:13.004 PM]: Connection[id: 6e9c70bf-3fb7-454b-9b42-3c4285f346a2] - async connecting. Associated Snowflake domain: GLOBAL"}
{"level":"INFO","message":"[2:08:13.005 PM]: Trying to initialize Easy Logging"}
{"level":"INFO","message":"[2:08:13.015 PM]: No client config detected."}
{"level":"INFO","message":"[2:08:13.016 PM]: No config file path found. Client config will not be used."}
{"level":"INFO","message":"[2:08:13.016 PM]: Easy Logging is disabled as no config has been found"}
{"level":"INFO","message":"[2:08:13.017 PM]: Connection[id: 6e9c70bf-3fb7-454b-9b42-3c4285f346a2] - authentication successful using: SNOWFLAKE"}
{"level":"INFO","message":"[2:08:14.222 PM]: Connection[id: 6e9c70bf-3fb7-454b-9b42-3c4285f346a2] - connection established successfully after 1218.54 milliseconds"}
{"level":"INFO","message":"[2:08:19.334 PM]: Creating new connection object"}
{"level":"INFO","message":"[2:08:19.359 PM]: Creating Connection[id: 0645049f-48c6-4a41-a449-98bb1ed356e0] with host: QCQMHWR-UUC00658.snowflakecomputing.com, account: QCQMHWR-UUC00658, accessUrl: https://QCQMHWR-UUC00658.snowflakecomputing.com, user: JONAEDD08, role: undefined, database: WORLD_BANK_DB, schema: MACROECONOMICS, warehouse: COMPUTE_WH, proxy was not configured, password is provided, region: undefined, authenticator: SNOWFLAKE, ocsp mode: FAIL_OPEN, os: win32, os version: 10.0.26200"}
{"level":"INFO","message":"[2:08:19.360 PM]: Connection[id: 0645049f-48c6-4a41-a449-98bb1ed356e0] additional details: passcode in password is provided, passcode is not provided, private key is not provided, application: undefined, client name: snowflake-sdk, client version: 2.4.0, retry timeout: 300, private key path: undefined, private key pass is not provided, client store temporary credential: false, browser response timeout: 120000"}
{"level":"INFO","message":"[2:08:19.360 PM]: Connection[id: 0645049f-48c6-4a41-a449-98bb1ed356e0] - connection object created successfully."}
{"level":"INFO","message":"[2:08:19.361 PM]: Connection[id: 0645049f-48c6-4a41-a449-98bb1ed356e0] - async connecting. Associated Snowflake domain: GLOBAL"}
{"level":"INFO","message":"[2:08:19.362 PM]: Trying to initialize Easy Logging"}
{"level":"INFO","message":"[2:08:19.374 PM]: No client config detected."}
{"level":"INFO","message":"[2:08:19.375 PM]: No config file path found. Client config will not be used."}
{"level":"INFO","message":"[2:08:19.376 PM]: Easy Logging is disabled as no config has been found"}
{"level":"INFO","message":"[2:08:19.376 PM]: Connection[id: 0645049f-48c6-4a41-a449-98bb1ed356e0] - authentication successful using: SNOWFLAKE"}
{"level":"INFO","message":"[2:08:20.330 PM]: Connection[id: 0645049f-48c6-4a41-a449-98bb1ed356e0] - connection established successfully after 968.68 milliseconds"}
{"level":"INFO","message":"[2:08:23.008 PM]: Creating new connection object"}
{"level":"INFO","message":"[2:08:23.042 PM]: Creating Connection[id: 30efe3e9-6352-48cd-9063-5cd97544af27] with host: QCQMHWR-UUC00658.snowflakecomputing.com, account: QCQMHWR-UUC00658, accessUrl: https://QCQMHWR-UUC00658.snowflakecomputing.com, user: JONAEDD08, role: undefined, database: WORLD_BANK_DB, schema: MACROECONOMICS, warehouse: COMPUTE_WH, proxy was not configured, password is provided, region: undefined, authenticator: SNOWFLAKE, ocsp mode: FAIL_OPEN, os: win32, os version: 10.0.26200"}
{"level":"INFO","message":"[2:08:23.043 PM]: Connection[id: 30efe3e9-6352-48cd-9063-5cd97544af27] additional details: passcode in password is provided, passcode is not provided, private key is not provided, application: undefined, client name: snowflake-sdk, client version: 2.4.0, retry timeout: 300, private key path: undefined, private key pass is not provided, client store temporary credential: false, browser response timeout: 120000"}
{"level":"INFO","message":"[2:08:23.044 PM]: Connection[id: 30efe3e9-6352-48cd-9063-5cd97544af27] - connection object created successfully."}
{"level":"INFO","message":"[2:08:23.045 PM]: Connection[id: 30efe3e9-6352-48cd-9063-5cd97544af27] - async connecting. Associated Snowflake domain: GLOBAL"}
{"level":"INFO","message":"[2:08:23.047 PM]: Trying to initialize Easy Logging"}
{"level":"INFO","message":"[2:08:23.061 PM]: No client config detected."}
{"level":"INFO","message":"[2:08:23.062 PM]: No config file path found. Client config will not be used."}
{"level":"INFO","message":"[2:08:23.062 PM]: Easy Logging is disabled as no config has been found"}
{"level":"INFO","message":"[2:08:23.063 PM]: Connection[id: 30efe3e9-6352-48cd-9063-5cd97544af27] - authentication successful using: SNOWFLAKE"}
{"level":"INFO","message":"[2:08:23.618 PM]: Connection[id: 30efe3e9-6352-48cd-9063-5cd97544af27] - connection established successfully after 573.2 milliseconds"}
{"level":"INFO","message":"[2:08:27.766 PM]: Creating new connection object"}
{"level":"INFO","message":"[2:08:27.790 PM]: Creating Connection[id: 1b187c3a-be18-42bc-be60-f73c9c6d137a] with host: QCQMHWR-UUC00658.snowflakecomputing.com, account: QCQMHWR-UUC00658, accessUrl: https://QCQMHWR-UUC00658.snowflakecomputing.com, user: JONAEDD08, role: undefined, database: WORLD_BANK_DB, schema: MACROECONOMICS, warehouse: COMPUTE_WH, proxy was not configured, password is provided, region: undefined, authenticator: SNOWFLAKE, ocsp mode: FAIL_OPEN, os: win32, os version: 10.0.26200"}
{"level":"INFO","message":"[2:08:27.791 PM]: Connection[id: 1b187c3a-be18-42bc-be60-f73c9c6d137a] additional details: passcode in password is provided, passcode is not provided, private key is not provided, application: undefined, client name: snowflake-sdk, client version: 2.4.0, retry timeout: 300, private key path: undefined, private key pass is not provided, client store temporary credential: false, browser response timeout: 120000"}
{"level":"INFO","message":"[2:08:27.791 PM]: Connection[id: 1b187c3a-be18-42bc-be60-f73c9c6d137a] - connection object created successfully."}
{"level":"INFO","message":"[2:08:27.792 PM]: Connection[id: 1b187c3a-be18-42bc-be60-f73c9c6d137a] - async connecting. Associated Snowflake domain: GLOBAL"}
{"level":"INFO","message":"[2:08:27.793 PM]: Trying to initialize Easy Logging"}
{"level":"INFO","message":"[2:08:27.801 PM]: No client config detected."}
{"level":"INFO","message":"[2:08:27.803 PM]: No config file path found. Client config will not be used."}
{"level":"INFO","message":"[2:08:27.803 PM]: Easy Logging is disabled as no config has been found"}
{"level":"INFO","message":"[2:08:27.803 PM]: Connection[id: 1b187c3a-be18-42bc-be60-f73c9c6d137a] - authentication successful using: SNOWFLAKE"}
{"level":"INFO","message":"[2:08:29.069 PM]: Connection[id: 1b187c3a-be18-42bc-be60-f73c9c6d137a] - connection established successfully after 1276.69 milliseconds"}
{"level":"INFO","message":"[2:08:38.228 PM]: Creating new connection object"}
{"level":"INFO","message":"[2:08:38.263 PM]: Creating Connection[id: 3fbad9ba-f74e-4e6b-ac62-8eedb9162d04] with host: QCQMHWR-UUC00658.snowflakecomputing.com, account: QCQMHWR-UUC00658, accessUrl: https://QCQMHWR-UUC00658.snowflakecomputing.com, user: JONAEDD08, role: undefined, database: WORLD_BANK_DB, schema: MACROECONOMICS, warehouse: COMPUTE_WH, proxy was not configured, password is provided, region: undefined, authenticator: SNOWFLAKE, ocsp mode: FAIL_OPEN, os: win32, os version: 10.0.26200"}
{"level":"INFO","message":"[2:08:38.264 PM]: Connection[id: 3fbad9ba-f74e-4e6b-ac62-8eedb9162d04] additional details: passcode in password is provided, passcode is not provided, private key is not provided, application: undefined, client name: snowflake-sdk, client version: 2.4.0, retry timeout: 300, private key path: undefined, private key pass is not provided, client store temporary credential: false, browser response timeout: 120000"}
{"level":"INFO","message":"[2:08:38.264 PM]: Connection[id: 3fbad9ba-f74e-4e6b-ac62-8eedb9162d04] - connection object created successfully."}
{"level":"INFO","message":"[2:08:38.265 PM]: Connection[id: 3fbad9ba-f74e-4e6b-ac62-8eedb9162d04] - async connecting. Associated Snowflake domain: GLOBAL"}
{"level":"INFO","message":"[2:08:38.266 PM]: Trying to initialize Easy Logging"}
{"level":"INFO","message":"[2:08:38.278 PM]: No client config detected."}
{"level":"INFO","message":"[2:08:38.278 PM]: No config file path found. Client config will not be used."}
{"level":"INFO","message":"[2:08:38.279 PM]: Easy Logging is disabled as no config has been found"}
{"level":"INFO","message":"[2:08:38.279 PM]: Connection[id: 3fbad9ba-f74e-4e6b-ac62-8eedb9162d04] - authentication successful using: SNOWFLAKE"}
{"level":"INFO","message":"[2:08:38.825 PM]: Connection[id: 3fbad9ba-f74e-4e6b-ac62-8eedb9162d04] - connection established successfully after 560.26 milliseconds"}
{"level":"INFO","message":"[2:08:42.506 PM]: Creating new connection object"}
{"level":"INFO","message":"[2:08:42.528 PM]: Creating Connection[id: bc13b5a2-5bbd-442e-880e-3c8555a2d086] with host: QCQMHWR-UUC00658.snowflakecomputing.com, account: QCQMHWR-UUC00658, accessUrl: https://QCQMHWR-UUC00658.snowflakecomputing.com, user: JONAEDD08, role: undefined, database: WORLD_BANK_DB, schema: MACROECONOMICS, warehouse: COMPUTE_WH, proxy was not configured, password is provided, region: undefined, authenticator: SNOWFLAKE, ocsp mode: FAIL_OPEN, os: win32, os version: 10.0.26200"}
{"level":"INFO","message":"[2:08:42.528 PM]: Connection[id: bc13b5a2-5bbd-442e-880e-3c8555a2d086] additional details: passcode in password is provided, passcode is not provided, private key is not provided, application: undefined, client name: snowflake-sdk, client version: 2.4.0, retry timeout: 300, private key path: undefined, private key pass is not provided, client store temporary credential: false, browser response timeout: 120000"}
{"level":"INFO","message":"[2:08:42.529 PM]: Connection[id: bc13b5a2-5bbd-442e-880e-3c8555a2d086] - connection object created successfully."}
{"level":"INFO","message":"[2:08:42.529 PM]: Connection[id: bc13b5a2-5bbd-442e-880e-3c8555a2d086] - async connecting. Associated Snowflake domain: GLOBAL"}
{"level":"INFO","message":"[2:08:42.530 PM]: Trying to initialize Easy Logging"}
{"level":"INFO","message":"[2:08:42.541 PM]: No client config detected."}
{"level":"INFO","message":"[2:08:42.541 PM]: No config file path found. Client config will not be used."}
{"level":"INFO","message":"[2:08:42.542 PM]: Easy Logging is disabled as no config has been found"}
{"level":"INFO","message":"[2:08:42.542 PM]: Connection[id: bc13b5a2-5bbd-442e-880e-3c8555a2d086] - authentication successful using: SNOWFLAKE"}
{"level":"INFO","message":"[2:08:44.366 PM]: Creating new connection object"}
{"level":"INFO","message":"[2:08:44.386 PM]: Creating Connection[id: 74769d12-75bf-4d76-ab58-d073b49ef687] with host: QCQMHWR-UUC00658.snowflakecomputing.com, account: QCQMHWR-UUC00658, accessUrl: https://QCQMHWR-UUC00658.snowflakecomputing.com, user: JONAEDD08, role: undefined, database: WORLD_BANK_DB, schema: MACROECONOMICS, warehouse: COMPUTE_WH, proxy was not configured, password is provided, region: undefined, authenticator: SNOWFLAKE, ocsp mode: FAIL_OPEN, os: win32, os version: 10.0.26200"}
{"level":"INFO","message":"[2:08:44.386 PM]: Connection[id: 74769d12-75bf-4d76-ab58-d073b49ef687] additional details: passcode in password is provided, passcode is not provided, private key is not provided, application: undefined, client name: snowflake-sdk, client version: 2.4.0, retry timeout: 300, private key path: undefined, private key pass is not provided, client store temporary credential: false, browser response timeout: 120000"}
{"level":"INFO","message":"[2:08:44.387 PM]: Connection[id: 74769d12-75bf-4d76-ab58-d073b49ef687] - connection object created successfully."}
{"level":"INFO","message":"[2:08:44.387 PM]: Connection[id: 74769d12-75bf-4d76-ab58-d073b49ef687] - async connecting. Associated Snowflake domain: GLOBAL"}
{"level":"INFO","message":"[2:08:44.388 PM]: Trying to initialize Easy Logging"}
{"level":"INFO","message":"[2:08:44.398 PM]: No client config detected."}
{"level":"INFO","message":"[2:08:44.399 PM]: No config file path found. Client config will not be used."}
{"level":"INFO","message":"[2:08:44.400 PM]: Easy Logging is disabled as no config has been found"}
{"level":"INFO","message":"[2:08:44.401 PM]: Connection[id: 74769d12-75bf-4d76-ab58-d073b49ef687] - authentication successful using: SNOWFLAKE"}
{"level":"INFO","message":"[2:08:44.921 PM]: Connection[id: 74769d12-75bf-4d76-ab58-d073b49ef687] - connection established successfully after 533.4 milliseconds"}
{"level":"INFO","message":"[2:08:47.701 PM]: Creating new connection object"}
{"level":"INFO","message":"[2:08:47.724 PM]: Creating Connection[id: 0cf2f8b2-9652-4e6b-8bb0-2a913fa08fc7] with host: QCQMHWR-UUC00658.snowflakecomputing.com, account: QCQMHWR-UUC00658, accessUrl: https://QCQMHWR-UUC00658.snowflakecomputing.com, user: JONAEDD08, role: undefined, database: WORLD_BANK_DB, schema: MACROECONOMICS, warehouse: COMPUTE_WH, proxy was not configured, password is provided, region: undefined, authenticator: SNOWFLAKE, ocsp mode: FAIL_OPEN, os: win32, os version: 10.0.26200"}
{"level":"INFO","message":"[2:08:47.724 PM]: Connection[id: 0cf2f8b2-9652-4e6b-8bb0-2a913fa08fc7] additional details: passcode in password is provided, passcode is not provided, private key is not provided, application: undefined, client name: snowflake-sdk, client version: 2.4.0, retry timeout: 300, private key path: undefined, private key pass is not provided, client store temporary credential: false, browser response timeout: 120000"}
{"level":"INFO","message":"[2:08:47.725 PM]: Connection[id: 0cf2f8b2-9652-4e6b-8bb0-2a913fa08fc7] - connection object created successfully."}
{"level":"INFO","message":"[2:08:47.727 PM]: Connection[id: 0cf2f8b2-9652-4e6b-8bb0-2a913fa08fc7] - async connecting. Associated Snowflake domain: GLOBAL"}
{"level":"INFO","message":"[2:08:47.727 PM]: Trying to initialize Easy Logging"}
{"level":"INFO","message":"[2:08:47.736 PM]: No client config detected."}
{"level":"INFO","message":"[2:08:47.737 PM]: No config file path found. Client config will not be used."}
{"level":"INFO","message":"[2:08:47.737 PM]: Easy Logging is disabled as no config has been found"}
{"level":"INFO","message":"[2:08:47.737 PM]: Connection[id: 0cf2f8b2-9652-4e6b-8bb0-2a913fa08fc7] - authentication successful using: SNOWFLAKE"}
{"level":"INFO","message":"[2:08:48.255 PM]: Connection[id: 0cf2f8b2-9652-4e6b-8bb0-2a913fa08fc7] - connection established successfully after 528.69 milliseconds"}
{"level":"INFO","message":"[2:08:52.937 PM]: Creating new connection object"}
{"level":"INFO","message":"[2:08:52.958 PM]: Creating Connection[id: 01b24728-7fd3-40c4-828c-0e9bcdd82343] with host: QCQMHWR-UUC00658.snowflakecomputing.com, account: QCQMHWR-UUC00658, accessUrl: https://QCQMHWR-UUC00658.snowflakecomputing.com, user: JONAEDD08, role: undefined, database: WORLD_BANK_DB, schema: MACROECONOMICS, warehouse: COMPUTE_WH, proxy was not configured, password is provided, region: undefined, authenticator: SNOWFLAKE, ocsp mode: FAIL_OPEN, os: win32, os version: 10.0.26200"}
{"level":"INFO","message":"[2:08:52.959 PM]: Connection[id: 01b24728-7fd3-40c4-828c-0e9bcdd82343] additional details: passcode in password is provided, passcode is not provided, private key is not provided, application: undefined, client name: snowflake-sdk, client version: 2.4.0, retry timeout: 300, private key path: undefined, private key pass is not provided, client store temporary credential: false, browser response timeout: 120000"}
{"level":"INFO","message":"[2:08:52.959 PM]: Connection[id: 01b24728-7fd3-40c4-828c-0e9bcdd82343] - connection object created successfully."}
{"level":"INFO","message":"[2:08:52.959 PM]: Connection[id: 01b24728-7fd3-40c4-828c-0e9bcdd82343] - async connecting. Associated Snowflake domain: GLOBAL"}
{"level":"INFO","message":"[2:08:52.960 PM]: Trying to initialize Easy Logging"}
{"level":"INFO","message":"[2:08:52.968 PM]: No client config detected."}
{"level":"INFO","message":"[2:08:52.969 PM]: No config file path found. Client config will not be used."}
{"level":"INFO","message":"[2:08:52.969 PM]: Easy Logging is disabled as no config has been found"}
{"level":"INFO","message":"[2:08:52.970 PM]: Connection[id: 01b24728-7fd3-40c4-828c-0e9bcdd82343] - authentication successful using: SNOWFLAKE"}
{"level":"INFO","message":"[2:08:53.489 PM]: Connection[id: 01b24728-7fd3-40c4-828c-0e9bcdd82343] - connection established successfully after 530.03 milliseconds"}
{"level":"INFO","message":"[2:09:01.685 PM]: Creating new connection object"}
{"level":"INFO","message":"[2:09:01.706 PM]: Creating Connection[id: aaba61f0-05fd-40f0-8e23-bc09b1bfdbc1] with host: QCQMHWR-UUC00658.snowflakecomputing.com, account: QCQMHWR-UUC00658, accessUrl: https://QCQMHWR-UUC00658.snowflakecomputing.com, user: JONAEDD08, role: undefined, database: WORLD_BANK_DB, schema: MACROECONOMICS, warehouse: COMPUTE_WH, proxy was not configured, password is provided, region: undefined, authenticator: SNOWFLAKE, ocsp mode: FAIL_OPEN, os: win32, os version: 10.0.26200"}
{"level":"INFO","message":"[2:09:01.706 PM]: Connection[id: aaba61f0-05fd-40f0-8e23-bc09b1bfdbc1] additional details: passcode in password is provided, passcode is not provided, private key is not provided, application: undefined, client name: snowflake-sdk, client version: 2.4.0, retry timeout: 300, private key path: undefined, private key pass is not provided, client store temporary credential: false, browser response timeout: 120000"}
{"level":"INFO","message":"[2:09:01.707 PM]: Connection[id: aaba61f0-05fd-40f0-8e23-bc09b1bfdbc1] - connection object created successfully."}
{"level":"INFO","message":"[2:09:01.708 PM]: Connection[id: aaba61f0-05fd-40f0-8e23-bc09b1bfdbc1] - async connecting. Associated Snowflake domain: GLOBAL"}
{"level":"INFO","message":"[2:09:01.708 PM]: Trying to initialize Easy Logging"}
{"level":"INFO","message":"[2:09:01.718 PM]: No client config detected."}
{"level":"INFO","message":"[2:09:01.718 PM]: No config file path found. Client config will not be used."}
{"level":"INFO","message":"[2:09:01.718 PM]: Easy Logging is disabled as no config has been found"}
{"level":"INFO","message":"[2:09:01.719 PM]: Connection[id: aaba61f0-05fd-40f0-8e23-bc09b1bfdbc1] - authentication successful using: SNOWFLAKE"}
{"level":"INFO","message":"[2:09:03.491 PM]: Connection[id: aaba61f0-05fd-40f0-8e23-bc09b1bfdbc1] - connection established successfully after 1783.14 milliseconds"}
{"level":"INFO","message":"[2:09:14.692 PM]: Creating new connection object"}
{"level":"INFO","message":"[2:09:14.713 PM]: Creating Connection[id: 740ff4dd-02a9-4f2b-8682-089dda2d54c2] with host: QCQMHWR-UUC00658.snowflakecomputing.com, account: QCQMHWR-UUC00658, accessUrl: https://QCQMHWR-UUC00658.snowflakecomputing.com, user: JONAEDD08, role: undefined, database: WORLD_BANK_DB, schema: MACROECONOMICS, warehouse: COMPUTE_WH, proxy was not configured, password is provided, region: undefined, authenticator: SNOWFLAKE, ocsp mode: FAIL_OPEN, os: win32, os version: 10.0.26200"}
{"level":"INFO","message":"[2:09:14.714 PM]: Connection[id: 740ff4dd-02a9-4f2b-8682-089dda2d54c2] additional details: passcode in password is provided, passcode is not provided, private key is not provided, application: undefined, client name: snowflake-sdk, client version: 2.4.0, retry timeout: 300, private key path: undefined, private key pass is not provided, client store temporary credential: false, browser response timeout: 120000"}
{"level":"INFO","message":"[2:09:14.714 PM]: Connection[id: 740ff4dd-02a9-4f2b-8682-089dda2d54c2] - connection object created successfully."}
{"level":"INFO","message":"[2:09:14.715 PM]: Connection[id: 740ff4dd-02a9-4f2b-8682-089dda2d54c2] - async connecting. Associated Snowflake domain: GLOBAL"}
{"level":"INFO","message":"[2:09:14.716 PM]: Trying to initialize Easy Logging"}
{"level":"INFO","message":"[2:09:14.725 PM]: No client config detected."}
{"level":"INFO","message":"[2:09:14.725 PM]: No config file path found. Client config will not be used."}
{"level":"INFO","message":"[2:09:14.726 PM]: Easy Logging is disabled as no config has been found"}
{"level":"INFO","message":"[2:09:14.726 PM]: Connection[id: 740ff4dd-02a9-4f2b-8682-089dda2d54c2] - authentication successful using: SNOWFLAKE"}
{"level":"INFO","message":"[2:09:15.935 PM]: Connection[id: 740ff4dd-02a9-4f2b-8682-089dda2d54c2] - connection established successfully after 1220.28 milliseconds"}
{"level":"INFO","message":"[2:09:19.448 PM]: Creating new connection object"}
{"level":"INFO","message":"[2:09:19.472 PM]: Creating Connection[id: 790b37a3-a68f-46ea-82df-67a59602db89] with host: QCQMHWR-UUC00658.snowflakecomputing.com, account: QCQMHWR-UUC00658, accessUrl: https://QCQMHWR-UUC00658.snowflakecomputing.com, user: JONAEDD08, role: undefined, database: WORLD_BANK_DB, schema: MACROECONOMICS, warehouse: COMPUTE_WH, proxy was not configured, password is provided, region: undefined, authenticator: SNOWFLAKE, ocsp mode: FAIL_OPEN, os: win32, os version: 10.0.26200"}
{"level":"INFO","message":"[2:09:19.472 PM]: Connection[id: 790b37a3-a68f-46ea-82df-67a59602db89] additional details: passcode in password is provided, passcode is not provided, private key is not provided, application: undefined, client name: snowflake-sdk, client version: 2.4.0, retry timeout: 300, private key path: undefined, private key pass is not provided, client store temporary credential: false, browser response timeout: 120000"}
{"level":"INFO","message":"[2:09:19.473 PM]: Connection[id: 790b37a3-a68f-46ea-82df-67a59602db89] - connection object created successfully."}
{"level":"INFO","message":"[2:09:19.474 PM]: Connection[id: 790b37a3-a68f-46ea-82df-67a59602db89] - async connecting. Associated Snowflake domain: GLOBAL"}
{"level":"INFO","message":"[2:09:19.475 PM]: Trying to initialize Easy Logging"}
{"level":"INFO","message":"[2:09:19.489 PM]: No client config detected."}
{"level":"INFO","message":"[2:09:19.490 PM]: No config file path found. Client config will not be used."}
{"level":"INFO","message":"[2:09:19.490 PM]: Easy Logging is disabled as no config has been found"}
{"level":"INFO","message":"[2:09:19.491 PM]: Connection[id: 790b37a3-a68f-46ea-82df-67a59602db89] - authentication successful using: SNOWFLAKE"}
{"level":"INFO","message":"[2:09:20.110 PM]: Connection[id: 790b37a3-a68f-46ea-82df-67a59602db89] - connection established successfully after 636.07 milliseconds"}
{"level":"INFO","message":"[2:09:23.382 PM]: Creating new connection object"}
{"level":"INFO","message":"[2:09:23.407 PM]: Creating Connection[id: 98cd34fc-1b8b-4dfa-b5e9-fd093d1d90fb] with host: QCQMHWR-UUC00658.snowflakecomputing.com, account: QCQMHWR-UUC00658, accessUrl: https://QCQMHWR-UUC00658.snowflakecomputing.com, user: JONAEDD08, role: undefined, database: WORLD_BANK_DB, schema: MACROECONOMICS, warehouse: COMPUTE_WH, proxy was not configured, password is provided, region: undefined, authenticator: SNOWFLAKE, ocsp mode: FAIL_OPEN, os: win32, os version: 10.0.26200"}
{"level":"INFO","message":"[2:09:23.408 PM]: Connection[id: 98cd34fc-1b8b-4dfa-b5e9-fd093d1d90fb] additional details: passcode in password is provided, passcode is not provided, private key is not provided, application: undefined, client name: snowflake-sdk, client version: 2.4.0, retry timeout: 300, private key path: undefined, private key pass is not provided, client store temporary credential: false, browser response timeout: 120000"}
{"level":"INFO","message":"[2:09:23.408 PM]: Connection[id: 98cd34fc-1b8b-4dfa-b5e9-fd093d1d90fb] - connection object created successfully."}
{"level":"INFO","message":"[2:09:23.409 PM]: Connection[id: 98cd34fc-1b8b-4dfa-b5e9-fd093d1d90fb] - async connecting. Associated Snowflake domain: GLOBAL"}
{"level":"INFO","message":"[2:09:23.409 PM]: Trying to initialize Easy Logging"}
{"level":"INFO","message":"[2:09:23.419 PM]: No client config detected."}
{"level":"INFO","message":"[2:09:23.419 PM]: No config file path found. Client config will not be used."}
{"level":"INFO","message":"[2:09:23.420 PM]: Easy Logging is disabled as no config has been found"}
{"level":"INFO","message":"[2:09:23.420 PM]: Connection[id: 98cd34fc-1b8b-4dfa-b5e9-fd093d1d90fb] - authentication successful using: SNOWFLAKE"}
{"level":"INFO","message":"[2:09:24.748 PM]: Connection[id: 98cd34fc-1b8b-4dfa-b5e9-fd093d1d90fb] - connection established successfully after 1338.72 milliseconds"}
{"level":"INFO","message":"[2:09:31.379 PM]: Creating new connection object"}
{"level":"INFO","message":"[2:09:31.423 PM]: Creating Connection[id: 6d21dada-1456-4966-8b2d-37249fd9d95f] with host: QCQMHWR-UUC00658.snowflakecomputing.com, account: QCQMHWR-UUC00658, accessUrl: https://QCQMHWR-UUC00658.snowflakecomputing.com, user: JONAEDD08, role: undefined, database: WORLD_BANK_DB, schema: MACROECONOMICS, warehouse: COMPUTE_WH, proxy was not configured, password is provided, region: undefined, authenticator: SNOWFLAKE, ocsp mode: FAIL_OPEN, os: win32, os version: 10.0.26200"}
{"level":"INFO","message":"[2:09:31.423 PM]: Connection[id: 6d21dada-1456-4966-8b2d-37249fd9d95f] additional details: passcode in password is provided, passcode is not provided, private key is not provided, application: undefined, client name: snowflake-sdk, client version: 2.4.0, retry timeout: 300, private key path: undefined, private key pass is not provided, client store temporary credential: false, browser response timeout: 120000"}
{"level":"INFO","message":"[2:09:31.424 PM]: Connection[id: 6d21dada-1456-4966-8b2d-37249fd9d95f] - connection object created successfully."}
{"level":"INFO","message":"[2:09:31.425 PM]: Connection[id: 6d21dada-1456-4966-8b2d-37249fd9d95f] - async connecting. Associated Snowflake domain: GLOBAL"}
{"level":"INFO","message":"[2:09:31.426 PM]: Trying to initialize Easy Logging"}
{"level":"INFO","message":"[2:09:31.443 PM]: No client config detected."}
{"level":"INFO","message":"[2:09:31.444 PM]: No config file path found. Client config will not be used."}
{"level":"INFO","message":"[2:09:31.444 PM]: Easy Logging is disabled as no config has been found"}
{"level":"INFO","message":"[2:09:31.446 PM]: Connection[id: 6d21dada-1456-4966-8b2d-37249fd9d95f] - authentication successful using: SNOWFLAKE"}
{"level":"INFO","message":"[2:09:32.716 PM]: Connection[id: 6d21dada-1456-4966-8b2d-37249fd9d95f] - connection established successfully after 1291.14 milliseconds"}
{"level":"INFO","message":"[2:09:37.221 PM]: Creating new connection object"}
{"level":"INFO","message":"[2:09:37.245 PM]: Creating Connection[id: e476b0c8-5b24-4951-8ce2-76ace393aa8f] with host: QCQMHWR-UUC00658.snowflakecomputing.com, account: QCQMHWR-UUC00658, accessUrl: https://QCQMHWR-UUC00658.snowflakecomputing.com, user: JONAEDD08, role: undefined, database: WORLD_BANK_DB, schema: MACROECONOMICS, warehouse: COMPUTE_WH, proxy was not configured, password is provided, region: undefined, authenticator: SNOWFLAKE, ocsp mode: FAIL_OPEN, os: win32, os version: 10.0.26200"}
{"level":"INFO","message":"[2:09:37.245 PM]: Connection[id: e476b0c8-5b24-4951-8ce2-76ace393aa8f] additional details: passcode in password is provided, passcode is not provided, private key is not provided, application: undefined, client name: snowflake-sdk, client version: 2.4.0, retry timeout: 300, private key path: undefined, private key pass is not provided, client store temporary credential: false, browser response timeout: 120000"}
{"level":"INFO","message":"[2:09:37.246 PM]: Connection[id: e476b0c8-5b24-4951-8ce2-76ace393aa8f] - connection object created successfully."}
{"level":"INFO","message":"[2:09:37.247 PM]: Connection[id: e476b0c8-5b24-4951-8ce2-76ace393aa8f] - async connecting. Associated Snowflake domain: GLOBAL"}
{"level":"INFO","message":"[2:09:37.248 PM]: Trying to initialize Easy Logging"}
{"level":"INFO","message":"[2:09:37.258 PM]: No client config detected."}
{"level":"INFO","message":"[2:09:37.259 PM]: No config file path found. Client config will not be used."}
{"level":"INFO","message":"[2:09:37.259 PM]: Easy Logging is disabled as no config has been found"}
{"level":"INFO","message":"[2:09:37.260 PM]: Connection[id: e476b0c8-5b24-4951-8ce2-76ace393aa8f] - authentication successful using: SNOWFLAKE"}
{"level":"INFO","message":"[2:09:39.065 PM]: Creating new connection object"}
{"level":"INFO","message":"[2:09:39.088 PM]: Creating Connection[id: 3c220d9a-fe17-44a0-b5b3-43f8927f2285] with host: QCQMHWR-UUC00658.snowflakecomputing.com, account: QCQMHWR-UUC00658, accessUrl: https://QCQMHWR-UUC00658.snowflakecomputing.com, user: JONAEDD08, role: undefined, database: WORLD_BANK_DB, schema: MACROECONOMICS, warehouse: COMPUTE_WH, proxy was not configured, password is provided, region: undefined, authenticator: SNOWFLAKE, ocsp mode: FAIL_OPEN, os: win32, os version: 10.0.26200"}
{"level":"INFO","message":"[2:09:39.088 PM]: Connection[id: 3c220d9a-fe17-44a0-b5b3-43f8927f2285] additional details: passcode in password is provided, passcode is not provided, private key is not provided, application: undefined, client name: snowflake-sdk, client version: 2.4.0, retry timeout: 300, private key path: undefined, private key pass is not provided, client store temporary credential: false, browser response timeout: 120000"}
{"level":"INFO","message":"[2:09:39.089 PM]: Connection[id: 3c220d9a-fe17-44a0-b5b3-43f8927f2285] - connection object created successfully."}
{"level":"INFO","message":"[2:09:39.089 PM]: Connection[id: 3c220d9a-fe17-44a0-b5b3-43f8927f2285] - async connecting. Associated Snowflake domain: GLOBAL"}
{"level":"INFO","message":"[2:09:39.090 PM]: Trying to initialize Easy Logging"}
{"level":"INFO","message":"[2:09:39.099 PM]: No client config detected."}
{"level":"INFO","message":"[2:09:39.099 PM]: No config file path found. Client config will not be used."}
{"level":"INFO","message":"[2:09:39.099 PM]: Easy Logging is disabled as no config has been found"}
{"level":"INFO","message":"[2:09:39.100 PM]: Connection[id: 3c220d9a-fe17-44a0-b5b3-43f8927f2285] - authentication successful using: SNOWFLAKE"}
{"level":"INFO","message":"[2:09:39.621 PM]: Connection[id: 3c220d9a-fe17-44a0-b5b3-43f8927f2285] - connection established successfully after 531.18 milliseconds"}
{"level":"INFO","message":"[2:09:44.023 PM]: Creating new connection object"}
{"level":"INFO","message":"[2:09:44.048 PM]: Creating Connection[id: 4a421ce7-a634-43e5-84e8-f773e4d9ea2e] with host: QCQMHWR-UUC00658.snowflakecomputing.com, account: QCQMHWR-UUC00658, accessUrl: https://QCQMHWR-UUC00658.snowflakecomputing.com, user: JONAEDD08, role: undefined, database: WORLD_BANK_DB, schema: MACROECONOMICS, warehouse: COMPUTE_WH, proxy was not configured, password is provided, region: undefined, authenticator: SNOWFLAKE, ocsp mode: FAIL_OPEN, os: win32, os version: 10.0.26200"}
{"level":"INFO","message":"[2:09:44.049 PM]: Connection[id: 4a421ce7-a634-43e5-84e8-f773e4d9ea2e] additional details: passcode in password is provided, passcode is not provided, private key is not provided, application: undefined, client name: snowflake-sdk, client version: 2.4.0, retry timeout: 300, private key path: undefined, private key pass is not provided, client store temporary credential: false, browser response timeout: 120000"}
{"level":"INFO","message":"[2:09:44.050 PM]: Connection[id: 4a421ce7-a634-43e5-84e8-f773e4d9ea2e] - connection object created successfully."}
{"level":"INFO","message":"[2:09:44.051 PM]: Connection[id: 4a421ce7-a634-43e5-84e8-f773e4d9ea2e] - async connecting. Associated Snowflake domain: GLOBAL"}
{"level":"INFO","message":"[2:09:44.051 PM]: Trying to initialize Easy Logging"}
{"level":"INFO","message":"[2:09:44.062 PM]: No client config detected."}
{"level":"INFO","message":"[2:09:44.063 PM]: No config file path found. Client config will not be used."}
{"level":"INFO","message":"[2:09:44.063 PM]: Easy Logging is disabled as no config has been found"}
{"level":"INFO","message":"[2:09:44.064 PM]: Connection[id: 4a421ce7-a634-43e5-84e8-f773e4d9ea2e] - authentication successful using: SNOWFLAKE"}
{"level":"INFO","message":"[2:09:44.690 PM]: Connection[id: 4a421ce7-a634-43e5-84e8-f773e4d9ea2e] - connection established successfully after 639.42 milliseconds"}
{"level":"INFO","message":"[2:09:48.340 PM]: Creating new connection object"}
{"level":"INFO","message":"[2:09:48.362 PM]: Creating Connection[id: 756188c2-271d-43f3-9d65-42aa5ddd195f] with host: QCQMHWR-UUC00658.snowflakecomputing.com, account: QCQMHWR-UUC00658, accessUrl: https://QCQMHWR-UUC00658.snowflakecomputing.com, user: JONAEDD08, role: undefined, database: WORLD_BANK_DB, schema: MACROECONOMICS, warehouse: COMPUTE_WH, proxy was not configured, password is provided, region: undefined, authenticator: SNOWFLAKE, ocsp mode: FAIL_OPEN, os: win32, os version: 10.0.26200"}
{"level":"INFO","message":"[2:09:48.363 PM]: Connection[id: 756188c2-271d-43f3-9d65-42aa5ddd195f] additional details: passcode in password is provided, passcode is not provided, private key is not provided, application: undefined, client name: snowflake-sdk, client version: 2.4.0, retry timeout: 300, private key path: undefined, private key pass is not provided, client store temporary credential: false, browser response timeout: 120000"}
{"level":"INFO","message":"[2:09:48.364 PM]: Connection[id: 756188c2-271d-43f3-9d65-42aa5ddd195f] - connection object created successfully."}
{"level":"INFO","message":"[2:09:48.365 PM]: Connection[id: 756188c2-271d-43f3-9d65-42aa5ddd195f] - async connecting. Associated Snowflake domain: GLOBAL"}
{"level":"INFO","message":"[2:09:48.366 PM]: Trying to initialize Easy Logging"}
{"level":"INFO","message":"[2:09:48.378 PM]: No client config detected."}
{"level":"INFO","message":"[2:09:48.379 PM]: No config file path found. Client config will not be used."}
{"level":"INFO","message":"[2:09:48.379 PM]: Easy Logging is disabled as no config has been found"}
{"level":"INFO","message":"[2:09:48.379 PM]: Connection[id: 756188c2-271d-43f3-9d65-42aa5ddd195f] - authentication successful using: SNOWFLAKE"}
{"level":"INFO","message":"[2:09:50.422 PM]: Connection[id: 756188c2-271d-43f3-9d65-42aa5ddd195f] - connection established successfully after 2056.8 milliseconds"}
{"level":"INFO","message":"[2:09:53.024 PM]: Creating new connection object"}
{"level":"INFO","message":"[2:09:53.047 PM]: Creating Connection[id: de0bc2c8-34ef-4f52-9729-224e08a2d838] with host: QCQMHWR-UUC00658.snowflakecomputing.com, account: QCQMHWR-UUC00658, accessUrl: https://QCQMHWR-UUC00658.snowflakecomputing.com, user: JONAEDD08, role: undefined, database: WORLD_BANK_DB, schema: MACROECONOMICS, warehouse: COMPUTE_WH, proxy was not configured, password is provided, region: undefined, authenticator: SNOWFLAKE, ocsp mode: FAIL_OPEN, os: win32, os version: 10.0.26200"}
{"level":"INFO","message":"[2:09:53.048 PM]: Connection[id: de0bc2c8-34ef-4f52-9729-224e08a2d838] additional details: passcode in password is provided, passcode is not provided, private key is not provided, application: undefined, client name: snowflake-sdk, client version: 2.4.0, retry timeout: 300, private key path: undefined, private key pass is not provided, client store temporary credential: false, browser response timeout: 120000"}
{"level":"INFO","message":"[2:09:53.049 PM]: Connection[id: de0bc2c8-34ef-4f52-9729-224e08a2d838] - connection object created successfully."}
{"level":"INFO","message":"[2:09:53.050 PM]: Connection[id: de0bc2c8-34ef-4f52-9729-224e08a2d838] - async connecting. Associated Snowflake domain: GLOBAL"}
{"level":"INFO","message":"[2:09:53.051 PM]: Trying to initialize Easy Logging"}
{"level":"INFO","message":"[2:09:53.071 PM]: No client config detected."}
{"level":"INFO","message":"[2:09:53.071 PM]: No config file path found. Client config will not be used."}
{"level":"INFO","message":"[2:09:53.072 PM]: Easy Logging is disabled as no config has been found"}
{"level":"INFO","message":"[2:09:53.072 PM]: Connection[id: de0bc2c8-34ef-4f52-9729-224e08a2d838] - authentication successful using: SNOWFLAKE"}
{"level":"INFO","message":"[2:09:53.633 PM]: Connection[id: de0bc2c8-34ef-4f52-9729-224e08a2d838] - connection established successfully after 583.54 milliseconds"}
{"level":"INFO","message":"[2:09:58.897 PM]: Creating new connection object"}
{"level":"INFO","message":"[2:09:58.918 PM]: Creating Connection[id: fecccfa4-20f0-42d4-a2fb-c97a5b273c69] with host: QCQMHWR-UUC00658.snowflakecomputing.com, account: QCQMHWR-UUC00658, accessUrl: https://QCQMHWR-UUC00658.snowflakecomputing.com, user: JONAEDD08, role: undefined, database: WORLD_BANK_DB, schema: MACROECONOMICS, warehouse: COMPUTE_WH, proxy was not configured, password is provided, region: undefined, authenticator: SNOWFLAKE, ocsp mode: FAIL_OPEN, os: win32, os version: 10.0.26200"}
{"level":"INFO","message":"[2:09:58.919 PM]: Connection[id: fecccfa4-20f0-42d4-a2fb-c97a5b273c69] additional details: passcode in password is provided, passcode is not provided, private key is not provided, application: undefined, client name: snowflake-sdk, client version: 2.4.0, retry timeout: 300, private key path: undefined, private key pass is not provided, client store temporary credential: false, browser response timeout: 120000"}
{"level":"INFO","message":"[2:09:58.919 PM]: Connection[id: fecccfa4-20f0-42d4-a2fb-c97a5b273c69] - connection object created successfully."}
{"level":"INFO","message":"[2:09:58.920 PM]: Connection[id: fecccfa4-20f0-42d4-a2fb-c97a5b273c69] - async connecting. Associated Snowflake domain: GLOBAL"}
{"level":"INFO","message":"[2:09:58.921 PM]: Trying to initialize Easy Logging"}
{"level":"INFO","message":"[2:09:58.932 PM]: No client config detected."}
{"level":"INFO","message":"[2:09:58.932 PM]: No config file path found. Client config will not be used."}
{"level":"INFO","message":"[2:09:58.933 PM]: Easy Logging is disabled as no config has been found"}
{"level":"INFO","message":"[2:09:58.933 PM]: Connection[id: fecccfa4-20f0-42d4-a2fb-c97a5b273c69] - authentication successful using: SNOWFLAKE"}
{"level":"INFO","message":"[2:09:59.487 PM]: Connection[id: fecccfa4-20f0-42d4-a2fb-c97a5b273c69] - connection established successfully after 566.39 milliseconds"}
{"level":"INFO","message":"[2:10:24.321 PM]: Creating new connection object"}
{"level":"INFO","message":"[2:10:24.351 PM]: Creating Connection[id: 4637a771-4d56-4f68-a7a9-191f6920678e] with host: QCQMHWR-UUC00658.snowflakecomputing.com, account: QCQMHWR-UUC00658, accessUrl: https://QCQMHWR-UUC00658.snowflakecomputing.com, user: JONAEDD08, role: undefined, database: WORLD_BANK_DB, schema: MACROECONOMICS, warehouse: COMPUTE_WH, proxy was not configured, password is provided, region: undefined, authenticator: SNOWFLAKE, ocsp mode: FAIL_OPEN, os: win32, os version: 10.0.26200"}
{"level":"INFO","message":"[2:10:24.351 PM]: Connection[id: 4637a771-4d56-4f68-a7a9-191f6920678e] additional details: passcode in password is provided, passcode is not provided, private key is not provided, application: undefined, client name: snowflake-sdk, client version: 2.4.0, retry timeout: 300, private key path: undefined, private key pass is not provided, client store temporary credential: false, browser response timeout: 120000"}
{"level":"INFO","message":"[2:10:24.352 PM]: Connection[id: 4637a771-4d56-4f68-a7a9-191f6920678e] - connection object created successfully."}
{"level":"INFO","message":"[2:10:24.353 PM]: Connection[id: 4637a771-4d56-4f68-a7a9-191f6920678e] - async connecting. Associated Snowflake domain: GLOBAL"}
{"level":"INFO","message":"[2:10:24.353 PM]: Trying to initialize Easy Logging"}
{"level":"INFO","message":"[2:10:24.363 PM]: No client config detected."}
{"level":"INFO","message":"[2:10:24.363 PM]: No config file path found. Client config will not be used."}
{"level":"INFO","message":"[2:10:24.363 PM]: Easy Logging is disabled as no config has been found"}
{"level":"INFO","message":"[2:10:24.364 PM]: Connection[id: 4637a771-4d56-4f68-a7a9-191f6920678e] - authentication successful using: SNOWFLAKE"}
{"level":"INFO","message":"[2:10:25.885 PM]: Connection[id: 4637a771-4d56-4f68-a7a9-191f6920678e] - connection established successfully after 1532.44 milliseconds"}
{"level":"INFO","message":"[2:10:27.570 PM]: Creating new connection object"}
{"level":"INFO","message":"[2:10:27.591 PM]: Creating Connection[id: c59ac989-f09a-47ba-813d-7bb4fb4641a2] with host: QCQMHWR-UUC00658.snowflakecomputing.com, account: QCQMHWR-UUC00658, accessUrl: https://QCQMHWR-UUC00658.snowflakecomputing.com, user: JONAEDD08, role: undefined, database: WORLD_BANK_DB, schema: MACROECONOMICS, warehouse: COMPUTE_WH, proxy was not configured, password is provided, region: undefined, authenticator: SNOWFLAKE, ocsp mode: FAIL_OPEN, os: win32, os version: 10.0.26200"}
{"level":"INFO","message":"[2:10:27.592 PM]: Connection[id: c59ac989-f09a-47ba-813d-7bb4fb4641a2] additional details: passcode in password is provided, passcode is not provided, private key is not provided, application: undefined, client name: snowflake-sdk, client version: 2.4.0, retry timeout: 300, private key path: undefined, private key pass is not provided, client store temporary credential: false, browser response timeout: 120000"}
{"level":"INFO","message":"[2:10:27.592 PM]: Connection[id: c59ac989-f09a-47ba-813d-7bb4fb4641a2] - connection object created successfully."}
{"level":"INFO","message":"[2:10:27.593 PM]: Connection[id: c59ac989-f09a-47ba-813d-7bb4fb4641a2] - async connecting. Associated Snowflake domain: GLOBAL"}
{"level":"INFO","message":"[2:10:27.594 PM]: Trying to initialize Easy Logging"}
{"level":"INFO","message":"[2:10:27.602 PM]: No client config detected."}
{"level":"INFO","message":"[2:10:27.603 PM]: No config file path found. Client config will not be used."}
{"level":"INFO","message":"[2:10:27.603 PM]: Easy Logging is disabled as no config has been found"}
{"level":"INFO","message":"[2:10:27.603 PM]: Connection[id: c59ac989-f09a-47ba-813d-7bb4fb4641a2] - authentication successful using: SNOWFLAKE"}
{"level":"INFO","message":"[2:10:28.131 PM]: Connection[id: c59ac989-f09a-47ba-813d-7bb4fb4641a2] - connection established successfully after 538.18 milliseconds"}
{"level":"INFO","message":"[2:10:30.207 PM]: Creating new connection object"}
{"level":"INFO","message":"[2:10:30.228 PM]: Creating Connection[id: d1ec5dfd-6ceb-4a94-a454-c08709066b03] with host: QCQMHWR-UUC00658.snowflakecomputing.com, account: QCQMHWR-UUC00658, accessUrl: https://QCQMHWR-UUC00658.snowflakecomputing.com, user: JONAEDD08, role: undefined, database: WORLD_BANK_DB, schema: MACROECONOMICS, warehouse: COMPUTE_WH, proxy was not configured, password is provided, region: undefined, authenticator: SNOWFLAKE, ocsp mode: FAIL_OPEN, os: win32, os version: 10.0.26200"}
{"level":"INFO","message":"[2:10:30.229 PM]: Connection[id: d1ec5dfd-6ceb-4a94-a454-c08709066b03] additional details: passcode in password is provided, passcode is not provided, private key is not provided, application: undefined, client name: snowflake-sdk, client version: 2.4.0, retry timeout: 300, private key path: undefined, private key pass is not provided, client store temporary credential: false, browser response timeout: 120000"}
{"level":"INFO","message":"[2:10:30.229 PM]: Connection[id: d1ec5dfd-6ceb-4a94-a454-c08709066b03] - connection object created successfully."}
{"level":"INFO","message":"[2:10:30.230 PM]: Connection[id: d1ec5dfd-6ceb-4a94-a454-c08709066b03] - async connecting. Associated Snowflake domain: GLOBAL"}
{"level":"INFO","message":"[2:10:30.230 PM]: Trying to initialize Easy Logging"}
{"level":"INFO","message":"[2:10:30.241 PM]: No client config detected."}
{"level":"INFO","message":"[2:10:30.242 PM]: No config file path found. Client config will not be used."}
{"level":"INFO","message":"[2:10:30.242 PM]: Easy Logging is disabled as no config has been found"}
{"level":"INFO","message":"[2:10:30.242 PM]: Connection[id: d1ec5dfd-6ceb-4a94-a454-c08709066b03] - authentication successful using: SNOWFLAKE"}
{"level":"INFO","message":"[2:10:30.752 PM]: Connection[id: d1ec5dfd-6ceb-4a94-a454-c08709066b03] - connection established successfully after 522.49 milliseconds"}
{"level":"INFO","message":"[2:10:36.870 PM]: Creating new connection object"}
{"level":"INFO","message":"[2:10:36.895 PM]: Creating Connection[id: 9f7d0032-fb7f-4fa6-ab5e-ba017ebb77d7] with host: QCQMHWR-UUC00658.snowflakecomputing.com, account: QCQMHWR-UUC00658, accessUrl: https://QCQMHWR-UUC00658.snowflakecomputing.com, user: JONAEDD08, role: undefined, database: WORLD_BANK_DB, schema: MACROECONOMICS, warehouse: COMPUTE_WH, proxy was not configured, password is provided, region: undefined, authenticator: SNOWFLAKE, ocsp mode: FAIL_OPEN, os: win32, os version: 10.0.26200"}
{"level":"INFO","message":"[2:10:36.896 PM]: Connection[id: 9f7d0032-fb7f-4fa6-ab5e-ba017ebb77d7] additional details: passcode in password is provided, passcode is not provided, private key is not provided, application: undefined, client name: snowflake-sdk, client version: 2.4.0, retry timeout: 300, private key path: undefined, private key pass is not provided, client store temporary credential: false, browser response timeout: 120000"}
{"level":"INFO","message":"[2:10:36.896 PM]: Connection[id: 9f7d0032-fb7f-4fa6-ab5e-ba017ebb77d7] - connection object created successfully."}
{"level":"INFO","message":"[2:10:36.897 PM]: Connection[id: 9f7d0032-fb7f-4fa6-ab5e-ba017ebb77d7] - async connecting. Associated Snowflake domain: GLOBAL"}
{"level":"INFO","message":"[2:10:36.897 PM]: Trying to initialize Easy Logging"}
{"level":"INFO","message":"[2:10:36.906 PM]: No client config detected."}
{"level":"INFO","message":"[2:10:36.906 PM]: No config file path found. Client config will not be used."}
{"level":"INFO","message":"[2:10:36.907 PM]: Easy Logging is disabled as no config has been found"}
{"level":"INFO","message":"[2:10:36.907 PM]: Connection[id: 9f7d0032-fb7f-4fa6-ab5e-ba017ebb77d7] - authentication successful using: SNOWFLAKE"}
{"level":"INFO","message":"[2:10:37.456 PM]: Connection[id: 9f7d0032-fb7f-4fa6-ab5e-ba017ebb77d7] - connection established successfully after 559.46 milliseconds"}
{"level":"INFO","message":"[2:10:50.246 PM]: Creating new connection object"}
{"level":"INFO","message":"[2:10:50.264 PM]: Creating Connection[id: 8a1c7c9b-8abe-45e2-a299-907cec262ab9] with host: QCQMHWR-UUC00658.snowflakecomputing.com, account: QCQMHWR-UUC00658, accessUrl: https://QCQMHWR-UUC00658.snowflakecomputing.com, user: JONAEDD08, role: undefined, database: WORLD_BANK_DB, schema: MACROECONOMICS, warehouse: COMPUTE_WH, proxy was not configured, password is provided, region: undefined, authenticator: SNOWFLAKE, ocsp mode: FAIL_OPEN, os: win32, os version: 10.0.26200"}
{"level":"INFO","message":"[2:10:50.265 PM]: Connection[id: 8a1c7c9b-8abe-45e2-a299-907cec262ab9] additional details: passcode in password is provided, passcode is not provided, private key is not provided, application: undefined, client name: snowflake-sdk, client version: 2.4.0, retry timeout: 300, private key path: undefined, private key pass is not provided, client store temporary credential: false, browser response timeout: 120000"}
{"level":"INFO","message":"[2:10:50.265 PM]: Connection[id: 8a1c7c9b-8abe-45e2-a299-907cec262ab9] - connection object created successfully."}
{"level":"INFO","message":"[2:10:50.266 PM]: Connection[id: 8a1c7c9b-8abe-45e2-a299-907cec262ab9] - async connecting. Associated Snowflake domain: GLOBAL"}
{"level":"INFO","message":"[2:10:50.266 PM]: Trying to initialize Easy Logging"}
{"level":"INFO","message":"[2:10:50.276 PM]: No client config detected."}
{"level":"INFO","message":"[2:10:50.276 PM]: No config file path found. Client config will not be used."}
{"level":"INFO","message":"[2:10:50.276 PM]: Easy Logging is disabled as no config has been found"}
{"level":"INFO","message":"[2:10:50.277 PM]: Connection[id: 8a1c7c9b-8abe-45e2-a299-907cec262ab9] - authentication successful using: SNOWFLAKE"}
{"level":"INFO","message":"[2:10:52.191 PM]: Connection[id: 8a1c7c9b-8abe-45e2-a299-907cec262ab9] - connection established successfully after 1925.51 milliseconds"}
{"level":"INFO","message":"[2:11:29.575 PM]: Creating new connection object"}
{"level":"INFO","message":"[2:11:29.606 PM]: Creating Connection[id: 16a6d09a-8fca-47a2-8676-5c3c6f2df6be] with host: QCQMHWR-UUC00658.snowflakecomputing.com, account: QCQMHWR-UUC00658, accessUrl: https://QCQMHWR-UUC00658.snowflakecomputing.com, user: JONAEDD08, role: undefined, database: WORLD_BANK_DB, schema: MACROECONOMICS, warehouse: COMPUTE_WH, proxy was not configured, password is provided, region: undefined, authenticator: SNOWFLAKE, ocsp mode: FAIL_OPEN, os: win32, os version: 10.0.26200"}
{"level":"INFO","message":"[2:11:29.608 PM]: Connection[id: 16a6d09a-8fca-47a2-8676-5c3c6f2df6be] additional details: passcode in password is provided, passcode is not provided, private key is not provided, application: undefined, client name: snowflake-sdk, client version: 2.4.0, retry timeout: 300, private key path: undefined, private key pass is not provided, client store temporary credential: false, browser response timeout: 120000"}
{"level":"INFO","message":"[2:11:29.609 PM]: Connection[id: 16a6d09a-8fca-47a2-8676-5c3c6f2df6be] - connection object created successfully."}
{"level":"INFO","message":"[2:11:29.610 PM]: Connection[id: 16a6d09a-8fca-47a2-8676-5c3c6f2df6be] - async connecting. Associated Snowflake domain: GLOBAL"}
{"level":"INFO","message":"[2:11:29.611 PM]: Trying to initialize Easy Logging"}
{"level":"INFO","message":"[2:11:29.629 PM]: No client config detected."}
{"level":"INFO","message":"[2:11:29.630 PM]: No config file path found. Client config will not be used."}
{"level":"INFO","message":"[2:11:29.630 PM]: Easy Logging is disabled as no config has been found"}
{"level":"INFO","message":"[2:11:29.631 PM]: Connection[id: 16a6d09a-8fca-47a2-8676-5c3c6f2df6be] - authentication successful using: SNOWFLAKE"}
{"level":"INFO","message":"[2:11:31.161 PM]: Connection[id: 16a6d09a-8fca-47a2-8676-5c3c6f2df6be] - connection established successfully after 1550.84 milliseconds"}
{"level":"INFO","message":"[2:11:32.693 PM]: Creating new connection object"}
{"level":"INFO","message":"[2:11:32.716 PM]: Creating Connection[id: 3c8f6a1e-d0c1-4abc-b6cd-e0ce77807d64] with host: QCQMHWR-UUC00658.snowflakecomputing.com, account: QCQMHWR-UUC00658, accessUrl: https://QCQMHWR-UUC00658.snowflakecomputing.com, user: JONAEDD08, role: undefined, database: WORLD_BANK_DB, schema: MACROECONOMICS, warehouse: COMPUTE_WH, proxy was not configured, password is provided, region: undefined, authenticator: SNOWFLAKE, ocsp mode: FAIL_OPEN, os: win32, os version: 10.0.26200"}
{"level":"INFO","message":"[2:11:32.716 PM]: Connection[id: 3c8f6a1e-d0c1-4abc-b6cd-e0ce77807d64] additional details: passcode in password is provided, passcode is not provided, private key is not provided, application: undefined, client name: snowflake-sdk, client version: 2.4.0, retry timeout: 300, private key path: undefined, private key pass is not provided, client store temporary credential: false, browser response timeout: 120000"}
{"level":"INFO","message":"[2:11:32.717 PM]: Connection[id: 3c8f6a1e-d0c1-4abc-b6cd-e0ce77807d64] - connection object created successfully."}
{"level":"INFO","message":"[2:11:32.718 PM]: Connection[id: 3c8f6a1e-d0c1-4abc-b6cd-e0ce77807d64] - async connecting. Associated Snowflake domain: GLOBAL"}
{"level":"INFO","message":"[2:11:32.719 PM]: Trying to initialize Easy Logging"}
{"level":"INFO","message":"[2:11:32.729 PM]: No client config detected."}
{"level":"INFO","message":"[2:11:32.730 PM]: No config file path found. Client config will not be used."}
{"level":"INFO","message":"[2:11:32.730 PM]: Easy Logging is disabled as no config has been found"}
{"level":"INFO","message":"[2:11:32.730 PM]: Connection[id: 3c8f6a1e-d0c1-4abc-b6cd-e0ce77807d64] - authentication successful using: SNOWFLAKE"}
{"level":"INFO","message":"[2:11:37.261 PM]: Creating new connection object"}
{"level":"INFO","message":"[2:11:37.283 PM]: Creating Connection[id: 7511aa99-0bba-488a-94cd-b67af08946e0] with host: QCQMHWR-UUC00658.snowflakecomputing.com, account: QCQMHWR-UUC00658, accessUrl: https://QCQMHWR-UUC00658.snowflakecomputing.com, user: JONAEDD08, role: undefined, database: WORLD_BANK_DB, schema: MACROECONOMICS, warehouse: COMPUTE_WH, proxy was not configured, password is provided, region: undefined, authenticator: SNOWFLAKE, ocsp mode: FAIL_OPEN, os: win32, os version: 10.0.26200"}
{"level":"INFO","message":"[2:11:37.283 PM]: Connection[id: 7511aa99-0bba-488a-94cd-b67af08946e0] additional details: passcode in password is provided, passcode is not provided, private key is not provided, application: undefined, client name: snowflake-sdk, client version: 2.4.0, retry timeout: 300, private key path: undefined, private key pass is not provided, client store temporary credential: false, browser response timeout: 120000"}
{"level":"INFO","message":"[2:11:37.284 PM]: Connection[id: 7511aa99-0bba-488a-94cd-b67af08946e0] - connection object created successfully."}
{"level":"INFO","message":"[2:11:37.285 PM]: Connection[id: 7511aa99-0bba-488a-94cd-b67af08946e0] - async connecting. Associated Snowflake domain: GLOBAL"}
{"level":"INFO","message":"[2:11:37.285 PM]: Trying to initialize Easy Logging"}
{"level":"INFO","message":"[2:11:37.294 PM]: No client config detected."}
{"level":"INFO","message":"[2:11:37.294 PM]: No config file path found. Client config will not be used."}
{"level":"INFO","message":"[2:11:37.294 PM]: Easy Logging is disabled as no config has been found"}
{"level":"INFO","message":"[2:11:37.295 PM]: Connection[id: 7511aa99-0bba-488a-94cd-b67af08946e0] - authentication successful using: SNOWFLAKE"}
{"level":"INFO","message":"[2:11:37.816 PM]: Connection[id: 7511aa99-0bba-488a-94cd-b67af08946e0] - connection established successfully after 531.44 milliseconds"}
{"level":"INFO","message":"[2:11:44.564 PM]: Creating new connection object"}
{"level":"INFO","message":"[2:11:44.585 PM]: Creating Connection[id: f7768bc9-c43b-4816-a8cb-3471bf02e3ba] with host: QCQMHWR-UUC00658.snowflakecomputing.com, account: QCQMHWR-UUC00658, accessUrl: https://QCQMHWR-UUC00658.snowflakecomputing.com, user: JONAEDD08, role: undefined, database: WORLD_BANK_DB, schema: MACROECONOMICS, warehouse: COMPUTE_WH, proxy was not configured, password is provided, region: undefined, authenticator: SNOWFLAKE, ocsp mode: FAIL_OPEN, os: win32, os version: 10.0.26200"}
{"level":"INFO","message":"[2:11:44.586 PM]: Connection[id: f7768bc9-c43b-4816-a8cb-3471bf02e3ba] additional details: passcode in password is provided, passcode is not provided, private key is not provided, application: undefined, client name: snowflake-sdk, client version: 2.4.0, retry timeout: 300, private key path: undefined, private key pass is not provided, client store temporary credential: false, browser response timeout: 120000"}
{"level":"INFO","message":"[2:11:44.586 PM]: Connection[id: f7768bc9-c43b-4816-a8cb-3471bf02e3ba] - connection object created successfully."}
{"level":"INFO","message":"[2:11:44.587 PM]: Connection[id: f7768bc9-c43b-4816-a8cb-3471bf02e3ba] - async connecting. Associated Snowflake domain: GLOBAL"}
{"level":"INFO","message":"[2:11:44.588 PM]: Trying to initialize Easy Logging"}
{"level":"INFO","message":"[2:11:44.595 PM]: No client config detected."}
{"level":"INFO","message":"[2:11:44.596 PM]: No config file path found. Client config will not be used."}
{"level":"INFO","message":"[2:11:44.596 PM]: Easy Logging is disabled as no config has been found"}
{"level":"INFO","message":"[2:11:44.597 PM]: Connection[id: f7768bc9-c43b-4816-a8cb-3471bf02e3ba] - authentication successful using: SNOWFLAKE"}
{"level":"INFO","message":"[2:11:45.898 PM]: Connection[id: f7768bc9-c43b-4816-a8cb-3471bf02e3ba] - connection established successfully after 1310.65 milliseconds"}
{"level":"INFO","message":"[2:15:12.664 PM]: Creating new connection object"}
{"level":"INFO","message":"[2:15:12.690 PM]: Creating Connection[id: 883ae944-1731-45de-acc1-0924a1232fb3] with host: QCQMHWR-UUC00658.snowflakecomputing.com, account: QCQMHWR-UUC00658, accessUrl: https://QCQMHWR-UUC00658.snowflakecomputing.com, user: JONAEDD08, role: undefined, database: WORLD_BANK_DB, schema: MACROECONOMICS, warehouse: COMPUTE_WH, proxy was not configured, password is provided, region: undefined, authenticator: SNOWFLAKE, ocsp mode: FAIL_OPEN, os: win32, os version: 10.0.26200"}
{"level":"INFO","message":"[2:15:12.690 PM]: Connection[id: 883ae944-1731-45de-acc1-0924a1232fb3] additional details: passcode in password is provided, passcode is not provided, private key is not provided, application: undefined, client name: snowflake-sdk, client version: 2.4.0, retry timeout: 300, private key path: undefined, private key pass is not provided, client store temporary credential: false, browser response timeout: 120000"}
{"level":"INFO","message":"[2:15:12.691 PM]: Connection[id: 883ae944-1731-45de-acc1-0924a1232fb3] - connection object created successfully."}
{"level":"INFO","message":"[2:15:12.691 PM]: Connection[id: 883ae944-1731-45de-acc1-0924a1232fb3] - async connecting. Associated Snowflake domain: GLOBAL"}
{"level":"INFO","message":"[2:15:12.692 PM]: Trying to initialize Easy Logging"}
{"level":"INFO","message":"[2:15:12.706 PM]: No client config detected."}
{"level":"INFO","message":"[2:15:12.706 PM]: No config file path found. Client config will not be used."}
{"level":"INFO","message":"[2:15:12.707 PM]: Easy Logging is disabled as no config has been found"}
{"level":"INFO","message":"[2:15:12.707 PM]: Connection[id: 883ae944-1731-45de-acc1-0924a1232fb3] - authentication successful using: SNOWFLAKE"}
{"level":"INFO","message":"[2:15:14.524 PM]: Connection[id: 883ae944-1731-45de-acc1-0924a1232fb3] - connection established successfully after 1833.17 milliseconds"}
{"level":"INFO","message":"[2:15:49.138 PM]: Creating new connection object"}
{"level":"INFO","message":"[2:15:49.177 PM]: Creating Connection[id: 6361e928-e95b-4802-a52d-7f48d05f0c2c] with host: QCQMHWR-UUC00658.snowflakecomputing.com, account: QCQMHWR-UUC00658, accessUrl: https://QCQMHWR-UUC00658.snowflakecomputing.com, user: JONAEDD08, role: undefined, database: WORLD_BANK_DB, schema: MACROECONOMICS, warehouse: COMPUTE_WH, proxy was not configured, password is provided, region: undefined, authenticator: SNOWFLAKE, ocsp mode: FAIL_OPEN, os: win32, os version: 10.0.26200"}
{"level":"INFO","message":"[2:15:49.178 PM]: Connection[id: 6361e928-e95b-4802-a52d-7f48d05f0c2c] additional details: passcode in password is provided, passcode is not provided, private key is not provided, application: undefined, client name: snowflake-sdk, client version: 2.4.0, retry timeout: 300, private key path: undefined, private key pass is not provided, client store temporary credential: false, browser response timeout: 120000"}
{"level":"INFO","message":"[2:15:49.179 PM]: Connection[id: 6361e928-e95b-4802-a52d-7f48d05f0c2c] - connection object created successfully."}
{"level":"INFO","message":"[2:15:49.180 PM]: Connection[id: 6361e928-e95b-4802-a52d-7f48d05f0c2c] - async connecting. Associated Snowflake domain: GLOBAL"}
{"level":"INFO","message":"[2:15:49.182 PM]: Trying to initialize Easy Logging"}
{"level":"INFO","message":"[2:15:49.198 PM]: No client config detected."}
{"level":"INFO","message":"[2:15:49.198 PM]: No config file path found. Client config will not be used."}
{"level":"INFO","message":"[2:15:49.199 PM]: Easy Logging is disabled as no config has been found"}
{"level":"INFO","message":"[2:15:49.200 PM]: Connection[id: 6361e928-e95b-4802-a52d-7f48d05f0c2c] - authentication successful using: SNOWFLAKE"}
{"level":"INFO","message":"[2:15:50.656 PM]: Connection[id: 6361e928-e95b-4802-a52d-7f48d05f0c2c] - connection established successfully after 1475.94 milliseconds"}
{"level":"INFO","message":"[2:15:53.716 PM]: Creating new connection object"}
{"level":"INFO","message":"[2:15:53.739 PM]: Creating Connection[id: 03ac14e8-741e-470b-9881-798b77c4696a] with host: QCQMHWR-UUC00658.snowflakecomputing.com, account: QCQMHWR-UUC00658, accessUrl: https://QCQMHWR-UUC00658.snowflakecomputing.com, user: JONAEDD08, role: undefined, database: WORLD_BANK_DB, schema: MACROECONOMICS, warehouse: COMPUTE_WH, proxy was not configured, password is provided, region: undefined, authenticator: SNOWFLAKE, ocsp mode: FAIL_OPEN, os: win32, os version: 10.0.26200"}
{"level":"INFO","message":"[2:15:53.740 PM]: Connection[id: 03ac14e8-741e-470b-9881-798b77c4696a] additional details: passcode in password is provided, passcode is not provided, private key is not provided, application: undefined, client name: snowflake-sdk, client version: 2.4.0, retry timeout: 300, private key path: undefined, private key pass is not provided, client store temporary credential: false, browser response timeout: 120000"}
{"level":"INFO","message":"[2:15:53.741 PM]: Connection[id: 03ac14e8-741e-470b-9881-798b77c4696a] - connection object created successfully."}
{"level":"INFO","message":"[2:15:53.742 PM]: Connection[id: 03ac14e8-741e-470b-9881-798b77c4696a] - async connecting. Associated Snowflake domain: GLOBAL"}
{"level":"INFO","message":"[2:15:53.743 PM]: Trying to initialize Easy Logging"}
{"level":"INFO","message":"[2:15:53.755 PM]: No client config detected."}
{"level":"INFO","message":"[2:15:53.755 PM]: No config file path found. Client config will not be used."}
{"level":"INFO","message":"[2:15:53.756 PM]: Easy Logging is disabled as no config has been found"}
{"level":"INFO","message":"[2:15:53.756 PM]: Connection[id: 03ac14e8-741e-470b-9881-798b77c4696a] - authentication successful using: SNOWFLAKE"}
{"level":"INFO","message":"[2:15:56.415 PM]: Creating new connection object"}
{"level":"INFO","message":"[2:15:56.442 PM]: Creating Connection[id: 880c8582-f3ca-463e-989f-dfdd94291d69] with host: QCQMHWR-UUC00658.snowflakecomputing.com, account: QCQMHWR-UUC00658, accessUrl: https://QCQMHWR-UUC00658.snowflakecomputing.com, user: JONAEDD08, role: undefined, database: WORLD_BANK_DB, schema: MACROECONOMICS, warehouse: COMPUTE_WH, proxy was not configured, password is provided, region: undefined, authenticator: SNOWFLAKE, ocsp mode: FAIL_OPEN, os: win32, os version: 10.0.26200"}
{"level":"INFO","message":"[2:15:56.443 PM]: Connection[id: 880c8582-f3ca-463e-989f-dfdd94291d69] additional details: passcode in password is provided, passcode is not provided, private key is not provided, application: undefined, client name: snowflake-sdk, client version: 2.4.0, retry timeout: 300, private key path: undefined, private key pass is not provided, client store temporary credential: false, browser response timeout: 120000"}
{"level":"INFO","message":"[2:15:56.443 PM]: Connection[id: 880c8582-f3ca-463e-989f-dfdd94291d69] - connection object created successfully."}
{"level":"INFO","message":"[2:15:56.444 PM]: Connection[id: 880c8582-f3ca-463e-989f-dfdd94291d69] - async connecting. Associated Snowflake domain: GLOBAL"}
{"level":"INFO","message":"[2:15:56.444 PM]: Trying to initialize Easy Logging"}
{"level":"INFO","message":"[2:15:56.458 PM]: No client config detected."}
{"level":"INFO","message":"[2:15:56.458 PM]: No config file path found. Client config will not be used."}
{"level":"INFO","message":"[2:15:56.458 PM]: Easy Logging is disabled as no config has been found"}
{"level":"INFO","message":"[2:15:56.459 PM]: Connection[id: 880c8582-f3ca-463e-989f-dfdd94291d69] - authentication successful using: SNOWFLAKE"}
{"level":"INFO","message":"[2:15:57.036 PM]: Connection[id: 880c8582-f3ca-463e-989f-dfdd94291d69] - connection established successfully after 592.53 milliseconds"}
{"level":"INFO","message":"[2:16:15.314 PM]: Creating new connection object"}
{"level":"INFO","message":"[2:16:15.335 PM]: Creating Connection[id: e5ac5574-34ab-4dcf-aefd-b3f9ee65e282] with host: QCQMHWR-UUC00658.snowflakecomputing.com, account: QCQMHWR-UUC00658, accessUrl: https://QCQMHWR-UUC00658.snowflakecomputing.com, user: JONAEDD08, role: undefined, database: WORLD_BANK_DB, schema: MACROECONOMICS, warehouse: COMPUTE_WH, proxy was not configured, password is provided, region: undefined, authenticator: SNOWFLAKE, ocsp mode: FAIL_OPEN, os: win32, os version: 10.0.26200"}
{"level":"INFO","message":"[2:16:15.336 PM]: Connection[id: e5ac5574-34ab-4dcf-aefd-b3f9ee65e282] additional details: passcode in password is provided, passcode is not provided, private key is not provided, application: undefined, client name: snowflake-sdk, client version: 2.4.0, retry timeout: 300, private key path: undefined, private key pass is not provided, client store temporary credential: false, browser response timeout: 120000"}
{"level":"INFO","message":"[2:16:15.336 PM]: Connection[id: e5ac5574-34ab-4dcf-aefd-b3f9ee65e282] - connection object created successfully."}
{"level":"INFO","message":"[2:16:15.337 PM]: Connection[id: e5ac5574-34ab-4dcf-aefd-b3f9ee65e282] - async connecting. Associated Snowflake domain: GLOBAL"}
{"level":"INFO","message":"[2:16:15.337 PM]: Trying to initialize Easy Logging"}
{"level":"INFO","message":"[2:16:15.350 PM]: No client config detected."}
{"level":"INFO","message":"[2:16:15.350 PM]: No config file path found. Client config will not be used."}
{"level":"INFO","message":"[2:16:15.351 PM]: Easy Logging is disabled as no config has been found"}
{"level":"INFO","message":"[2:16:15.351 PM]: Connection[id: e5ac5574-34ab-4dcf-aefd-b3f9ee65e282] - authentication successful using: SNOWFLAKE"}
{"level":"INFO","message":"[2:16:17.007 PM]: Connection[id: e5ac5574-34ab-4dcf-aefd-b3f9ee65e282] - connection established successfully after 1669.82 milliseconds"}
{"level":"INFO","message":"[2:16:19.750 PM]: Creating new connection object"}
{"level":"INFO","message":"[2:16:19.771 PM]: Creating Connection[id: c83db858-a06a-4c1c-bee4-fe569eb75c4e] with host: QCQMHWR-UUC00658.snowflakecomputing.com, account: QCQMHWR-UUC00658, accessUrl: https://QCQMHWR-UUC00658.snowflakecomputing.com, user: JONAEDD08, role: undefined, database: WORLD_BANK_DB, schema: MACROECONOMICS, warehouse: COMPUTE_WH, proxy was not configured, password is provided, region: undefined, authenticator: SNOWFLAKE, ocsp mode: FAIL_OPEN, os: win32, os version: 10.0.26200"}
{"level":"INFO","message":"[2:16:19.771 PM]: Connection[id: c83db858-a06a-4c1c-bee4-fe569eb75c4e] additional details: passcode in password is provided, passcode is not provided, private key is not provided, application: undefined, client name: snowflake-sdk, client version: 2.4.0, retry timeout: 300, private key path: undefined, private key pass is not provided, client store temporary credential: false, browser response timeout: 120000"}
{"level":"INFO","message":"[2:16:19.772 PM]: Connection[id: c83db858-a06a-4c1c-bee4-fe569eb75c4e] - connection object created successfully."}
{"level":"INFO","message":"[2:16:19.772 PM]: Connection[id: c83db858-a06a-4c1c-bee4-fe569eb75c4e] - async connecting. Associated Snowflake domain: GLOBAL"}
{"level":"INFO","message":"[2:16:19.773 PM]: Trying to initialize Easy Logging"}
{"level":"INFO","message":"[2:16:19.782 PM]: No client config detected."}
{"level":"INFO","message":"[2:16:19.782 PM]: No config file path found. Client config will not be used."}
{"level":"INFO","message":"[2:16:19.783 PM]: Easy Logging is disabled as no config has been found"}
{"level":"INFO","message":"[2:16:19.783 PM]: Connection[id: c83db858-a06a-4c1c-bee4-fe569eb75c4e] - authentication successful using: SNOWFLAKE"}
{"level":"INFO","message":"[2:16:21.084 PM]: Connection[id: c83db858-a06a-4c1c-bee4-fe569eb75c4e] - connection established successfully after 1311.86 milliseconds"}
{"level":"INFO","message":"[2:16:28.431 PM]: Creating new connection object"}
{"level":"INFO","message":"[2:16:28.450 PM]: Creating Connection[id: ca14aa26-ee19-43b2-a6ae-5390fd814000] with host: QCQMHWR-UUC00658.snowflakecomputing.com, account: QCQMHWR-UUC00658, accessUrl: https://QCQMHWR-UUC00658.snowflakecomputing.com, user: JONAEDD08, role: undefined, database: WORLD_BANK_DB, schema: MACROECONOMICS, warehouse: COMPUTE_WH, proxy was not configured, password is provided, region: undefined, authenticator: SNOWFLAKE, ocsp mode: FAIL_OPEN, os: win32, os version: 10.0.26200"}
{"level":"INFO","message":"[2:16:28.451 PM]: Connection[id: ca14aa26-ee19-43b2-a6ae-5390fd814000] additional details: passcode in password is provided, passcode is not provided, private key is not provided, application: undefined, client name: snowflake-sdk, client version: 2.4.0, retry timeout: 300, private key path: undefined, private key pass is not provided, client store temporary credential: false, browser response timeout: 120000"}
{"level":"INFO","message":"[2:16:28.451 PM]: Connection[id: ca14aa26-ee19-43b2-a6ae-5390fd814000] - connection object created successfully."}
{"level":"INFO","message":"[2:16:28.452 PM]: Connection[id: ca14aa26-ee19-43b2-a6ae-5390fd814000] - async connecting. Associated Snowflake domain: GLOBAL"}
{"level":"INFO","message":"[2:16:28.452 PM]: Trying to initialize Easy Logging"}
{"level":"INFO","message":"[2:16:28.461 PM]: No client config detected."}
{"level":"INFO","message":"[2:16:28.462 PM]: No config file path found. Client config will not be used."}
{"level":"INFO","message":"[2:16:28.462 PM]: Easy Logging is disabled as no config has been found"}
{"level":"INFO","message":"[2:16:28.463 PM]: Connection[id: ca14aa26-ee19-43b2-a6ae-5390fd814000] - authentication successful using: SNOWFLAKE"}
{"level":"INFO","message":"[2:16:28.954 PM]: Connection[id: ca14aa26-ee19-43b2-a6ae-5390fd814000] - connection established successfully after 502.58 milliseconds"}
{"level":"INFO","message":"[2:28:56.052 PM]: Creating new connection object"}
{"level":"INFO","message":"[2:28:56.080 PM]: Creating Connection[id: 9b0723df-de6c-41b6-8ada-51f6e97509a9] with host: QCQMHWR-UUC00658.snowflakecomputing.com, account: QCQMHWR-UUC00658, accessUrl: https://QCQMHWR-UUC00658.snowflakecomputing.com, user: JONAEDD08, role: undefined, database: WORLD_BANK_DB, schema: MACROECONOMICS, warehouse: COMPUTE_WH, proxy was not configured, password is provided, region: undefined, authenticator: SNOWFLAKE, ocsp mode: FAIL_OPEN, os: win32, os version: 10.0.26200"}
{"level":"INFO","message":"[2:28:56.081 PM]: Connection[id: 9b0723df-de6c-41b6-8ada-51f6e97509a9] additional details: passcode in password is provided, passcode is not provided, private key is not provided, application: undefined, client name: snowflake-sdk, client version: 2.4.0, retry timeout: 300, private key path: undefined, private key pass is not provided, client store temporary credential: false, browser response timeout: 120000"}
{"level":"INFO","message":"[2:28:56.081 PM]: Connection[id: 9b0723df-de6c-41b6-8ada-51f6e97509a9] - connection object created successfully."}
{"level":"INFO","message":"[2:28:56.082 PM]: Connection[id: 9b0723df-de6c-41b6-8ada-51f6e97509a9] - async connecting. Associated Snowflake domain: GLOBAL"}
{"level":"INFO","message":"[2:28:56.083 PM]: Trying to initialize Easy Logging"}
{"level":"INFO","message":"[2:28:56.097 PM]: No client config detected."}
{"level":"INFO","message":"[2:28:56.097 PM]: No config file path found. Client config will not be used."}
{"level":"INFO","message":"[2:28:56.097 PM]: Easy Logging is disabled as no config has been found"}
{"level":"INFO","message":"[2:28:56.098 PM]: Connection[id: 9b0723df-de6c-41b6-8ada-51f6e97509a9] - authentication successful using: SNOWFLAKE"}
{"level":"INFO","message":"[2:29:01.789 PM]: Connection[id: 9b0723df-de6c-41b6-8ada-51f6e97509a9] - connection established successfully after 5707.23 milliseconds"}
{"level":"INFO","message":"[2:29:03.215 PM]: Creating new connection object"}
{"level":"INFO","message":"[2:29:03.234 PM]: Creating Connection[id: 0959d955-10fe-4b4d-95c0-52ef7096d0f6] with host: QCQMHWR-UUC00658.snowflakecomputing.com, account: QCQMHWR-UUC00658, accessUrl: https://QCQMHWR-UUC00658.snowflakecomputing.com, user: JONAEDD08, role: undefined, database: WORLD_BANK_DB, schema: MACROECONOMICS, warehouse: COMPUTE_WH, proxy was not configured, password is provided, region: undefined, authenticator: SNOWFLAKE, ocsp mode: FAIL_OPEN, os: win32, os version: 10.0.26200"}
{"level":"INFO","message":"[2:29:03.235 PM]: Connection[id: 0959d955-10fe-4b4d-95c0-52ef7096d0f6] additional details: passcode in password is provided, passcode is not provided, private key is not provided, application: undefined, client name: snowflake-sdk, client version: 2.4.0, retry timeout: 300, private key path: undefined, private key pass is not provided, client store temporary credential: false, browser response timeout: 120000"}
{"level":"INFO","message":"[2:29:03.235 PM]: Connection[id: 0959d955-10fe-4b4d-95c0-52ef7096d0f6] - connection object created successfully."}
{"level":"INFO","message":"[2:29:03.236 PM]: Connection[id: 0959d955-10fe-4b4d-95c0-52ef7096d0f6] - async connecting. Associated Snowflake domain: GLOBAL"}
{"level":"INFO","message":"[2:29:03.237 PM]: Trying to initialize Easy Logging"}
{"level":"INFO","message":"[2:29:03.246 PM]: No client config detected."}
{"level":"INFO","message":"[2:29:03.246 PM]: No config file path found. Client config will not be used."}
{"level":"INFO","message":"[2:29:03.247 PM]: Easy Logging is disabled as no config has been found"}
{"level":"INFO","message":"[2:29:03.247 PM]: Connection[id: 0959d955-10fe-4b4d-95c0-52ef7096d0f6] - authentication successful using: SNOWFLAKE"}
{"level":"INFO","message":"[2:29:04.638 PM]: Connection[id: 0959d955-10fe-4b4d-95c0-52ef7096d0f6] - connection established successfully after 1402.01 milliseconds"}
{"level":"INFO","message":"[2:29:10.339 PM]: Creating new connection object"}
{"level":"INFO","message":"[2:29:10.364 PM]: Creating Connection[id: c9817dd6-9161-4fc8-9dcb-ec99ea5dc669] with host: QCQMHWR-UUC00658.snowflakecomputing.com, account: QCQMHWR-UUC00658, accessUrl: https://QCQMHWR-UUC00658.snowflakecomputing.com, user: JONAEDD08, role: undefined, database: WORLD_BANK_DB, schema: MACROECONOMICS, warehouse: COMPUTE_WH, proxy was not configured, password is provided, region: undefined, authenticator: SNOWFLAKE, ocsp mode: FAIL_OPEN, os: win32, os version: 10.0.26200"}
{"level":"INFO","message":"[2:29:10.365 PM]: Connection[id: c9817dd6-9161-4fc8-9dcb-ec99ea5dc669] additional details: passcode in password is provided, passcode is not provided, private key is not provided, application: undefined, client name: snowflake-sdk, client version: 2.4.0, retry timeout: 300, private key path: undefined, private key pass is not provided, client store temporary credential: false, browser response timeout: 120000"}
{"level":"INFO","message":"[2:29:10.365 PM]: Connection[id: c9817dd6-9161-4fc8-9dcb-ec99ea5dc669] - connection object created successfully."}
{"level":"INFO","message":"[2:29:10.366 PM]: Connection[id: c9817dd6-9161-4fc8-9dcb-ec99ea5dc669] - async connecting. Associated Snowflake domain: GLOBAL"}
{"level":"INFO","message":"[2:29:10.366 PM]: Trying to initialize Easy Logging"}
{"level":"INFO","message":"[2:29:10.374 PM]: No client config detected."}
{"level":"INFO","message":"[2:29:10.375 PM]: No config file path found. Client config will not be used."}
{"level":"INFO","message":"[2:29:10.375 PM]: Easy Logging is disabled as no config has been found"}
{"level":"INFO","message":"[2:29:10.376 PM]: Connection[id: c9817dd6-9161-4fc8-9dcb-ec99ea5dc669] - authentication successful using: SNOWFLAKE"}
{"level":"INFO","message":"[2:29:10.906 PM]: Connection[id: c9817dd6-9161-4fc8-9dcb-ec99ea5dc669] - connection established successfully after 539.87 milliseconds"}
{"level":"INFO","message":"[2:29:15.340 PM]: Creating new connection object"}
{"level":"INFO","message":"[2:29:15.362 PM]: Creating Connection[id: 54694ea7-c1ba-4020-94c1-9d5cafd70553] with host: QCQMHWR-UUC00658.snowflakecomputing.com, account: QCQMHWR-UUC00658, accessUrl: https://QCQMHWR-UUC00658.snowflakecomputing.com, user: JONAEDD08, role: undefined, database: WORLD_BANK_DB, schema: MACROECONOMICS, warehouse: COMPUTE_WH, proxy was not configured, password is provided, region: undefined, authenticator: SNOWFLAKE, ocsp mode: FAIL_OPEN, os: win32, os version: 10.0.26200"}
{"level":"INFO","message":"[2:29:15.363 PM]: Connection[id: 54694ea7-c1ba-4020-94c1-9d5cafd70553] additional details: passcode in password is provided, passcode is not provided, private key is not provided, application: undefined, client name: snowflake-sdk, client version: 2.4.0, retry timeout: 300, private key path: undefined, private key pass is not provided, client store temporary credential: false, browser response timeout: 120000"}
{"level":"INFO","message":"[2:29:15.363 PM]: Connection[id: 54694ea7-c1ba-4020-94c1-9d5cafd70553] - connection object created successfully."}
{"level":"INFO","message":"[2:29:15.364 PM]: Connection[id: 54694ea7-c1ba-4020-94c1-9d5cafd70553] - async connecting. Associated Snowflake domain: GLOBAL"}
{"level":"INFO","message":"[2:29:15.364 PM]: Trying to initialize Easy Logging"}
{"level":"INFO","message":"[2:29:15.375 PM]: No client config detected."}
{"level":"INFO","message":"[2:29:15.376 PM]: No config file path found. Client config will not be used."}
{"level":"INFO","message":"[2:29:15.376 PM]: Easy Logging is disabled as no config has been found"}
{"level":"INFO","message":"[2:29:15.377 PM]: Connection[id: 54694ea7-c1ba-4020-94c1-9d5cafd70553] - authentication successful using: SNOWFLAKE"}
{"level":"INFO","message":"[2:29:16.887 PM]: Connection[id: 54694ea7-c1ba-4020-94c1-9d5cafd70553] - connection established successfully after 1523.63 milliseconds"}
{"level":"INFO","message":"[2:29:22.507 PM]: Creating new connection object"}
{"level":"INFO","message":"[2:29:22.530 PM]: Creating Connection[id: 6f2926a9-a29c-4cef-b6e0-190290788806] with host: QCQMHWR-UUC00658.snowflakecomputing.com, account: QCQMHWR-UUC00658, accessUrl: https://QCQMHWR-UUC00658.snowflakecomputing.com, user: JONAEDD08, role: undefined, database: WORLD_BANK_DB, schema: MACROECONOMICS, warehouse: COMPUTE_WH, proxy was not configured, password is provided, region: undefined, authenticator: SNOWFLAKE, ocsp mode: FAIL_OPEN, os: win32, os version: 10.0.26200"}
{"level":"INFO","message":"[2:29:22.531 PM]: Connection[id: 6f2926a9-a29c-4cef-b6e0-190290788806] additional details: passcode in password is provided, passcode is not provided, private key is not provided, application: undefined, client name: snowflake-sdk, client version: 2.4.0, retry timeout: 300, private key path: undefined, private key pass is not provided, client store temporary credential: false, browser response timeout: 120000"}
{"level":"INFO","message":"[2:29:22.531 PM]: Connection[id: 6f2926a9-a29c-4cef-b6e0-190290788806] - connection object created successfully."}
{"level":"INFO","message":"[2:29:22.532 PM]: Connection[id: 6f2926a9-a29c-4cef-b6e0-190290788806] - async connecting. Associated Snowflake domain: GLOBAL"}
{"level":"INFO","message":"[2:29:22.532 PM]: Trying to initialize Easy Logging"}
{"level":"INFO","message":"[2:29:22.543 PM]: No client config detected."}
{"level":"INFO","message":"[2:29:22.543 PM]: No config file path found. Client config will not be used."}
{"level":"INFO","message":"[2:29:22.544 PM]: Easy Logging is disabled as no config has been found"}
{"level":"INFO","message":"[2:29:22.544 PM]: Connection[id: 6f2926a9-a29c-4cef-b6e0-190290788806] - authentication successful using: SNOWFLAKE"}
{"level":"INFO","message":"[2:29:23.745 PM]: Connection[id: 6f2926a9-a29c-4cef-b6e0-190290788806] - connection established successfully after 1212.84 milliseconds"}
{"level":"INFO","message":"[2:29:26.380 PM]: Creating new connection object"}
{"level":"INFO","message":"[2:29:26.402 PM]: Creating Connection[id: 58f39138-1394-4ec4-b769-7a49297bc9b5] with host: QCQMHWR-UUC00658.snowflakecomputing.com, account: QCQMHWR-UUC00658, accessUrl: https://QCQMHWR-UUC00658.snowflakecomputing.com, user: JONAEDD08, role: undefined, database: WORLD_BANK_DB, schema: MACROECONOMICS, warehouse: COMPUTE_WH, proxy was not configured, password is provided, region: undefined, authenticator: SNOWFLAKE, ocsp mode: FAIL_OPEN, os: win32, os version: 10.0.26200"}
{"level":"INFO","message":"[2:29:26.402 PM]: Connection[id: 58f39138-1394-4ec4-b769-7a49297bc9b5] additional details: passcode in password is provided, passcode is not provided, private key is not provided, application: undefined, client name: snowflake-sdk, client version: 2.4.0, retry timeout: 300, private key path: undefined, private key pass is not provided, client store temporary credential: false, browser response timeout: 120000"}
{"level":"INFO","message":"[2:29:26.403 PM]: Connection[id: 58f39138-1394-4ec4-b769-7a49297bc9b5] - connection object created successfully."}
{"level":"INFO","message":"[2:29:26.404 PM]: Connection[id: 58f39138-1394-4ec4-b769-7a49297bc9b5] - async connecting. Associated Snowflake domain: GLOBAL"}
{"level":"INFO","message":"[2:29:26.405 PM]: Trying to initialize Easy Logging"}
{"level":"INFO","message":"[2:29:26.414 PM]: No client config detected."}
{"level":"INFO","message":"[2:29:26.414 PM]: No config file path found. Client config will not be used."}
{"level":"INFO","message":"[2:29:26.415 PM]: Easy Logging is disabled as no config has been found"}
{"level":"INFO","message":"[2:29:26.415 PM]: Connection[id: 58f39138-1394-4ec4-b769-7a49297bc9b5] - authentication successful using: SNOWFLAKE"}
{"level":"INFO","message":"[2:29:27.633 PM]: Connection[id: 58f39138-1394-4ec4-b769-7a49297bc9b5] - connection established successfully after 1228.87 milliseconds"}
{"level":"INFO","message":"[2:29:50.424 PM]: Creating new connection object"}
{"level":"INFO","message":"[2:29:50.445 PM]: Creating Connection[id: 5f7e5e4d-005f-4211-8359-be4e7037fdce] with host: QCQMHWR-UUC00658.snowflakecomputing.com, account: QCQMHWR-UUC00658, accessUrl: https://QCQMHWR-UUC00658.snowflakecomputing.com, user: JONAEDD08, role: undefined, database: WORLD_BANK_DB, schema: MACROECONOMICS, warehouse: COMPUTE_WH, proxy was not configured, password is provided, region: undefined, authenticator: SNOWFLAKE, ocsp mode: FAIL_OPEN, os: win32, os version: 10.0.26200"}
{"level":"INFO","message":"[2:29:50.445 PM]: Connection[id: 5f7e5e4d-005f-4211-8359-be4e7037fdce] additional details: passcode in password is provided, passcode is not provided, private key is not provided, application: undefined, client name: snowflake-sdk, client version: 2.4.0, retry timeout: 300, private key path: undefined, private key pass is not provided, client store temporary credential: false, browser response timeout: 120000"}
{"level":"INFO","message":"[2:29:50.446 PM]: Connection[id: 5f7e5e4d-005f-4211-8359-be4e7037fdce] - connection object created successfully."}
{"level":"INFO","message":"[2:29:50.446 PM]: Connection[id: 5f7e5e4d-005f-4211-8359-be4e7037fdce] - async connecting. Associated Snowflake domain: GLOBAL"}
{"level":"INFO","message":"[2:29:50.447 PM]: Trying to initialize Easy Logging"}
{"level":"INFO","message":"[2:29:50.454 PM]: No client config detected."}
{"level":"INFO","message":"[2:29:50.455 PM]: No config file path found. Client config will not be used."}
{"level":"INFO","message":"[2:29:50.455 PM]: Easy Logging is disabled as no config has been found"}
{"level":"INFO","message":"[2:29:50.455 PM]: Connection[id: 5f7e5e4d-005f-4211-8359-be4e7037fdce] - authentication successful using: SNOWFLAKE"}
{"level":"INFO","message":"[2:29:52.180 PM]: Creating new connection object"}
{"level":"INFO","message":"[2:29:52.199 PM]: Creating Connection[id: ec17d2be-63d2-4309-99ed-72f0bf79b716] with host: QCQMHWR-UUC00658.snowflakecomputing.com, account: QCQMHWR-UUC00658, accessUrl: https://QCQMHWR-UUC00658.snowflakecomputing.com, user: JONAEDD08, role: undefined, database: WORLD_BANK_DB, schema: MACROECONOMICS, warehouse: COMPUTE_WH, proxy was not configured, password is provided, region: undefined, authenticator: SNOWFLAKE, ocsp mode: FAIL_OPEN, os: win32, os version: 10.0.26200"}
{"level":"INFO","message":"[2:29:52.200 PM]: Connection[id: ec17d2be-63d2-4309-99ed-72f0bf79b716] additional details: passcode in password is provided, passcode is not provided, private key is not provided, application: undefined, client name: snowflake-sdk, client version: 2.4.0, retry timeout: 300, private key path: undefined, private key pass is not provided, client store temporary credential: false, browser response timeout: 120000"}
{"level":"INFO","message":"[2:29:52.200 PM]: Connection[id: ec17d2be-63d2-4309-99ed-72f0bf79b716] - connection object created successfully."}
{"level":"INFO","message":"[2:29:52.201 PM]: Connection[id: ec17d2be-63d2-4309-99ed-72f0bf79b716] - async connecting. Associated Snowflake domain: GLOBAL"}
{"level":"INFO","message":"[2:29:52.202 PM]: Trying to initialize Easy Logging"}
{"level":"INFO","message":"[2:29:52.212 PM]: No client config detected."}
{"level":"INFO","message":"[2:29:52.212 PM]: No config file path found. Client config will not be used."}
{"level":"INFO","message":"[2:29:52.212 PM]: Easy Logging is disabled as no config has been found"}
{"level":"INFO","message":"[2:29:52.213 PM]: Connection[id: ec17d2be-63d2-4309-99ed-72f0bf79b716] - authentication successful using: SNOWFLAKE"}
{"level":"INFO","message":"[2:29:53.430 PM]: Connection[id: ec17d2be-63d2-4309-99ed-72f0bf79b716] - connection established successfully after 1228.82 milliseconds"}
{"level":"INFO","message":"[2:29:55.980 PM]: Creating new connection object"}
{"level":"INFO","message":"[2:29:56.010 PM]: Creating Connection[id: 6369f68c-2db3-44e1-810e-8ad4de751d82] with host: QCQMHWR-UUC00658.snowflakecomputing.com, account: QCQMHWR-UUC00658, accessUrl: https://QCQMHWR-UUC00658.snowflakecomputing.com, user: JONAEDD08, role: undefined, database: WORLD_BANK_DB, schema: MACROECONOMICS, warehouse: COMPUTE_WH, proxy was not configured, password is provided, region: undefined, authenticator: SNOWFLAKE, ocsp mode: FAIL_OPEN, os: win32, os version: 10.0.26200"}
{"level":"INFO","message":"[2:29:56.010 PM]: Connection[id: 6369f68c-2db3-44e1-810e-8ad4de751d82] additional details: passcode in password is provided, passcode is not provided, private key is not provided, application: undefined, client name: snowflake-sdk, client version: 2.4.0, retry timeout: 300, private key path: undefined, private key pass is not provided, client store temporary credential: false, browser response timeout: 120000"}
{"level":"INFO","message":"[2:29:56.011 PM]: Connection[id: 6369f68c-2db3-44e1-810e-8ad4de751d82] - connection object created successfully."}
{"level":"INFO","message":"[2:29:56.012 PM]: Connection[id: 6369f68c-2db3-44e1-810e-8ad4de751d82] - async connecting. Associated Snowflake domain: GLOBAL"}
{"level":"INFO","message":"[2:29:56.014 PM]: Trying to initialize Easy Logging"}
{"level":"INFO","message":"[2:29:56.029 PM]: No client config detected."}
{"level":"INFO","message":"[2:29:56.030 PM]: No config file path found. Client config will not be used."}
{"level":"INFO","message":"[2:29:56.030 PM]: Easy Logging is disabled as no config has been found"}
{"level":"INFO","message":"[2:29:56.030 PM]: Connection[id: 6369f68c-2db3-44e1-810e-8ad4de751d82] - authentication successful using: SNOWFLAKE"}
{"level":"INFO","message":"[2:29:57.168 PM]: Connection[id: 6369f68c-2db3-44e1-810e-8ad4de751d82] - connection established successfully after 1155.6 milliseconds"}
{"level":"INFO","message":"[2:29:58.597 PM]: Creating new connection object"}
{"level":"INFO","message":"[2:29:58.626 PM]: Creating Connection[id: 81b3c05f-9fa1-4978-80a3-ff00a70dfe0d] with host: QCQMHWR-UUC00658.snowflakecomputing.com, account: QCQMHWR-UUC00658, accessUrl: https://QCQMHWR-UUC00658.snowflakecomputing.com, user: JONAEDD08, role: undefined, database: WORLD_BANK_DB, schema: MACROECONOMICS, warehouse: COMPUTE_WH, proxy was not configured, password is provided, region: undefined, authenticator: SNOWFLAKE, ocsp mode: FAIL_OPEN, os: win32, os version: 10.0.26200"}
{"level":"INFO","message":"[2:29:58.627 PM]: Connection[id: 81b3c05f-9fa1-4978-80a3-ff00a70dfe0d] additional details: passcode in password is provided, passcode is not provided, private key is not provided, application: undefined, client name: snowflake-sdk, client version: 2.4.0, retry timeout: 300, private key path: undefined, private key pass is not provided, client store temporary credential: false, browser response timeout: 120000"}
{"level":"INFO","message":"[2:29:58.627 PM]: Connection[id: 81b3c05f-9fa1-4978-80a3-ff00a70dfe0d] - connection object created successfully."}
{"level":"INFO","message":"[2:29:58.628 PM]: Connection[id: 81b3c05f-9fa1-4978-80a3-ff00a70dfe0d] - async connecting. Associated Snowflake domain: GLOBAL"}
{"level":"INFO","message":"[2:29:58.629 PM]: Trying to initialize Easy Logging"}
{"level":"INFO","message":"[2:29:58.642 PM]: No client config detected."}
{"level":"INFO","message":"[2:29:58.642 PM]: No config file path found. Client config will not be used."}
{"level":"INFO","message":"[2:29:58.643 PM]: Easy Logging is disabled as no config has been found"}
{"level":"INFO","message":"[2:29:58.643 PM]: Connection[id: 81b3c05f-9fa1-4978-80a3-ff00a70dfe0d] - authentication successful using: SNOWFLAKE"}
{"level":"INFO","message":"[2:29:59.242 PM]: Connection[id: 81b3c05f-9fa1-4978-80a3-ff00a70dfe0d] - connection established successfully after 613.81 milliseconds"}
{"level":"INFO","message":"[2:30:07.895 PM]: Creating new connection object"}
{"level":"INFO","message":"[2:30:07.914 PM]: Creating Connection[id: f9ef3c95-6ca0-4e66-b249-7b539aa3c998] with host: QCQMHWR-UUC00658.snowflakecomputing.com, account: QCQMHWR-UUC00658, accessUrl: https://QCQMHWR-UUC00658.snowflakecomputing.com, user: JONAEDD08, role: undefined, database: WORLD_BANK_DB, schema: MACROECONOMICS, warehouse: COMPUTE_WH, proxy was not configured, password is provided, region: undefined, authenticator: SNOWFLAKE, ocsp mode: FAIL_OPEN, os: win32, os version: 10.0.26200"}
{"level":"INFO","message":"[2:30:07.915 PM]: Connection[id: f9ef3c95-6ca0-4e66-b249-7b539aa3c998] additional details: passcode in password is provided, passcode is not provided, private key is not provided, application: undefined, client name: snowflake-sdk, client version: 2.4.0, retry timeout: 300, private key path: undefined, private key pass is not provided, client store temporary credential: false, browser response timeout: 120000"}
{"level":"INFO","message":"[2:30:07.916 PM]: Connection[id: f9ef3c95-6ca0-4e66-b249-7b539aa3c998] - connection object created successfully."}
{"level":"INFO","message":"[2:30:07.917 PM]: Connection[id: f9ef3c95-6ca0-4e66-b249-7b539aa3c998] - async connecting. Associated Snowflake domain: GLOBAL"}
{"level":"INFO","message":"[2:30:07.917 PM]: Trying to initialize Easy Logging"}
{"level":"INFO","message":"[2:30:07.926 PM]: No client config detected."}
{"level":"INFO","message":"[2:30:07.927 PM]: No config file path found. Client config will not be used."}
{"level":"INFO","message":"[2:30:07.927 PM]: Easy Logging is disabled as no config has been found"}
{"level":"INFO","message":"[2:30:07.928 PM]: Connection[id: f9ef3c95-6ca0-4e66-b249-7b539aa3c998] - authentication successful using: SNOWFLAKE"}
{"level":"INFO","message":"[2:30:10.197 PM]: Creating new connection object"}
{"level":"INFO","message":"[2:30:10.217 PM]: Creating Connection[id: 31c70384-c61f-40da-b3c8-bd6d01c7b83c] with host: QCQMHWR-UUC00658.snowflakecomputing.com, account: QCQMHWR-UUC00658, accessUrl: https://QCQMHWR-UUC00658.snowflakecomputing.com, user: JONAEDD08, role: undefined, database: WORLD_BANK_DB, schema: MACROECONOMICS, warehouse: COMPUTE_WH, proxy was not configured, password is provided, region: undefined, authenticator: SNOWFLAKE, ocsp mode: FAIL_OPEN, os: win32, os version: 10.0.26200"}
{"level":"INFO","message":"[2:30:10.218 PM]: Connection[id: 31c70384-c61f-40da-b3c8-bd6d01c7b83c] additional details: passcode in password is provided, passcode is not provided, private key is not provided, application: undefined, client name: snowflake-sdk, client version: 2.4.0, retry timeout: 300, private key path: undefined, private key pass is not provided, client store temporary credential: false, browser response timeout: 120000"}
{"level":"INFO","message":"[2:30:10.218 PM]: Connection[id: 31c70384-c61f-40da-b3c8-bd6d01c7b83c] - connection object created successfully."}
{"level":"INFO","message":"[2:30:10.219 PM]: Connection[id: 31c70384-c61f-40da-b3c8-bd6d01c7b83c] - async connecting. Associated Snowflake domain: GLOBAL"}
{"level":"INFO","message":"[2:30:10.219 PM]: Trying to initialize Easy Logging"}
{"level":"INFO","message":"[2:30:10.232 PM]: No client config detected."}
{"level":"INFO","message":"[2:30:10.233 PM]: No config file path found. Client config will not be used."}
{"level":"INFO","message":"[2:30:10.233 PM]: Easy Logging is disabled as no config has been found"}
{"level":"INFO","message":"[2:30:10.234 PM]: Connection[id: 31c70384-c61f-40da-b3c8-bd6d01c7b83c] - authentication successful using: SNOWFLAKE"}
{"level":"INFO","message":"[2:30:12.035 PM]: Creating new connection object"}
{"level":"INFO","message":"[2:30:12.054 PM]: Creating Connection[id: 6ccd18dd-9a46-41d6-a8a1-80cc897ce099] with host: QCQMHWR-UUC00658.snowflakecomputing.com, account: QCQMHWR-UUC00658, accessUrl: https://QCQMHWR-UUC00658.snowflakecomputing.com, user: JONAEDD08, role: undefined, database: WORLD_BANK_DB, schema: MACROECONOMICS, warehouse: COMPUTE_WH, proxy was not configured, password is provided, region: undefined, authenticator: SNOWFLAKE, ocsp mode: FAIL_OPEN, os: win32, os version: 10.0.26200"}
{"level":"INFO","message":"[2:30:12.055 PM]: Connection[id: 6ccd18dd-9a46-41d6-a8a1-80cc897ce099] additional details: passcode in password is provided, passcode is not provided, private key is not provided, application: undefined, client name: snowflake-sdk, client version: 2.4.0, retry timeout: 300, private key path: undefined, private key pass is not provided, client store temporary credential: false, browser response timeout: 120000"}
{"level":"INFO","message":"[2:30:12.055 PM]: Connection[id: 6ccd18dd-9a46-41d6-a8a1-80cc897ce099] - connection object created successfully."}
{"level":"INFO","message":"[2:30:12.056 PM]: Connection[id: 6ccd18dd-9a46-41d6-a8a1-80cc897ce099] - async connecting. Associated Snowflake domain: GLOBAL"}
{"level":"INFO","message":"[2:30:12.056 PM]: Trying to initialize Easy Logging"}
{"level":"INFO","message":"[2:30:12.065 PM]: No client config detected."}
{"level":"INFO","message":"[2:30:12.065 PM]: No config file path found. Client config will not be used."}
{"level":"INFO","message":"[2:30:12.065 PM]: Easy Logging is disabled as no config has been found"}
{"level":"INFO","message":"[2:30:12.066 PM]: Connection[id: 6ccd18dd-9a46-41d6-a8a1-80cc897ce099] - authentication successful using: SNOWFLAKE"}
{"level":"INFO","message":"[2:30:13.352 PM]: Connection[id: 6ccd18dd-9a46-41d6-a8a1-80cc897ce099] - connection established successfully after 1296.18 milliseconds"}
{"level":"INFO","message":"[2:30:17.861 PM]: Creating new connection object"}
{"level":"INFO","message":"[2:30:17.883 PM]: Creating Connection[id: 84d3dd4d-acdf-466b-8d64-b089a18de843] with host: QCQMHWR-UUC00658.snowflakecomputing.com, account: QCQMHWR-UUC00658, accessUrl: https://QCQMHWR-UUC00658.snowflakecomputing.com, user: JONAEDD08, role: undefined, database: WORLD_BANK_DB, schema: MACROECONOMICS, warehouse: COMPUTE_WH, proxy was not configured, password is provided, region: undefined, authenticator: SNOWFLAKE, ocsp mode: FAIL_OPEN, os: win32, os version: 10.0.26200"}
{"level":"INFO","message":"[2:30:17.883 PM]: Connection[id: 84d3dd4d-acdf-466b-8d64-b089a18de843] additional details: passcode in password is provided, passcode is not provided, private key is not provided, application: undefined, client name: snowflake-sdk, client version: 2.4.0, retry timeout: 300, private key path: undefined, private key pass is not provided, client store temporary credential: false, browser response timeout: 120000"}
{"level":"INFO","message":"[2:30:17.884 PM]: Connection[id: 84d3dd4d-acdf-466b-8d64-b089a18de843] - connection object created successfully."}
{"level":"INFO","message":"[2:30:17.884 PM]: Connection[id: 84d3dd4d-acdf-466b-8d64-b089a18de843] - async connecting. Associated Snowflake domain: GLOBAL"}
{"level":"INFO","message":"[2:30:17.885 PM]: Trying to initialize Easy Logging"}
{"level":"INFO","message":"[2:30:17.897 PM]: No client config detected."}
{"level":"INFO","message":"[2:30:17.898 PM]: No config file path found. Client config will not be used."}
{"level":"INFO","message":"[2:30:17.898 PM]: Easy Logging is disabled as no config has been found"}
{"level":"INFO","message":"[2:30:17.899 PM]: Connection[id: 84d3dd4d-acdf-466b-8d64-b089a18de843] - authentication successful using: SNOWFLAKE"}
{"level":"INFO","message":"[2:30:18.601 PM]: Connection[id: 84d3dd4d-acdf-466b-8d64-b089a18de843] - connection established successfully after 716.82 milliseconds"}
{"level":"INFO","message":"[2:30:34.725 PM]: Creating new connection object"}
{"level":"INFO","message":"[2:30:34.747 PM]: Creating Connection[id: 3018df44-8b15-49c3-8277-9ea8a7e31489] with host: QCQMHWR-UUC00658.snowflakecomputing.com, account: QCQMHWR-UUC00658, accessUrl: https://QCQMHWR-UUC00658.snowflakecomputing.com, user: JONAEDD08, role: undefined, database: WORLD_BANK_DB, schema: MACROECONOMICS, warehouse: COMPUTE_WH, proxy was not configured, password is provided, region: undefined, authenticator: SNOWFLAKE, ocsp mode: FAIL_OPEN, os: win32, os version: 10.0.26200"}
{"level":"INFO","message":"[2:30:34.748 PM]: Connection[id: 3018df44-8b15-49c3-8277-9ea8a7e31489] additional details: passcode in password is provided, passcode is not provided, private key is not provided, application: undefined, client name: snowflake-sdk, client version: 2.4.0, retry timeout: 300, private key path: undefined, private key pass is not provided, client store temporary credential: false, browser response timeout: 120000"}
{"level":"INFO","message":"[2:30:34.748 PM]: Connection[id: 3018df44-8b15-49c3-8277-9ea8a7e31489] - connection object created successfully."}
{"level":"INFO","message":"[2:30:34.749 PM]: Connection[id: 3018df44-8b15-49c3-8277-9ea8a7e31489] - async connecting. Associated Snowflake domain: GLOBAL"}
{"level":"INFO","message":"[2:30:34.750 PM]: Trying to initialize Easy Logging"}
{"level":"INFO","message":"[2:30:34.759 PM]: No client config detected."}
{"level":"INFO","message":"[2:30:34.759 PM]: No config file path found. Client config will not be used."}
{"level":"INFO","message":"[2:30:34.759 PM]: Easy Logging is disabled as no config has been found"}
{"level":"INFO","message":"[2:30:34.760 PM]: Connection[id: 3018df44-8b15-49c3-8277-9ea8a7e31489] - authentication successful using: SNOWFLAKE"}
{"level":"INFO","message":"[2:30:36.627 PM]: Creating new connection object"}
{"level":"INFO","message":"[2:30:36.661 PM]: Creating Connection[id: 340fcc21-e3a5-4f3e-8a68-55a86c90ca35] with host: QCQMHWR-UUC00658.snowflakecomputing.com, account: QCQMHWR-UUC00658, accessUrl: https://QCQMHWR-UUC00658.snowflakecomputing.com, user: JONAEDD08, role: undefined, database: WORLD_BANK_DB, schema: MACROECONOMICS, warehouse: COMPUTE_WH, proxy was not configured, password is provided, region: undefined, authenticator: SNOWFLAKE, ocsp mode: FAIL_OPEN, os: win32, os version: 10.0.26200"}
{"level":"INFO","message":"[2:30:36.662 PM]: Connection[id: 340fcc21-e3a5-4f3e-8a68-55a86c90ca35] additional details: passcode in password is provided, passcode is not provided, private key is not provided, application: undefined, client name: snowflake-sdk, client version: 2.4.0, retry timeout: 300, private key path: undefined, private key pass is not provided, client store temporary credential: false, browser response timeout: 120000"}
{"level":"INFO","message":"[2:30:36.663 PM]: Connection[id: 340fcc21-e3a5-4f3e-8a68-55a86c90ca35] - connection object created successfully."}
{"level":"INFO","message":"[2:30:36.664 PM]: Connection[id: 340fcc21-e3a5-4f3e-8a68-55a86c90ca35] - async connecting. Associated Snowflake domain: GLOBAL"}
{"level":"INFO","message":"[2:30:36.664 PM]: Trying to initialize Easy Logging"}
{"level":"INFO","message":"[2:30:36.679 PM]: No client config detected."}
{"level":"INFO","message":"[2:30:36.680 PM]: No config file path found. Client config will not be used."}
{"level":"INFO","message":"[2:30:36.680 PM]: Easy Logging is disabled as no config has been found"}
{"level":"INFO","message":"[2:30:36.681 PM]: Connection[id: 340fcc21-e3a5-4f3e-8a68-55a86c90ca35] - authentication successful using: SNOWFLAKE"}
{"level":"INFO","message":"[2:30:40.106 PM]: Connection[id: 340fcc21-e3a5-4f3e-8a68-55a86c90ca35] - connection established successfully after 3442.21 milliseconds"}
{"level":"INFO","message":"[2:30:45.100 PM]: Creating new connection object"}
{"level":"INFO","message":"[2:30:45.120 PM]: Creating Connection[id: 1a083385-5bef-4f58-b3d4-c30f8c5f8ec6] with host: QCQMHWR-UUC00658.snowflakecomputing.com, account: QCQMHWR-UUC00658, accessUrl: https://QCQMHWR-UUC00658.snowflakecomputing.com, user: JONAEDD08, role: undefined, database: WORLD_BANK_DB, schema: MACROECONOMICS, warehouse: COMPUTE_WH, proxy was not configured, password is provided, region: undefined, authenticator: SNOWFLAKE, ocsp mode: FAIL_OPEN, os: win32, os version: 10.0.26200"}
{"level":"INFO","message":"[2:30:45.120 PM]: Connection[id: 1a083385-5bef-4f58-b3d4-c30f8c5f8ec6] additional details: passcode in password is provided, passcode is not provided, private key is not provided, application: undefined, client name: snowflake-sdk, client version: 2.4.0, retry timeout: 300, private key path: undefined, private key pass is not provided, client store temporary credential: false, browser response timeout: 120000"}
{"level":"INFO","message":"[2:30:45.120 PM]: Connection[id: 1a083385-5bef-4f58-b3d4-c30f8c5f8ec6] - connection object created successfully."}
{"level":"INFO","message":"[2:30:45.121 PM]: Connection[id: 1a083385-5bef-4f58-b3d4-c30f8c5f8ec6] - async connecting. Associated Snowflake domain: GLOBAL"}
{"level":"INFO","message":"[2:30:45.122 PM]: Trying to initialize Easy Logging"}
{"level":"INFO","message":"[2:30:45.130 PM]: No client config detected."}
{"level":"INFO","message":"[2:30:45.130 PM]: No config file path found. Client config will not be used."}
{"level":"INFO","message":"[2:30:45.130 PM]: Easy Logging is disabled as no config has been found"}
{"level":"INFO","message":"[2:30:45.131 PM]: Connection[id: 1a083385-5bef-4f58-b3d4-c30f8c5f8ec6] - authentication successful using: SNOWFLAKE"}
{"level":"INFO","message":"[2:30:45.637 PM]: Connection[id: 1a083385-5bef-4f58-b3d4-c30f8c5f8ec6] - connection established successfully after 516.07 milliseconds"}
{"level":"INFO","message":"[2:30:55.863 PM]: Creating new connection object"}
{"level":"INFO","message":"[2:30:55.891 PM]: Creating Connection[id: e9f5f3c5-3ee6-4688-b33d-951fe0088c50] with host: QCQMHWR-UUC00658.snowflakecomputing.com, account: QCQMHWR-UUC00658, accessUrl: https://QCQMHWR-UUC00658.snowflakecomputing.com, user: JONAEDD08, role: undefined, database: WORLD_BANK_DB, schema: MACROECONOMICS, warehouse: COMPUTE_WH, proxy was not configured, password is provided, region: undefined, authenticator: SNOWFLAKE, ocsp mode: FAIL_OPEN, os: win32, os version: 10.0.26200"}
{"level":"INFO","message":"[2:30:55.892 PM]: Connection[id: e9f5f3c5-3ee6-4688-b33d-951fe0088c50] additional details: passcode in password is provided, passcode is not provided, private key is not provided, application: undefined, client name: snowflake-sdk, client version: 2.4.0, retry timeout: 300, private key path: undefined, private key pass is not provided, client store temporary credential: false, browser response timeout: 120000"}
{"level":"INFO","message":"[2:30:55.893 PM]: Connection[id: e9f5f3c5-3ee6-4688-b33d-951fe0088c50] - connection object created successfully."}
{"level":"INFO","message":"[2:30:55.894 PM]: Connection[id: e9f5f3c5-3ee6-4688-b33d-951fe0088c50] - async connecting. Associated Snowflake domain: GLOBAL"}
{"level":"INFO","message":"[2:30:55.894 PM]: Trying to initialize Easy Logging"}
{"level":"INFO","message":"[2:30:55.905 PM]: No client config detected."}
{"level":"INFO","message":"[2:30:55.905 PM]: No config file path found. Client config will not be used."}
{"level":"INFO","message":"[2:30:55.906 PM]: Easy Logging is disabled as no config has been found"}
{"level":"INFO","message":"[2:30:55.906 PM]: Connection[id: e9f5f3c5-3ee6-4688-b33d-951fe0088c50] - authentication successful using: SNOWFLAKE"}
{"level":"INFO","message":"[2:31:01.940 PM]: Creating new connection object"}
{"level":"INFO","message":"[2:31:01.964 PM]: Creating Connection[id: 5913dc6c-8388-4890-8cc4-261fa8afc49d] with host: QCQMHWR-UUC00658.snowflakecomputing.com, account: QCQMHWR-UUC00658, accessUrl: https://QCQMHWR-UUC00658.snowflakecomputing.com, user: JONAEDD08, role: undefined, database: WORLD_BANK_DB, schema: MACROECONOMICS, warehouse: COMPUTE_WH, proxy was not configured, password is provided, region: undefined, authenticator: SNOWFLAKE, ocsp mode: FAIL_OPEN, os: win32, os version: 10.0.26200"}
{"level":"INFO","message":"[2:31:01.965 PM]: Connection[id: 5913dc6c-8388-4890-8cc4-261fa8afc49d] additional details: passcode in password is provided, passcode is not provided, private key is not provided, application: undefined, client name: snowflake-sdk, client version: 2.4.0, retry timeout: 300, private key path: undefined, private key pass is not provided, client store temporary credential: false, browser response timeout: 120000"}
{"level":"INFO","message":"[2:31:01.966 PM]: Connection[id: 5913dc6c-8388-4890-8cc4-261fa8afc49d] - connection object created successfully."}
{"level":"INFO","message":"[2:31:01.966 PM]: Connection[id: 5913dc6c-8388-4890-8cc4-261fa8afc49d] - async connecting. Associated Snowflake domain: GLOBAL"}
{"level":"INFO","message":"[2:31:01.967 PM]: Trying to initialize Easy Logging"}
{"level":"INFO","message":"[2:31:01.977 PM]: No client config detected."}
{"level":"INFO","message":"[2:31:01.977 PM]: No config file path found. Client config will not be used."}
{"level":"INFO","message":"[2:31:01.978 PM]: Easy Logging is disabled as no config has been found"}
{"level":"INFO","message":"[2:31:01.979 PM]: Connection[id: 5913dc6c-8388-4890-8cc4-261fa8afc49d] - authentication successful using: SNOWFLAKE"}
{"level":"INFO","message":"[2:31:02.507 PM]: Connection[id: 5913dc6c-8388-4890-8cc4-261fa8afc49d] - connection established successfully after 540.79 milliseconds"}
{"level":"INFO","message":"[2:31:13.621 PM]: Creating new connection object"}
{"level":"INFO","message":"[2:31:13.648 PM]: Creating Connection[id: a54f0c64-4bc2-4776-b04a-72155dca02d6] with host: QCQMHWR-UUC00658.snowflakecomputing.com, account: QCQMHWR-UUC00658, accessUrl: https://QCQMHWR-UUC00658.snowflakecomputing.com, user: JONAEDD08, role: undefined, database: WORLD_BANK_DB, schema: MACROECONOMICS, warehouse: COMPUTE_WH, proxy was not configured, password is provided, region: undefined, authenticator: SNOWFLAKE, ocsp mode: FAIL_OPEN, os: win32, os version: 10.0.26200"}
{"level":"INFO","message":"[2:31:13.649 PM]: Connection[id: a54f0c64-4bc2-4776-b04a-72155dca02d6] additional details: passcode in password is provided, passcode is not provided, private key is not provided, application: undefined, client name: snowflake-sdk, client version: 2.4.0, retry timeout: 300, private key path: undefined, private key pass is not provided, client store temporary credential: false, browser response timeout: 120000"}
{"level":"INFO","message":"[2:31:13.649 PM]: Connection[id: a54f0c64-4bc2-4776-b04a-72155dca02d6] - connection object created successfully."}
{"level":"INFO","message":"[2:31:13.650 PM]: Connection[id: a54f0c64-4bc2-4776-b04a-72155dca02d6] - async connecting. Associated Snowflake domain: GLOBAL"}
{"level":"INFO","message":"[2:31:13.650 PM]: Trying to initialize Easy Logging"}
{"level":"INFO","message":"[2:31:13.663 PM]: No client config detected."}
{"level":"INFO","message":"[2:31:13.663 PM]: No config file path found. Client config will not be used."}
{"level":"INFO","message":"[2:31:13.664 PM]: Easy Logging is disabled as no config has been found"}
{"level":"INFO","message":"[2:31:13.664 PM]: Connection[id: a54f0c64-4bc2-4776-b04a-72155dca02d6] - authentication successful using: SNOWFLAKE"}
{"level":"INFO","message":"[2:31:15.540 PM]: Connection[id: a54f0c64-4bc2-4776-b04a-72155dca02d6] - connection established successfully after 1889.99 milliseconds"}
{"level":"INFO","message":"[2:31:22.317 PM]: Creating new connection object"}
{"level":"INFO","message":"[2:31:22.343 PM]: Creating Connection[id: 6c1410e1-d42d-423e-b25a-995c8e5e4ec0] with host: QCQMHWR-UUC00658.snowflakecomputing.com, account: QCQMHWR-UUC00658, accessUrl: https://QCQMHWR-UUC00658.snowflakecomputing.com, user: JONAEDD08, role: undefined, database: WORLD_BANK_DB, schema: MACROECONOMICS, warehouse: COMPUTE_WH, proxy was not configured, password is provided, region: undefined, authenticator: SNOWFLAKE, ocsp mode: FAIL_OPEN, os: win32, os version: 10.0.26200"}
{"level":"INFO","message":"[2:31:22.343 PM]: Connection[id: 6c1410e1-d42d-423e-b25a-995c8e5e4ec0] additional details: passcode in password is provided, passcode is not provided, private key is not provided, application: undefined, client name: snowflake-sdk, client version: 2.4.0, retry timeout: 300, private key path: undefined, private key pass is not provided, client store temporary credential: false, browser response timeout: 120000"}
{"level":"INFO","message":"[2:31:22.344 PM]: Connection[id: 6c1410e1-d42d-423e-b25a-995c8e5e4ec0] - connection object created successfully."}
{"level":"INFO","message":"[2:31:22.345 PM]: Connection[id: 6c1410e1-d42d-423e-b25a-995c8e5e4ec0] - async connecting. Associated Snowflake domain: GLOBAL"}
{"level":"INFO","message":"[2:31:22.345 PM]: Trying to initialize Easy Logging"}
{"level":"INFO","message":"[2:31:22.356 PM]: No client config detected."}
{"level":"INFO","message":"[2:31:22.356 PM]: No config file path found. Client config will not be used."}
{"level":"INFO","message":"[2:31:22.356 PM]: Easy Logging is disabled as no config has been found"}
{"level":"INFO","message":"[2:31:22.357 PM]: Connection[id: 6c1410e1-d42d-423e-b25a-995c8e5e4ec0] - authentication successful using: SNOWFLAKE"}
{"level":"INFO","message":"[2:31:23.550 PM]: Connection[id: 6c1410e1-d42d-423e-b25a-995c8e5e4ec0] - connection established successfully after 1205.92 milliseconds"}
{"level":"INFO","message":"[2:31:35.795 PM]: Creating new connection object"}
{"level":"INFO","message":"[2:31:35.817 PM]: Creating Connection[id: 5cd76ef7-31bc-4150-8f06-f00c4bfbb35d] with host: QCQMHWR-UUC00658.snowflakecomputing.com, account: QCQMHWR-UUC00658, accessUrl: https://QCQMHWR-UUC00658.snowflakecomputing.com, user: JONAEDD08, role: undefined, database: WORLD_BANK_DB, schema: MACROECONOMICS, warehouse: COMPUTE_WH, proxy was not configured, password is provided, region: undefined, authenticator: SNOWFLAKE, ocsp mode: FAIL_OPEN, os: win32, os version: 10.0.26200"}
{"level":"INFO","message":"[2:31:35.817 PM]: Connection[id: 5cd76ef7-31bc-4150-8f06-f00c4bfbb35d] additional details: passcode in password is provided, passcode is not provided, private key is not provided, application: undefined, client name: snowflake-sdk, client version: 2.4.0, retry timeout: 300, private key path: undefined, private key pass is not provided, client store temporary credential: false, browser response timeout: 120000"}
{"level":"INFO","message":"[2:31:35.818 PM]: Connection[id: 5cd76ef7-31bc-4150-8f06-f00c4bfbb35d] - connection object created successfully."}
{"level":"INFO","message":"[2:31:35.818 PM]: Connection[id: 5cd76ef7-31bc-4150-8f06-f00c4bfbb35d] - async connecting. Associated Snowflake domain: GLOBAL"}
{"level":"INFO","message":"[2:31:35.819 PM]: Trying to initialize Easy Logging"}
{"level":"INFO","message":"[2:31:35.828 PM]: No client config detected."}
{"level":"INFO","message":"[2:31:35.829 PM]: No config file path found. Client config will not be used."}
{"level":"INFO","message":"[2:31:35.829 PM]: Easy Logging is disabled as no config has been found"}
{"level":"INFO","message":"[2:31:35.829 PM]: Connection[id: 5cd76ef7-31bc-4150-8f06-f00c4bfbb35d] - authentication successful using: SNOWFLAKE"}
{"level":"INFO","message":"[2:31:37.166 PM]: Connection[id: 5cd76ef7-31bc-4150-8f06-f00c4bfbb35d] - connection established successfully after 1347.63 milliseconds"}
{"level":"INFO","message":"[2:31:46.952 PM]: Creating new connection object"}
{"level":"INFO","message":"[2:31:46.971 PM]: Creating Connection[id: 4d02615e-538c-43c4-a1f3-f7d1fb12349c] with host: QCQMHWR-UUC00658.snowflakecomputing.com, account: QCQMHWR-UUC00658, accessUrl: https://QCQMHWR-UUC00658.snowflakecomputing.com, user: JONAEDD08, role: undefined, database: WORLD_BANK_DB, schema: MACROECONOMICS, warehouse: COMPUTE_WH, proxy was not configured, password is provided, region: undefined, authenticator: SNOWFLAKE, ocsp mode: FAIL_OPEN, os: win32, os version: 10.0.26200"}
{"level":"INFO","message":"[2:31:46.971 PM]: Connection[id: 4d02615e-538c-43c4-a1f3-f7d1fb12349c] additional details: passcode in password is provided, passcode is not provided, private key is not provided, application: undefined, client name: snowflake-sdk, client version: 2.4.0, retry timeout: 300, private key path: undefined, private key pass is not provided, client store temporary credential: false, browser response timeout: 120000"}
{"level":"INFO","message":"[2:31:46.972 PM]: Connection[id: 4d02615e-538c-43c4-a1f3-f7d1fb12349c] - connection object created successfully."}
{"level":"INFO","message":"[2:31:46.973 PM]: Connection[id: 4d02615e-538c-43c4-a1f3-f7d1fb12349c] - async connecting. Associated Snowflake domain: GLOBAL"}
{"level":"INFO","message":"[2:31:46.973 PM]: Trying to initialize Easy Logging"}
{"level":"INFO","message":"[2:31:46.980 PM]: No client config detected."}
{"level":"INFO","message":"[2:31:46.981 PM]: No config file path found. Client config will not be used."}
{"level":"INFO","message":"[2:31:46.981 PM]: Easy Logging is disabled as no config has been found"}
{"level":"INFO","message":"[2:31:46.981 PM]: Connection[id: 4d02615e-538c-43c4-a1f3-f7d1fb12349c] - authentication successful using: SNOWFLAKE"}
{"level":"INFO","message":"[2:31:48.523 PM]: Connection[id: 4d02615e-538c-43c4-a1f3-f7d1fb12349c] - connection established successfully after 1550.65 milliseconds"}
{"level":"INFO","message":"[2:32:11.060 PM]: Creating new connection object"}
{"level":"INFO","message":"[2:32:11.084 PM]: Creating Connection[id: 1ba1af04-2da9-409e-9680-8fadbce94e00] with host: QCQMHWR-UUC00658.snowflakecomputing.com, account: QCQMHWR-UUC00658, accessUrl: https://QCQMHWR-UUC00658.snowflakecomputing.com, user: JONAEDD08, role: undefined, database: WORLD_BANK_DB, schema: MACROECONOMICS, warehouse: COMPUTE_WH, proxy was not configured, password is provided, region: undefined, authenticator: SNOWFLAKE, ocsp mode: FAIL_OPEN, os: win32, os version: 10.0.26200"}
{"level":"INFO","message":"[2:32:11.085 PM]: Connection[id: 1ba1af04-2da9-409e-9680-8fadbce94e00] additional details: passcode in password is provided, passcode is not provided, private key is not provided, application: undefined, client name: snowflake-sdk, client version: 2.4.0, retry timeout: 300, private key path: undefined, private key pass is not provided, client store temporary credential: false, browser response timeout: 120000"}
{"level":"INFO","message":"[2:32:11.085 PM]: Connection[id: 1ba1af04-2da9-409e-9680-8fadbce94e00] - connection object created successfully."}
{"level":"INFO","message":"[2:32:11.086 PM]: Connection[id: 1ba1af04-2da9-409e-9680-8fadbce94e00] - async connecting. Associated Snowflake domain: GLOBAL"}
{"level":"INFO","message":"[2:32:11.087 PM]: Trying to initialize Easy Logging"}
{"level":"INFO","message":"[2:32:11.098 PM]: No client config detected."}
{"level":"INFO","message":"[2:32:11.099 PM]: No config file path found. Client config will not be used."}
{"level":"INFO","message":"[2:32:11.099 PM]: Easy Logging is disabled as no config has been found"}
{"level":"INFO","message":"[2:32:11.100 PM]: Connection[id: 1ba1af04-2da9-409e-9680-8fadbce94e00] - authentication successful using: SNOWFLAKE"}
{"level":"INFO","message":"[2:32:13.745 PM]: Creating new connection object"}
{"level":"INFO","message":"[2:32:13.766 PM]: Creating Connection[id: 4c4007d4-16b3-4956-9d13-ecd6ce5340c2] with host: QCQMHWR-UUC00658.snowflakecomputing.com, account: QCQMHWR-UUC00658, accessUrl: https://QCQMHWR-UUC00658.snowflakecomputing.com, user: JONAEDD08, role: undefined, database: WORLD_BANK_DB, schema: MACROECONOMICS, warehouse: COMPUTE_WH, proxy was not configured, password is provided, region: undefined, authenticator: SNOWFLAKE, ocsp mode: FAIL_OPEN, os: win32, os version: 10.0.26200"}
{"level":"INFO","message":"[2:32:13.767 PM]: Connection[id: 4c4007d4-16b3-4956-9d13-ecd6ce5340c2] additional details: passcode in password is provided, passcode is not provided, private key is not provided, application: undefined, client name: snowflake-sdk, client version: 2.4.0, retry timeout: 300, private key path: undefined, private key pass is not provided, client store temporary credential: false, browser response timeout: 120000"}
{"level":"INFO","message":"[2:32:13.768 PM]: Connection[id: 4c4007d4-16b3-4956-9d13-ecd6ce5340c2] - connection object created successfully."}
{"level":"INFO","message":"[2:32:13.768 PM]: Connection[id: 4c4007d4-16b3-4956-9d13-ecd6ce5340c2] - async connecting. Associated Snowflake domain: GLOBAL"}
{"level":"INFO","message":"[2:32:13.769 PM]: Trying to initialize Easy Logging"}
{"level":"INFO","message":"[2:32:13.778 PM]: No client config detected."}
{"level":"INFO","message":"[2:32:13.779 PM]: No config file path found. Client config will not be used."}
{"level":"INFO","message":"[2:32:13.779 PM]: Easy Logging is disabled as no config has been found"}
{"level":"INFO","message":"[2:32:13.780 PM]: Connection[id: 4c4007d4-16b3-4956-9d13-ecd6ce5340c2] - authentication successful using: SNOWFLAKE"}
{"level":"INFO","message":"[2:32:15.249 PM]: Connection[id: 4c4007d4-16b3-4956-9d13-ecd6ce5340c2] - connection established successfully after 1480.6 milliseconds"}
{"level":"INFO","message":"[2:32:23.568 PM]: Creating new connection object"}
{"level":"INFO","message":"[2:32:23.595 PM]: Creating Connection[id: b9e63803-876c-4053-8df2-7b166ecbae6c] with host: QCQMHWR-UUC00658.snowflakecomputing.com, account: QCQMHWR-UUC00658, accessUrl: https://QCQMHWR-UUC00658.snowflakecomputing.com, user: JONAEDD08, role: undefined, database: WORLD_BANK_DB, schema: MACROECONOMICS, warehouse: COMPUTE_WH, proxy was not configured, password is provided, region: undefined, authenticator: SNOWFLAKE, ocsp mode: FAIL_OPEN, os: win32, os version: 10.0.26200"}
{"level":"INFO","message":"[2:32:23.596 PM]: Connection[id: b9e63803-876c-4053-8df2-7b166ecbae6c] additional details: passcode in password is provided, passcode is not provided, private key is not provided, application: undefined, client name: snowflake-sdk, client version: 2.4.0, retry timeout: 300, private key path: undefined, private key pass is not provided, client store temporary credential: false, browser response timeout: 120000"}
{"level":"INFO","message":"[2:32:23.596 PM]: Connection[id: b9e63803-876c-4053-8df2-7b166ecbae6c] - connection object created successfully."}
{"level":"INFO","message":"[2:32:23.597 PM]: Connection[id: b9e63803-876c-4053-8df2-7b166ecbae6c] - async connecting. Associated Snowflake domain: GLOBAL"}
{"level":"INFO","message":"[2:32:23.598 PM]: Trying to initialize Easy Logging"}
{"level":"INFO","message":"[2:32:23.612 PM]: No client config detected."}
{"level":"INFO","message":"[2:32:23.613 PM]: No config file path found. Client config will not be used."}
{"level":"INFO","message":"[2:32:23.613 PM]: Easy Logging is disabled as no config has been found"}
{"level":"INFO","message":"[2:32:23.614 PM]: Connection[id: b9e63803-876c-4053-8df2-7b166ecbae6c] - authentication successful using: SNOWFLAKE"}
{"level":"INFO","message":"[2:32:25.019 PM]: Connection[id: b9e63803-876c-4053-8df2-7b166ecbae6c] - connection established successfully after 1421.35 milliseconds"}
{"level":"INFO","message":"[2:32:27.648 PM]: Creating new connection object"}
{"level":"INFO","message":"[2:32:27.673 PM]: Creating Connection[id: 9a66d83e-995b-405e-99a6-a44973597e89] with host: QCQMHWR-UUC00658.snowflakecomputing.com, account: QCQMHWR-UUC00658, accessUrl: https://QCQMHWR-UUC00658.snowflakecomputing.com, user: JONAEDD08, role: undefined, database: WORLD_BANK_DB, schema: MACROECONOMICS, warehouse: COMPUTE_WH, proxy was not configured, password is provided, region: undefined, authenticator: SNOWFLAKE, ocsp mode: FAIL_OPEN, os: win32, os version: 10.0.26200"}
{"level":"INFO","message":"[2:32:27.674 PM]: Connection[id: 9a66d83e-995b-405e-99a6-a44973597e89] additional details: passcode in password is provided, passcode is not provided, private key is not provided, application: undefined, client name: snowflake-sdk, client version: 2.4.0, retry timeout: 300, private key path: undefined, private key pass is not provided, client store temporary credential: false, browser response timeout: 120000"}
{"level":"INFO","message":"[2:32:27.674 PM]: Connection[id: 9a66d83e-995b-405e-99a6-a44973597e89] - connection object created successfully."}
{"level":"INFO","message":"[2:32:27.675 PM]: Connection[id: 9a66d83e-995b-405e-99a6-a44973597e89] - async connecting. Associated Snowflake domain: GLOBAL"}
{"level":"INFO","message":"[2:32:27.675 PM]: Trying to initialize Easy Logging"}
{"level":"INFO","message":"[2:32:27.685 PM]: No client config detected."}
{"level":"INFO","message":"[2:32:27.685 PM]: No config file path found. Client config will not be used."}
{"level":"INFO","message":"[2:32:27.685 PM]: Easy Logging is disabled as no config has been found"}
{"level":"INFO","message":"[2:32:27.686 PM]: Connection[id: 9a66d83e-995b-405e-99a6-a44973597e89] - authentication successful using: SNOWFLAKE"}
{"level":"INFO","message":"[2:32:28.362 PM]: Connection[id: 9a66d83e-995b-405e-99a6-a44973597e89] - connection established successfully after 686.74 milliseconds"}
{"level":"INFO","message":"[2:32:43.212 PM]: Creating new connection object"}
{"level":"INFO","message":"[2:32:43.242 PM]: Creating Connection[id: 5a5df1b5-139e-448a-890e-f4a56787b828] with host: QCQMHWR-UUC00658.snowflakecomputing.com, account: QCQMHWR-UUC00658, accessUrl: https://QCQMHWR-UUC00658.snowflakecomputing.com, user: JONAEDD08, role: undefined, database: WORLD_BANK_DB, schema: MACROECONOMICS, warehouse: COMPUTE_WH, proxy was not configured, password is provided, region: undefined, authenticator: SNOWFLAKE, ocsp mode: FAIL_OPEN, os: win32, os version: 10.0.26200"}
{"level":"INFO","message":"[2:32:43.243 PM]: Connection[id: 5a5df1b5-139e-448a-890e-f4a56787b828] additional details: passcode in password is provided, passcode is not provided, private key is not provided, application: undefined, client name: snowflake-sdk, client version: 2.4.0, retry timeout: 300, private key path: undefined, private key pass is not provided, client store temporary credential: false, browser response timeout: 120000"}
{"level":"INFO","message":"[2:32:43.244 PM]: Connection[id: 5a5df1b5-139e-448a-890e-f4a56787b828] - connection object created successfully."}
{"level":"INFO","message":"[2:32:43.245 PM]: Connection[id: 5a5df1b5-139e-448a-890e-f4a56787b828] - async connecting. Associated Snowflake domain: GLOBAL"}
{"level":"INFO","message":"[2:32:43.245 PM]: Trying to initialize Easy Logging"}
{"level":"INFO","message":"[2:32:43.254 PM]: No client config detected."}
{"level":"INFO","message":"[2:32:43.255 PM]: No config file path found. Client config will not be used."}
{"level":"INFO","message":"[2:32:43.255 PM]: Easy Logging is disabled as no config has been found"}
{"level":"INFO","message":"[2:32:43.256 PM]: Connection[id: 5a5df1b5-139e-448a-890e-f4a56787b828] - authentication successful using: SNOWFLAKE"}
{"level":"INFO","message":"[2:32:45.558 PM]: Creating new connection object"}
{"level":"INFO","message":"[2:32:45.578 PM]: Creating Connection[id: 282666a8-dcf9-4b56-a4a3-948cd23958fe] with host: QCQMHWR-UUC00658.snowflakecomputing.com, account: QCQMHWR-UUC00658, accessUrl: https://QCQMHWR-UUC00658.snowflakecomputing.com, user: JONAEDD08, role: undefined, database: WORLD_BANK_DB, schema: MACROECONOMICS, warehouse: COMPUTE_WH, proxy was not configured, password is provided, region: undefined, authenticator: SNOWFLAKE, ocsp mode: FAIL_OPEN, os: win32, os version: 10.0.26200"}
{"level":"INFO","message":"[2:32:45.579 PM]: Connection[id: 282666a8-dcf9-4b56-a4a3-948cd23958fe] additional details: passcode in password is provided, passcode is not provided, private key is not provided, application: undefined, client name: snowflake-sdk, client version: 2.4.0, retry timeout: 300, private key path: undefined, private key pass is not provided, client store temporary credential: false, browser response timeout: 120000"}
{"level":"INFO","message":"[2:32:45.579 PM]: Connection[id: 282666a8-dcf9-4b56-a4a3-948cd23958fe] - connection object created successfully."}
{"level":"INFO","message":"[2:32:45.580 PM]: Connection[id: 282666a8-dcf9-4b56-a4a3-948cd23958fe] - async connecting. Associated Snowflake domain: GLOBAL"}
{"level":"INFO","message":"[2:32:45.580 PM]: Trying to initialize Easy Logging"}
{"level":"INFO","message":"[2:32:45.591 PM]: No client config detected."}
{"level":"INFO","message":"[2:32:45.592 PM]: No config file path found. Client config will not be used."}
{"level":"INFO","message":"[2:32:45.592 PM]: Easy Logging is disabled as no config has been found"}
{"level":"INFO","message":"[2:32:45.592 PM]: Connection[id: 282666a8-dcf9-4b56-a4a3-948cd23958fe] - authentication successful using: SNOWFLAKE"}
{"level":"INFO","message":"[2:32:46.113 PM]: Connection[id: 282666a8-dcf9-4b56-a4a3-948cd23958fe] - connection established successfully after 533.33 milliseconds"}
{"level":"INFO","message":"[2:32:48.530 PM]: Creating new connection object"}
{"level":"INFO","message":"[2:32:48.553 PM]: Creating Connection[id: 1efb97d3-cedf-4f6b-affd-a3f48d0e4610] with host: QCQMHWR-UUC00658.snowflakecomputing.com, account: QCQMHWR-UUC00658, accessUrl: https://QCQMHWR-UUC00658.snowflakecomputing.com, user: JONAEDD08, role: undefined, database: WORLD_BANK_DB, schema: MACROECONOMICS, warehouse: COMPUTE_WH, proxy was not configured, password is provided, region: undefined, authenticator: SNOWFLAKE, ocsp mode: FAIL_OPEN, os: win32, os version: 10.0.26200"}
{"level":"INFO","message":"[2:32:48.554 PM]: Connection[id: 1efb97d3-cedf-4f6b-affd-a3f48d0e4610] additional details: passcode in password is provided, passcode is not provided, private key is not provided, application: undefined, client name: snowflake-sdk, client version: 2.4.0, retry timeout: 300, private key path: undefined, private key pass is not provided, client store temporary credential: false, browser response timeout: 120000"}
{"level":"INFO","message":"[2:32:48.555 PM]: Connection[id: 1efb97d3-cedf-4f6b-affd-a3f48d0e4610] - connection object created successfully."}
{"level":"INFO","message":"[2:32:48.555 PM]: Connection[id: 1efb97d3-cedf-4f6b-affd-a3f48d0e4610] - async connecting. Associated Snowflake domain: GLOBAL"}
{"level":"INFO","message":"[2:32:48.556 PM]: Trying to initialize Easy Logging"}
{"level":"INFO","message":"[2:32:48.565 PM]: No client config detected."}
{"level":"INFO","message":"[2:32:48.566 PM]: No config file path found. Client config will not be used."}
{"level":"INFO","message":"[2:32:48.566 PM]: Easy Logging is disabled as no config has been found"}
{"level":"INFO","message":"[2:32:48.567 PM]: Connection[id: 1efb97d3-cedf-4f6b-affd-a3f48d0e4610] - authentication successful using: SNOWFLAKE"}
{"level":"INFO","message":"[2:32:49.812 PM]: Connection[id: 1efb97d3-cedf-4f6b-affd-a3f48d0e4610] - connection established successfully after 1256.16 milliseconds"}
{"level":"INFO","message":"[2:33:08.375 PM]: Creating new connection object"}
{"level":"INFO","message":"[2:33:08.403 PM]: Creating Connection[id: 92bed43c-bf23-40d4-a65d-9f00ac4e7243] with host: QCQMHWR-UUC00658.snowflakecomputing.com, account: QCQMHWR-UUC00658, accessUrl: https://QCQMHWR-UUC00658.snowflakecomputing.com, user: JONAEDD08, role: undefined, database: WORLD_BANK_DB, schema: MACROECONOMICS, warehouse: COMPUTE_WH, proxy was not configured, password is provided, region: undefined, authenticator: SNOWFLAKE, ocsp mode: FAIL_OPEN, os: win32, os version: 10.0.26200"}
{"level":"INFO","message":"[2:33:08.404 PM]: Connection[id: 92bed43c-bf23-40d4-a65d-9f00ac4e7243] additional details: passcode in password is provided, passcode is not provided, private key is not provided, application: undefined, client name: snowflake-sdk, client version: 2.4.0, retry timeout: 300, private key path: undefined, private key pass is not provided, client store temporary credential: false, browser response timeout: 120000"}
{"level":"INFO","message":"[2:33:08.404 PM]: Connection[id: 92bed43c-bf23-40d4-a65d-9f00ac4e7243] - connection object created successfully."}
{"level":"INFO","message":"[2:33:08.405 PM]: Connection[id: 92bed43c-bf23-40d4-a65d-9f00ac4e7243] - async connecting. Associated Snowflake domain: GLOBAL"}
{"level":"INFO","message":"[2:33:08.405 PM]: Trying to initialize Easy Logging"}
{"level":"INFO","message":"[2:33:08.417 PM]: No client config detected."}
{"level":"INFO","message":"[2:33:08.417 PM]: No config file path found. Client config will not be used."}
{"level":"INFO","message":"[2:33:08.417 PM]: Easy Logging is disabled as no config has been found"}
{"level":"INFO","message":"[2:33:08.418 PM]: Connection[id: 92bed43c-bf23-40d4-a65d-9f00ac4e7243] - authentication successful using: SNOWFLAKE"}
{"level":"INFO","message":"[2:33:11.201 PM]: Creating new connection object"}
{"level":"INFO","message":"[2:33:11.233 PM]: Creating Connection[id: a8ea6963-f50d-430e-b54c-ea273e6c9680] with host: QCQMHWR-UUC00658.snowflakecomputing.com, account: QCQMHWR-UUC00658, accessUrl: https://QCQMHWR-UUC00658.snowflakecomputing.com, user: JONAEDD08, role: undefined, database: WORLD_BANK_DB, schema: MACROECONOMICS, warehouse: COMPUTE_WH, proxy was not configured, password is provided, region: undefined, authenticator: SNOWFLAKE, ocsp mode: FAIL_OPEN, os: win32, os version: 10.0.26200"}
{"level":"INFO","message":"[2:33:11.234 PM]: Connection[id: a8ea6963-f50d-430e-b54c-ea273e6c9680] additional details: passcode in password is provided, passcode is not provided, private key is not provided, application: undefined, client name: snowflake-sdk, client version: 2.4.0, retry timeout: 300, private key path: undefined, private key pass is not provided, client store temporary credential: false, browser response timeout: 120000"}
{"level":"INFO","message":"[2:33:11.235 PM]: Connection[id: a8ea6963-f50d-430e-b54c-ea273e6c9680] - connection object created successfully."}
{"level":"INFO","message":"[2:33:11.236 PM]: Connection[id: a8ea6963-f50d-430e-b54c-ea273e6c9680] - async connecting. Associated Snowflake domain: GLOBAL"}
{"level":"INFO","message":"[2:33:11.237 PM]: Trying to initialize Easy Logging"}
{"level":"INFO","message":"[2:33:11.245 PM]: No client config detected."}
{"level":"INFO","message":"[2:33:11.246 PM]: No config file path found. Client config will not be used."}
{"level":"INFO","message":"[2:33:11.246 PM]: Easy Logging is disabled as no config has been found"}
{"level":"INFO","message":"[2:33:11.247 PM]: Connection[id: a8ea6963-f50d-430e-b54c-ea273e6c9680] - authentication successful using: SNOWFLAKE"}
{"level":"INFO","message":"[2:33:13.870 PM]: Creating new connection object"}
{"level":"INFO","message":"[2:33:13.894 PM]: Creating Connection[id: d79e9792-ee50-4be1-907a-62ab9318db94] with host: QCQMHWR-UUC00658.snowflakecomputing.com, account: QCQMHWR-UUC00658, accessUrl: https://QCQMHWR-UUC00658.snowflakecomputing.com, user: JONAEDD08, role: undefined, database: WORLD_BANK_DB, schema: MACROECONOMICS, warehouse: COMPUTE_WH, proxy was not configured, password is provided, region: undefined, authenticator: SNOWFLAKE, ocsp mode: FAIL_OPEN, os: win32, os version: 10.0.26200"}
{"level":"INFO","message":"[2:33:13.895 PM]: Connection[id: d79e9792-ee50-4be1-907a-62ab9318db94] additional details: passcode in password is provided, passcode is not provided, private key is not provided, application: undefined, client name: snowflake-sdk, client version: 2.4.0, retry timeout: 300, private key path: undefined, private key pass is not provided, client store temporary credential: false, browser response timeout: 120000"}
{"level":"INFO","message":"[2:33:13.895 PM]: Connection[id: d79e9792-ee50-4be1-907a-62ab9318db94] - connection object created successfully."}
{"level":"INFO","message":"[2:33:13.896 PM]: Connection[id: d79e9792-ee50-4be1-907a-62ab9318db94] - async connecting. Associated Snowflake domain: GLOBAL"}
{"level":"INFO","message":"[2:33:13.896 PM]: Trying to initialize Easy Logging"}
{"level":"INFO","message":"[2:33:13.906 PM]: No client config detected."}
{"level":"INFO","message":"[2:33:13.907 PM]: No config file path found. Client config will not be used."}
{"level":"INFO","message":"[2:33:13.907 PM]: Easy Logging is disabled as no config has been found"}
{"level":"INFO","message":"[2:33:13.908 PM]: Connection[id: d79e9792-ee50-4be1-907a-62ab9318db94] - authentication successful using: SNOWFLAKE"}
{"level":"INFO","message":"[2:33:17.355 PM]: Connection[id: d79e9792-ee50-4be1-907a-62ab9318db94] - connection established successfully after 3458.72 milliseconds"}
{"level":"INFO","message":"[2:33:24.511 PM]: Creating new connection object"}
{"level":"INFO","message":"[2:33:24.609 PM]: Creating Connection[id: a7d62c5f-1626-40a7-8c56-22594bc9dd33] with host: QCQMHWR-UUC00658.snowflakecomputing.com, account: QCQMHWR-UUC00658, accessUrl: https://QCQMHWR-UUC00658.snowflakecomputing.com, user: JONAEDD08, role: undefined, database: WORLD_BANK_DB, schema: MACROECONOMICS, warehouse: COMPUTE_WH, proxy was not configured, password is provided, region: undefined, authenticator: SNOWFLAKE, ocsp mode: FAIL_OPEN, os: win32, os version: 10.0.26200"}
{"level":"INFO","message":"[2:33:24.611 PM]: Connection[id: a7d62c5f-1626-40a7-8c56-22594bc9dd33] additional details: passcode in password is provided, passcode is not provided, private key is not provided, application: undefined, client name: snowflake-sdk, client version: 2.4.0, retry timeout: 300, private key path: undefined, private key pass is not provided, client store temporary credential: false, browser response timeout: 120000"}
{"level":"INFO","message":"[2:33:24.614 PM]: Connection[id: a7d62c5f-1626-40a7-8c56-22594bc9dd33] - connection object created successfully."}
{"level":"INFO","message":"[2:33:24.615 PM]: Connection[id: a7d62c5f-1626-40a7-8c56-22594bc9dd33] - async connecting. Associated Snowflake domain: GLOBAL"}
{"level":"INFO","message":"[2:33:24.615 PM]: Trying to initialize Easy Logging"}
{"level":"INFO","message":"[2:33:24.635 PM]: No client config detected."}
{"level":"INFO","message":"[2:33:24.635 PM]: No config file path found. Client config will not be used."}
{"level":"INFO","message":"[2:33:24.636 PM]: Easy Logging is disabled as no config has been found"}
{"level":"INFO","message":"[2:33:24.636 PM]: Connection[id: a7d62c5f-1626-40a7-8c56-22594bc9dd33] - authentication successful using: SNOWFLAKE"}
{"level":"INFO","message":"[2:33:25.300 PM]: Connection[id: a7d62c5f-1626-40a7-8c56-22594bc9dd33] - connection established successfully after 685.14 milliseconds"}
{"level":"INFO","message":"[2:33:27.688 PM]: Creating new connection object"}
{"level":"INFO","message":"[2:33:27.719 PM]: Creating Connection[id: 2e5a851e-05c8-4ef6-ad3c-545d787473f0] with host: QCQMHWR-UUC00658.snowflakecomputing.com, account: QCQMHWR-UUC00658, accessUrl: https://QCQMHWR-UUC00658.snowflakecomputing.com, user: JONAEDD08, role: undefined, database: WORLD_BANK_DB, schema: MACROECONOMICS, warehouse: COMPUTE_WH, proxy was not configured, password is provided, region: undefined, authenticator: SNOWFLAKE, ocsp mode: FAIL_OPEN, os: win32, os version: 10.0.26200"}
{"level":"INFO","message":"[2:33:27.721 PM]: Connection[id: 2e5a851e-05c8-4ef6-ad3c-545d787473f0] additional details: passcode in password is provided, passcode is not provided, private key is not provided, application: undefined, client name: snowflake-sdk, client version: 2.4.0, retry timeout: 300, private key path: undefined, private key pass is not provided, client store temporary credential: false, browser response timeout: 120000"}
{"level":"INFO","message":"[2:33:27.722 PM]: Connection[id: 2e5a851e-05c8-4ef6-ad3c-545d787473f0] - connection object created successfully."}
{"level":"INFO","message":"[2:33:27.723 PM]: Connection[id: 2e5a851e-05c8-4ef6-ad3c-545d787473f0] - async connecting. Associated Snowflake domain: GLOBAL"}
{"level":"INFO","message":"[2:33:27.723 PM]: Trying to initialize Easy Logging"}
{"level":"INFO","message":"[2:33:27.733 PM]: No client config detected."}
{"level":"INFO","message":"[2:33:27.733 PM]: No config file path found. Client config will not be used."}
{"level":"INFO","message":"[2:33:27.733 PM]: Easy Logging is disabled as no config has been found"}
{"level":"INFO","message":"[2:33:27.734 PM]: Connection[id: 2e5a851e-05c8-4ef6-ad3c-545d787473f0] - authentication successful using: SNOWFLAKE"}
{"level":"INFO","message":"[2:33:29.224 PM]: Connection[id: 2e5a851e-05c8-4ef6-ad3c-545d787473f0] - connection established successfully after 1501.35 milliseconds"}
{"level":"INFO","message":"[2:33:38.892 PM]: Creating new connection object"}
{"level":"INFO","message":"[2:33:38.915 PM]: Creating Connection[id: ca5c8ed5-e1db-472e-a2c9-5d776ecf3113] with host: QCQMHWR-UUC00658.snowflakecomputing.com, account: QCQMHWR-UUC00658, accessUrl: https://QCQMHWR-UUC00658.snowflakecomputing.com, user: JONAEDD08, role: undefined, database: WORLD_BANK_DB, schema: MACROECONOMICS, warehouse: COMPUTE_WH, proxy was not configured, password is provided, region: undefined, authenticator: SNOWFLAKE, ocsp mode: FAIL_OPEN, os: win32, os version: 10.0.26200"}
{"level":"INFO","message":"[2:33:38.915 PM]: Connection[id: ca5c8ed5-e1db-472e-a2c9-5d776ecf3113] additional details: passcode in password is provided, passcode is not provided, private key is not provided, application: undefined, client name: snowflake-sdk, client version: 2.4.0, retry timeout: 300, private key path: undefined, private key pass is not provided, client store temporary credential: false, browser response timeout: 120000"}
{"level":"INFO","message":"[2:33:38.916 PM]: Connection[id: ca5c8ed5-e1db-472e-a2c9-5d776ecf3113] - connection object created successfully."}
{"level":"INFO","message":"[2:33:38.917 PM]: Connection[id: ca5c8ed5-e1db-472e-a2c9-5d776ecf3113] - async connecting. Associated Snowflake domain: GLOBAL"}
{"level":"INFO","message":"[2:33:38.918 PM]: Trying to initialize Easy Logging"}
{"level":"INFO","message":"[2:33:38.927 PM]: No client config detected."}
{"level":"INFO","message":"[2:33:38.928 PM]: No config file path found. Client config will not be used."}
{"level":"INFO","message":"[2:33:38.929 PM]: Easy Logging is disabled as no config has been found"}
{"level":"INFO","message":"[2:33:38.930 PM]: Connection[id: ca5c8ed5-e1db-472e-a2c9-5d776ecf3113] - authentication successful using: SNOWFLAKE"}
{"level":"INFO","message":"[2:33:41.108 PM]: Creating new connection object"}
{"level":"INFO","message":"[2:33:41.134 PM]: Creating Connection[id: 9d987442-7f77-4f59-8d95-72f2ce6661e4] with host: QCQMHWR-UUC00658.snowflakecomputing.com, account: QCQMHWR-UUC00658, accessUrl: https://QCQMHWR-UUC00658.snowflakecomputing.com, user: JONAEDD08, role: undefined, database: WORLD_BANK_DB, schema: MACROECONOMICS, warehouse: COMPUTE_WH, proxy was not configured, password is provided, region: undefined, authenticator: SNOWFLAKE, ocsp mode: FAIL_OPEN, os: win32, os version: 10.0.26200"}
{"level":"INFO","message":"[2:33:41.134 PM]: Connection[id: 9d987442-7f77-4f59-8d95-72f2ce6661e4] additional details: passcode in password is provided, passcode is not provided, private key is not provided, application: undefined, client name: snowflake-sdk, client version: 2.4.0, retry timeout: 300, private key path: undefined, private key pass is not provided, client store temporary credential: false, browser response timeout: 120000"}
{"level":"INFO","message":"[2:33:41.135 PM]: Connection[id: 9d987442-7f77-4f59-8d95-72f2ce6661e4] - connection object created successfully."}
{"level":"INFO","message":"[2:33:41.135 PM]: Connection[id: 9d987442-7f77-4f59-8d95-72f2ce6661e4] - async connecting. Associated Snowflake domain: GLOBAL"}
{"level":"INFO","message":"[2:33:41.136 PM]: Trying to initialize Easy Logging"}
{"level":"INFO","message":"[2:33:41.147 PM]: No client config detected."}
{"level":"INFO","message":"[2:33:41.147 PM]: No config file path found. Client config will not be used."}
{"level":"INFO","message":"[2:33:41.148 PM]: Easy Logging is disabled as no config has been found"}
{"level":"INFO","message":"[2:33:41.148 PM]: Connection[id: 9d987442-7f77-4f59-8d95-72f2ce6661e4] - authentication successful using: SNOWFLAKE"}
{"level":"INFO","message":"[2:33:43.044 PM]: Creating new connection object"}
{"level":"INFO","message":"[2:33:43.068 PM]: Creating Connection[id: a40015cc-594b-404c-a7b0-cfa80556098d] with host: QCQMHWR-UUC00658.snowflakecomputing.com, account: QCQMHWR-UUC00658, accessUrl: https://QCQMHWR-UUC00658.snowflakecomputing.com, user: JONAEDD08, role: undefined, database: WORLD_BANK_DB, schema: MACROECONOMICS, warehouse: COMPUTE_WH, proxy was not configured, password is provided, region: undefined, authenticator: SNOWFLAKE, ocsp mode: FAIL_OPEN, os: win32, os version: 10.0.26200"}
{"level":"INFO","message":"[2:33:43.069 PM]: Connection[id: a40015cc-594b-404c-a7b0-cfa80556098d] additional details: passcode in password is provided, passcode is not provided, private key is not provided, application: undefined, client name: snowflake-sdk, client version: 2.4.0, retry timeout: 300, private key path: undefined, private key pass is not provided, client store temporary credential: false, browser response timeout: 120000"}
{"level":"INFO","message":"[2:33:43.070 PM]: Connection[id: a40015cc-594b-404c-a7b0-cfa80556098d] - connection object created successfully."}
{"level":"INFO","message":"[2:33:43.071 PM]: Connection[id: a40015cc-594b-404c-a7b0-cfa80556098d] - async connecting. Associated Snowflake domain: GLOBAL"}
{"level":"INFO","message":"[2:33:43.071 PM]: Trying to initialize Easy Logging"}
{"level":"INFO","message":"[2:33:43.083 PM]: No client config detected."}
{"level":"INFO","message":"[2:33:43.084 PM]: No config file path found. Client config will not be used."}
{"level":"INFO","message":"[2:33:43.084 PM]: Easy Logging is disabled as no config has been found"}
{"level":"INFO","message":"[2:33:43.085 PM]: Connection[id: a40015cc-594b-404c-a7b0-cfa80556098d] - authentication successful using: SNOWFLAKE"}
{"level":"INFO","message":"[2:33:44.518 PM]: Connection[id: a40015cc-594b-404c-a7b0-cfa80556098d] - connection established successfully after 1447.53 milliseconds"}
{"level":"INFO","message":"[2:33:47.168 PM]: Creating new connection object"}
{"level":"INFO","message":"[2:33:47.194 PM]: Creating Connection[id: 43a60ff6-9895-4228-a326-68028fd8a460] with host: QCQMHWR-UUC00658.snowflakecomputing.com, account: QCQMHWR-UUC00658, accessUrl: https://QCQMHWR-UUC00658.snowflakecomputing.com, user: JONAEDD08, role: undefined, database: WORLD_BANK_DB, schema: MACROECONOMICS, warehouse: COMPUTE_WH, proxy was not configured, password is provided, region: undefined, authenticator: SNOWFLAKE, ocsp mode: FAIL_OPEN, os: win32, os version: 10.0.26200"}
{"level":"INFO","message":"[2:33:47.195 PM]: Connection[id: 43a60ff6-9895-4228-a326-68028fd8a460] additional details: passcode in password is provided, passcode is not provided, private key is not provided, application: undefined, client name: snowflake-sdk, client version: 2.4.0, retry timeout: 300, private key path: undefined, private key pass is not provided, client store temporary credential: false, browser response timeout: 120000"}
{"level":"INFO","message":"[2:33:47.195 PM]: Connection[id: 43a60ff6-9895-4228-a326-68028fd8a460] - connection object created successfully."}
{"level":"INFO","message":"[2:33:47.196 PM]: Connection[id: 43a60ff6-9895-4228-a326-68028fd8a460] - async connecting. Associated Snowflake domain: GLOBAL"}
{"level":"INFO","message":"[2:33:47.197 PM]: Trying to initialize Easy Logging"}
{"level":"INFO","message":"[2:33:47.206 PM]: No client config detected."}
{"level":"INFO","message":"[2:33:47.207 PM]: No config file path found. Client config will not be used."}
{"level":"INFO","message":"[2:33:47.208 PM]: Easy Logging is disabled as no config has been found"}
{"level":"INFO","message":"[2:33:47.208 PM]: Connection[id: 43a60ff6-9895-4228-a326-68028fd8a460] - authentication successful using: SNOWFLAKE"}
{"level":"INFO","message":"[2:33:48.046 PM]: Connection[id: 43a60ff6-9895-4228-a326-68028fd8a460] - connection established successfully after 849.84 milliseconds"}
{"level":"INFO","message":"[2:33:52.232 PM]: Creating new connection object"}
{"level":"INFO","message":"[2:33:52.267 PM]: Creating Connection[id: 74b533c3-6196-4ff9-bc94-d2ab27d3fc4e] with host: QCQMHWR-UUC00658.snowflakecomputing.com, account: QCQMHWR-UUC00658, accessUrl: https://QCQMHWR-UUC00658.snowflakecomputing.com, user: JONAEDD08, role: undefined, database: WORLD_BANK_DB, schema: MACROECONOMICS, warehouse: COMPUTE_WH, proxy was not configured, password is provided, region: undefined, authenticator: SNOWFLAKE, ocsp mode: FAIL_OPEN, os: win32, os version: 10.0.26200"}
{"level":"INFO","message":"[2:33:52.269 PM]: Connection[id: 74b533c3-6196-4ff9-bc94-d2ab27d3fc4e] additional details: passcode in password is provided, passcode is not provided, private key is not provided, application: undefined, client name: snowflake-sdk, client version: 2.4.0, retry timeout: 300, private key path: undefined, private key pass is not provided, client store temporary credential: false, browser response timeout: 120000"}
{"level":"INFO","message":"[2:33:52.270 PM]: Connection[id: 74b533c3-6196-4ff9-bc94-d2ab27d3fc4e] - connection object created successfully."}
{"level":"INFO","message":"[2:33:52.271 PM]: Connection[id: 74b533c3-6196-4ff9-bc94-d2ab27d3fc4e] - async connecting. Associated Snowflake domain: GLOBAL"}
{"level":"INFO","message":"[2:33:52.271 PM]: Trying to initialize Easy Logging"}
{"level":"INFO","message":"[2:33:52.281 PM]: No client config detected."}
{"level":"INFO","message":"[2:33:52.281 PM]: No config file path found. Client config will not be used."}
{"level":"INFO","message":"[2:33:52.282 PM]: Easy Logging is disabled as no config has been found"}
{"level":"INFO","message":"[2:33:52.282 PM]: Connection[id: 74b533c3-6196-4ff9-bc94-d2ab27d3fc4e] - authentication successful using: SNOWFLAKE"}
{"level":"INFO","message":"[2:33:52.859 PM]: Connection[id: 74b533c3-6196-4ff9-bc94-d2ab27d3fc4e] - connection established successfully after 587.76 milliseconds"}
{"level":"INFO","message":"[2:34:43.738 PM]: Creating new connection object"}
{"level":"INFO","message":"[2:34:43.784 PM]: Creating Connection[id: 6f52a9d3-2f8b-4dc0-a0ac-7bfefd67050c] with host: QCQMHWR-UUC00658.snowflakecomputing.com, account: QCQMHWR-UUC00658, accessUrl: https://QCQMHWR-UUC00658.snowflakecomputing.com, user: JONAEDD08, role: undefined, database: WORLD_BANK_DB, schema: MACROECONOMICS, warehouse: COMPUTE_WH, proxy was not configured, password is provided, region: undefined, authenticator: SNOWFLAKE, ocsp mode: FAIL_OPEN, os: win32, os version: 10.0.26200"}
{"level":"INFO","message":"[2:34:43.785 PM]: Connection[id: 6f52a9d3-2f8b-4dc0-a0ac-7bfefd67050c] additional details: passcode in password is provided, passcode is not provided, private key is not provided, application: undefined, client name: snowflake-sdk, client version: 2.4.0, retry timeout: 300, private key path: undefined, private key pass is not provided, client store temporary credential: false, browser response timeout: 120000"}
{"level":"INFO","message":"[2:34:43.786 PM]: Connection[id: 6f52a9d3-2f8b-4dc0-a0ac-7bfefd67050c] - connection object created successfully."}
{"level":"INFO","message":"[2:34:43.787 PM]: Connection[id: 6f52a9d3-2f8b-4dc0-a0ac-7bfefd67050c] - async connecting. Associated Snowflake domain: GLOBAL"}
{"level":"INFO","message":"[2:34:43.787 PM]: Trying to initialize Easy Logging"}
{"level":"INFO","message":"[2:34:43.810 PM]: No client config detected."}
{"level":"INFO","message":"[2:34:43.810 PM]: No config file path found. Client config will not be used."}
{"level":"INFO","message":"[2:34:43.811 PM]: Easy Logging is disabled as no config has been found"}
{"level":"INFO","message":"[2:34:43.812 PM]: Connection[id: 6f52a9d3-2f8b-4dc0-a0ac-7bfefd67050c] - authentication successful using: SNOWFLAKE"}
{"level":"INFO","message":"[2:34:45.887 PM]: Connection[id: 6f52a9d3-2f8b-4dc0-a0ac-7bfefd67050c] - connection established successfully after 2100.71 milliseconds"}
{"level":"INFO","message":"[2:38:43.378 PM]: Creating new connection object"}
{"level":"INFO","message":"[2:38:43.418 PM]: Creating Connection[id: d46a5771-c3eb-46f6-95fb-02300d528087] with host: QCQMHWR-UUC00658.snowflakecomputing.com, account: QCQMHWR-UUC00658, accessUrl: https://QCQMHWR-UUC00658.snowflakecomputing.com, user: JONAEDD08, role: undefined, database: WORLD_BANK_DB, schema: MACROECONOMICS, warehouse: COMPUTE_WH, proxy was not configured, password is provided, region: undefined, authenticator: SNOWFLAKE, ocsp mode: FAIL_OPEN, os: win32, os version: 10.0.26200"}
{"level":"INFO","message":"[2:38:43.419 PM]: Connection[id: d46a5771-c3eb-46f6-95fb-02300d528087] additional details: passcode in password is provided, passcode is not provided, private key is not provided, application: undefined, client name: snowflake-sdk, client version: 2.4.0, retry timeout: 300, private key path: undefined, private key pass is not provided, client store temporary credential: false, browser response timeout: 120000"}
{"level":"INFO","message":"[2:38:43.420 PM]: Connection[id: d46a5771-c3eb-46f6-95fb-02300d528087] - connection object created successfully."}
{"level":"INFO","message":"[2:38:43.421 PM]: Connection[id: d46a5771-c3eb-46f6-95fb-02300d528087] - async connecting. Associated Snowflake domain: GLOBAL"}
{"level":"INFO","message":"[2:38:43.422 PM]: Trying to initialize Easy Logging"}
{"level":"INFO","message":"[2:38:43.439 PM]: No client config detected."}
{"level":"INFO","message":"[2:38:43.440 PM]: No config file path found. Client config will not be used."}
{"level":"INFO","message":"[2:38:43.440 PM]: Easy Logging is disabled as no config has been found"}
{"level":"INFO","message":"[2:38:43.440 PM]: Connection[id: d46a5771-c3eb-46f6-95fb-02300d528087] - authentication successful using: SNOWFLAKE"}
{"level":"INFO","message":"[2:38:46.442 PM]: Creating new connection object"}
{"level":"INFO","message":"[2:38:46.461 PM]: Creating Connection[id: 522c954c-8a78-4f6d-befc-8abd30d72659] with host: QCQMHWR-UUC00658.snowflakecomputing.com, account: QCQMHWR-UUC00658, accessUrl: https://QCQMHWR-UUC00658.snowflakecomputing.com, user: JONAEDD08, role: undefined, database: WORLD_BANK_DB, schema: MACROECONOMICS, warehouse: COMPUTE_WH, proxy was not configured, password is provided, region: undefined, authenticator: SNOWFLAKE, ocsp mode: FAIL_OPEN, os: win32, os version: 10.0.26200"}
{"level":"INFO","message":"[2:38:46.462 PM]: Connection[id: 522c954c-8a78-4f6d-befc-8abd30d72659] additional details: passcode in password is provided, passcode is not provided, private key is not provided, application: undefined, client name: snowflake-sdk, client version: 2.4.0, retry timeout: 300, private key path: undefined, private key pass is not provided, client store temporary credential: false, browser response timeout: 120000"}
{"level":"INFO","message":"[2:38:46.462 PM]: Connection[id: 522c954c-8a78-4f6d-befc-8abd30d72659] - connection object created successfully."}
{"level":"INFO","message":"[2:38:46.463 PM]: Connection[id: 522c954c-8a78-4f6d-befc-8abd30d72659] - async connecting. Associated Snowflake domain: GLOBAL"}
{"level":"INFO","message":"[2:38:46.464 PM]: Trying to initialize Easy Logging"}
{"level":"INFO","message":"[2:38:46.473 PM]: No client config detected."}
{"level":"INFO","message":"[2:38:46.473 PM]: No config file path found. Client config will not be used."}
{"level":"INFO","message":"[2:38:46.473 PM]: Easy Logging is disabled as no config has been found"}
{"level":"INFO","message":"[2:38:46.474 PM]: Connection[id: 522c954c-8a78-4f6d-befc-8abd30d72659] - authentication successful using: SNOWFLAKE"}
{"level":"INFO","message":"[2:38:48.348 PM]: Connection[id: 522c954c-8a78-4f6d-befc-8abd30d72659] - connection established successfully after 1884.59 milliseconds"}
{"level":"INFO","message":"[2:38:56.363 PM]: Creating new connection object"}
{"level":"INFO","message":"[2:38:56.387 PM]: Creating Connection[id: 08bef217-fd5d-48b7-bdf2-9e1e4cb6a996] with host: QCQMHWR-UUC00658.snowflakecomputing.com, account: QCQMHWR-UUC00658, accessUrl: https://QCQMHWR-UUC00658.snowflakecomputing.com, user: JONAEDD08, role: undefined, database: WORLD_BANK_DB, schema: MACROECONOMICS, warehouse: COMPUTE_WH, proxy was not configured, password is provided, region: undefined, authenticator: SNOWFLAKE, ocsp mode: FAIL_OPEN, os: win32, os version: 10.0.26200"}
{"level":"INFO","message":"[2:38:56.388 PM]: Connection[id: 08bef217-fd5d-48b7-bdf2-9e1e4cb6a996] additional details: passcode in password is provided, passcode is not provided, private key is not provided, application: undefined, client name: snowflake-sdk, client version: 2.4.0, retry timeout: 300, private key path: undefined, private key pass is not provided, client store temporary credential: false, browser response timeout: 120000"}
{"level":"INFO","message":"[2:38:56.388 PM]: Connection[id: 08bef217-fd5d-48b7-bdf2-9e1e4cb6a996] - connection object created successfully."}
{"level":"INFO","message":"[2:38:56.389 PM]: Connection[id: 08bef217-fd5d-48b7-bdf2-9e1e4cb6a996] - async connecting. Associated Snowflake domain: GLOBAL"}
{"level":"INFO","message":"[2:38:56.390 PM]: Trying to initialize Easy Logging"}
{"level":"INFO","message":"[2:38:56.399 PM]: No client config detected."}
{"level":"INFO","message":"[2:38:56.400 PM]: No config file path found. Client config will not be used."}
{"level":"INFO","message":"[2:38:56.400 PM]: Easy Logging is disabled as no config has been found"}
{"level":"INFO","message":"[2:38:56.401 PM]: Connection[id: 08bef217-fd5d-48b7-bdf2-9e1e4cb6a996] - authentication successful using: SNOWFLAKE"}
{"level":"INFO","message":"[2:38:56.899 PM]: Connection[id: 08bef217-fd5d-48b7-bdf2-9e1e4cb6a996] - connection established successfully after 509.41 milliseconds"}
{"level":"INFO","message":"[2:39:02.603 PM]: Creating new connection object"}
{"level":"INFO","message":"[2:39:02.639 PM]: Creating Connection[id: 29e50c02-395e-4230-b978-a70fc5e89403] with host: QCQMHWR-UUC00658.snowflakecomputing.com, account: QCQMHWR-UUC00658, accessUrl: https://QCQMHWR-UUC00658.snowflakecomputing.com, user: JONAEDD08, role: undefined, database: WORLD_BANK_DB, schema: MACROECONOMICS, warehouse: COMPUTE_WH, proxy was not configured, password is provided, region: undefined, authenticator: SNOWFLAKE, ocsp mode: FAIL_OPEN, os: win32, os version: 10.0.26200"}
{"level":"INFO","message":"[2:39:02.639 PM]: Connection[id: 29e50c02-395e-4230-b978-a70fc5e89403] additional details: passcode in password is provided, passcode is not provided, private key is not provided, application: undefined, client name: snowflake-sdk, client version: 2.4.0, retry timeout: 300, private key path: undefined, private key pass is not provided, client store temporary credential: false, browser response timeout: 120000"}
{"level":"INFO","message":"[2:39:02.640 PM]: Connection[id: 29e50c02-395e-4230-b978-a70fc5e89403] - connection object created successfully."}
{"level":"INFO","message":"[2:39:02.641 PM]: Connection[id: 29e50c02-395e-4230-b978-a70fc5e89403] - async connecting. Associated Snowflake domain: GLOBAL"}
{"level":"INFO","message":"[2:39:02.641 PM]: Trying to initialize Easy Logging"}
{"level":"INFO","message":"[2:39:02.654 PM]: No client config detected."}
{"level":"INFO","message":"[2:39:02.654 PM]: No config file path found. Client config will not be used."}
{"level":"INFO","message":"[2:39:02.655 PM]: Easy Logging is disabled as no config has been found"}
{"level":"INFO","message":"[2:39:02.655 PM]: Connection[id: 29e50c02-395e-4230-b978-a70fc5e89403] - authentication successful using: SNOWFLAKE"}
{"level":"INFO","message":"[2:39:03.293 PM]: Connection[id: 29e50c02-395e-4230-b978-a70fc5e89403] - connection established successfully after 652.83 milliseconds"}
{"level":"INFO","message":"[2:39:06.154 PM]: Creating new connection object"}
{"level":"INFO","message":"[2:39:06.177 PM]: Creating Connection[id: d02a7079-8b16-43c0-a913-f6171eaae057] with host: QCQMHWR-UUC00658.snowflakecomputing.com, account: QCQMHWR-UUC00658, accessUrl: https://QCQMHWR-UUC00658.snowflakecomputing.com, user: JONAEDD08, role: undefined, database: WORLD_BANK_DB, schema: MACROECONOMICS, warehouse: COMPUTE_WH, proxy was not configured, password is provided, region: undefined, authenticator: SNOWFLAKE, ocsp mode: FAIL_OPEN, os: win32, os version: 10.0.26200"}
{"level":"INFO","message":"[2:39:06.178 PM]: Connection[id: d02a7079-8b16-43c0-a913-f6171eaae057] additional details: passcode in password is provided, passcode is not provided, private key is not provided, application: undefined, client name: snowflake-sdk, client version: 2.4.0, retry timeout: 300, private key path: undefined, private key pass is not provided, client store temporary credential: false, browser response timeout: 120000"}
{"level":"INFO","message":"[2:39:06.179 PM]: Connection[id: d02a7079-8b16-43c0-a913-f6171eaae057] - connection object created successfully."}
{"level":"INFO","message":"[2:39:06.180 PM]: Connection[id: d02a7079-8b16-43c0-a913-f6171eaae057] - async connecting. Associated Snowflake domain: GLOBAL"}
{"level":"INFO","message":"[2:39:06.181 PM]: Trying to initialize Easy Logging"}
{"level":"INFO","message":"[2:39:06.192 PM]: No client config detected."}
{"level":"INFO","message":"[2:39:06.193 PM]: No config file path found. Client config will not be used."}
{"level":"INFO","message":"[2:39:06.193 PM]: Easy Logging is disabled as no config has been found"}
{"level":"INFO","message":"[2:39:06.193 PM]: Connection[id: d02a7079-8b16-43c0-a913-f6171eaae057] - authentication successful using: SNOWFLAKE"}
{"level":"INFO","message":"[2:39:07.424 PM]: Connection[id: d02a7079-8b16-43c0-a913-f6171eaae057] - connection established successfully after 1243.2 milliseconds"}
{"level":"INFO","message":"[2:39:13.244 PM]: Creating new connection object"}
{"level":"INFO","message":"[2:39:13.286 PM]: Creating Connection[id: 47d27170-ccb4-4d80-a61f-d1cad7f8381a] with host: QCQMHWR-UUC00658.snowflakecomputing.com, account: QCQMHWR-UUC00658, accessUrl: https://QCQMHWR-UUC00658.snowflakecomputing.com, user: JONAEDD08, role: undefined, database: WORLD_BANK_DB, schema: MACROECONOMICS, warehouse: COMPUTE_WH, proxy was not configured, password is provided, region: undefined, authenticator: SNOWFLAKE, ocsp mode: FAIL_OPEN, os: win32, os version: 10.0.26200"}
{"level":"INFO","message":"[2:39:13.288 PM]: Connection[id: 47d27170-ccb4-4d80-a61f-d1cad7f8381a] additional details: passcode in password is provided, passcode is not provided, private key is not provided, application: undefined, client name: snowflake-sdk, client version: 2.4.0, retry timeout: 300, private key path: undefined, private key pass is not provided, client store temporary credential: false, browser response timeout: 120000"}
{"level":"INFO","message":"[2:39:13.289 PM]: Connection[id: 47d27170-ccb4-4d80-a61f-d1cad7f8381a] - connection object created successfully."}
{"level":"INFO","message":"[2:39:13.290 PM]: Connection[id: 47d27170-ccb4-4d80-a61f-d1cad7f8381a] - async connecting. Associated Snowflake domain: GLOBAL"}
{"level":"INFO","message":"[2:39:13.291 PM]: Trying to initialize Easy Logging"}
{"level":"INFO","message":"[2:39:13.305 PM]: No client config detected."}
{"level":"INFO","message":"[2:39:13.305 PM]: No config file path found. Client config will not be used."}
{"level":"INFO","message":"[2:39:13.306 PM]: Easy Logging is disabled as no config has been found"}
{"level":"INFO","message":"[2:39:13.306 PM]: Connection[id: 47d27170-ccb4-4d80-a61f-d1cad7f8381a] - authentication successful using: SNOWFLAKE"}
{"level":"INFO","message":"[2:39:14.522 PM]: Connection[id: 47d27170-ccb4-4d80-a61f-d1cad7f8381a] - connection established successfully after 1231.6 milliseconds"}
{"level":"INFO","message":"[2:39:22.149 PM]: Creating new connection object"}
{"level":"INFO","message":"[2:39:22.171 PM]: Creating Connection[id: 907304c6-253d-427d-a13e-f25258da8bd5] with host: QCQMHWR-UUC00658.snowflakecomputing.com, account: QCQMHWR-UUC00658, accessUrl: https://QCQMHWR-UUC00658.snowflakecomputing.com, user: JONAEDD08, role: undefined, database: WORLD_BANK_DB, schema: MACROECONOMICS, warehouse: COMPUTE_WH, proxy was not configured, password is provided, region: undefined, authenticator: SNOWFLAKE, ocsp mode: FAIL_OPEN, os: win32, os version: 10.0.26200"}
{"level":"INFO","message":"[2:39:22.171 PM]: Connection[id: 907304c6-253d-427d-a13e-f25258da8bd5] additional details: passcode in password is provided, passcode is not provided, private key is not provided, application: undefined, client name: snowflake-sdk, client version: 2.4.0, retry timeout: 300, private key path: undefined, private key pass is not provided, client store temporary credential: false, browser response timeout: 120000"}
{"level":"INFO","message":"[2:39:22.172 PM]: Connection[id: 907304c6-253d-427d-a13e-f25258da8bd5] - connection object created successfully."}
{"level":"INFO","message":"[2:39:22.173 PM]: Connection[id: 907304c6-253d-427d-a13e-f25258da8bd5] - async connecting. Associated Snowflake domain: GLOBAL"}
{"level":"INFO","message":"[2:39:22.173 PM]: Trying to initialize Easy Logging"}
{"level":"INFO","message":"[2:39:22.182 PM]: No client config detected."}
{"level":"INFO","message":"[2:39:22.183 PM]: No config file path found. Client config will not be used."}
{"level":"INFO","message":"[2:39:22.183 PM]: Easy Logging is disabled as no config has been found"}
{"level":"INFO","message":"[2:39:22.184 PM]: Connection[id: 907304c6-253d-427d-a13e-f25258da8bd5] - authentication successful using: SNOWFLAKE"}
{"level":"INFO","message":"[2:39:23.487 PM]: Connection[id: 907304c6-253d-427d-a13e-f25258da8bd5] - connection established successfully after 1314.01 milliseconds"}
{"level":"INFO","message":"[2:39:29.648 PM]: Creating new connection object"}
{"level":"INFO","message":"[2:39:29.672 PM]: Creating Connection[id: 9d2e3c37-1032-4b47-8e1d-3a699713b2ce] with host: QCQMHWR-UUC00658.snowflakecomputing.com, account: QCQMHWR-UUC00658, accessUrl: https://QCQMHWR-UUC00658.snowflakecomputing.com, user: JONAEDD08, role: undefined, database: WORLD_BANK_DB, schema: MACROECONOMICS, warehouse: COMPUTE_WH, proxy was not configured, password is provided, region: undefined, authenticator: SNOWFLAKE, ocsp mode: FAIL_OPEN, os: win32, os version: 10.0.26200"}
{"level":"INFO","message":"[2:39:29.672 PM]: Connection[id: 9d2e3c37-1032-4b47-8e1d-3a699713b2ce] additional details: passcode in password is provided, passcode is not provided, private key is not provided, application: undefined, client name: snowflake-sdk, client version: 2.4.0, retry timeout: 300, private key path: undefined, private key pass is not provided, client store temporary credential: false, browser response timeout: 120000"}
{"level":"INFO","message":"[2:39:29.673 PM]: Connection[id: 9d2e3c37-1032-4b47-8e1d-3a699713b2ce] - connection object created successfully."}
{"level":"INFO","message":"[2:39:29.674 PM]: Connection[id: 9d2e3c37-1032-4b47-8e1d-3a699713b2ce] - async connecting. Associated Snowflake domain: GLOBAL"}
{"level":"INFO","message":"[2:39:29.674 PM]: Trying to initialize Easy Logging"}
{"level":"INFO","message":"[2:39:29.684 PM]: No client config detected."}
{"level":"INFO","message":"[2:39:29.684 PM]: No config file path found. Client config will not be used."}
{"level":"INFO","message":"[2:39:29.685 PM]: Easy Logging is disabled as no config has been found"}
{"level":"INFO","message":"[2:39:29.686 PM]: Connection[id: 9d2e3c37-1032-4b47-8e1d-3a699713b2ce] - authentication successful using: SNOWFLAKE"}
{"level":"INFO","message":"[2:39:30.927 PM]: Connection[id: 9d2e3c37-1032-4b47-8e1d-3a699713b2ce] - connection established successfully after 1253.18 milliseconds"}
{"level":"INFO","message":"[2:39:35.204 PM]: Creating new connection object"}
{"level":"INFO","message":"[2:39:35.228 PM]: Creating Connection[id: 590bbff5-6908-42e7-8de7-c38d700cd1ad] with host: QCQMHWR-UUC00658.snowflakecomputing.com, account: QCQMHWR-UUC00658, accessUrl: https://QCQMHWR-UUC00658.snowflakecomputing.com, user: JONAEDD08, role: undefined, database: WORLD_BANK_DB, schema: MACROECONOMICS, warehouse: COMPUTE_WH, proxy was not configured, password is provided, region: undefined, authenticator: SNOWFLAKE, ocsp mode: FAIL_OPEN, os: win32, os version: 10.0.26200"}
{"level":"INFO","message":"[2:39:35.229 PM]: Connection[id: 590bbff5-6908-42e7-8de7-c38d700cd1ad] additional details: passcode in password is provided, passcode is not provided, private key is not provided, application: undefined, client name: snowflake-sdk, client version: 2.4.0, retry timeout: 300, private key path: undefined, private key pass is not provided, client store temporary credential: false, browser response timeout: 120000"}
{"level":"INFO","message":"[2:39:35.230 PM]: Connection[id: 590bbff5-6908-42e7-8de7-c38d700cd1ad] - connection object created successfully."}
{"level":"INFO","message":"[2:39:35.231 PM]: Connection[id: 590bbff5-6908-42e7-8de7-c38d700cd1ad] - async connecting. Associated Snowflake domain: GLOBAL"}
{"level":"INFO","message":"[2:39:35.231 PM]: Trying to initialize Easy Logging"}
{"level":"INFO","message":"[2:39:35.243 PM]: No client config detected."}
{"level":"INFO","message":"[2:39:35.243 PM]: No config file path found. Client config will not be used."}
{"level":"INFO","message":"[2:39:35.244 PM]: Easy Logging is disabled as no config has been found"}
{"level":"INFO","message":"[2:39:35.244 PM]: Connection[id: 590bbff5-6908-42e7-8de7-c38d700cd1ad] - authentication successful using: SNOWFLAKE"}
{"level":"INFO","message":"[2:39:35.757 PM]: Connection[id: 590bbff5-6908-42e7-8de7-c38d700cd1ad] - connection established successfully after 526.58 milliseconds"}
{"level":"INFO","message":"[2:39:40.230 PM]: Creating new connection object"}
{"level":"INFO","message":"[2:39:40.257 PM]: Creating Connection[id: 3bcdc683-607f-4025-840e-f7963b8050e1] with host: QCQMHWR-UUC00658.snowflakecomputing.com, account: QCQMHWR-UUC00658, accessUrl: https://QCQMHWR-UUC00658.snowflakecomputing.com, user: JONAEDD08, role: undefined, database: WORLD_BANK_DB, schema: MACROECONOMICS, warehouse: COMPUTE_WH, proxy was not configured, password is provided, region: undefined, authenticator: SNOWFLAKE, ocsp mode: FAIL_OPEN, os: win32, os version: 10.0.26200"}
{"level":"INFO","message":"[2:39:40.258 PM]: Connection[id: 3bcdc683-607f-4025-840e-f7963b8050e1] additional details: passcode in password is provided, passcode is not provided, private key is not provided, application: undefined, client name: snowflake-sdk, client version: 2.4.0, retry timeout: 300, private key path: undefined, private key pass is not provided, client store temporary credential: false, browser response timeout: 120000"}
{"level":"INFO","message":"[2:39:40.258 PM]: Connection[id: 3bcdc683-607f-4025-840e-f7963b8050e1] - connection object created successfully."}
{"level":"INFO","message":"[2:39:40.259 PM]: Connection[id: 3bcdc683-607f-4025-840e-f7963b8050e1] - async connecting. Associated Snowflake domain: GLOBAL"}
{"level":"INFO","message":"[2:39:40.259 PM]: Trying to initialize Easy Logging"}
{"level":"INFO","message":"[2:39:40.271 PM]: No client config detected."}
{"level":"INFO","message":"[2:39:40.271 PM]: No config file path found. Client config will not be used."}
{"level":"INFO","message":"[2:39:40.272 PM]: Easy Logging is disabled as no config has been found"}
{"level":"INFO","message":"[2:39:40.272 PM]: Connection[id: 3bcdc683-607f-4025-840e-f7963b8050e1] - authentication successful using: SNOWFLAKE"}
{"level":"INFO","message":"[2:39:40.896 PM]: Connection[id: 3bcdc683-607f-4025-840e-f7963b8050e1] - connection established successfully after 636.81 milliseconds"}
{"level":"INFO","message":"[2:39:44.436 PM]: Creating new connection object"}
{"level":"INFO","message":"[2:39:44.460 PM]: Creating Connection[id: 1102e11a-722c-40cc-ae22-9e4b1d57cf7d] with host: QCQMHWR-UUC00658.snowflakecomputing.com, account: QCQMHWR-UUC00658, accessUrl: https://QCQMHWR-UUC00658.snowflakecomputing.com, user: JONAEDD08, role: undefined, database: WORLD_BANK_DB, schema: MACROECONOMICS, warehouse: COMPUTE_WH, proxy was not configured, password is provided, region: undefined, authenticator: SNOWFLAKE, ocsp mode: FAIL_OPEN, os: win32, os version: 10.0.26200"}
{"level":"INFO","message":"[2:39:44.460 PM]: Connection[id: 1102e11a-722c-40cc-ae22-9e4b1d57cf7d] additional details: passcode in password is provided, passcode is not provided, private key is not provided, application: undefined, client name: snowflake-sdk, client version: 2.4.0, retry timeout: 300, private key path: undefined, private key pass is not provided, client store temporary credential: false, browser response timeout: 120000"}
{"level":"INFO","message":"[2:39:44.461 PM]: Connection[id: 1102e11a-722c-40cc-ae22-9e4b1d57cf7d] - connection object created successfully."}
{"level":"INFO","message":"[2:39:44.461 PM]: Connection[id: 1102e11a-722c-40cc-ae22-9e4b1d57cf7d] - async connecting. Associated Snowflake domain: GLOBAL"}
{"level":"INFO","message":"[2:39:44.462 PM]: Trying to initialize Easy Logging"}
{"level":"INFO","message":"[2:39:44.471 PM]: No client config detected."}
{"level":"INFO","message":"[2:39:44.472 PM]: No config file path found. Client config will not be used."}
{"level":"INFO","message":"[2:39:44.472 PM]: Easy Logging is disabled as no config has been found"}
{"level":"INFO","message":"[2:39:44.472 PM]: Connection[id: 1102e11a-722c-40cc-ae22-9e4b1d57cf7d] - authentication successful using: SNOWFLAKE"}
{"level":"INFO","message":"[2:39:44.998 PM]: Connection[id: 1102e11a-722c-40cc-ae22-9e4b1d57cf7d] - connection established successfully after 537.03 milliseconds"}
{"level":"INFO","message":"[2:39:53.105 PM]: Creating new connection object"}
{"level":"INFO","message":"[2:39:53.135 PM]: Creating Connection[id: c2d4148a-c776-490a-aa5e-49010ebaa292] with host: QCQMHWR-UUC00658.snowflakecomputing.com, account: QCQMHWR-UUC00658, accessUrl: https://QCQMHWR-UUC00658.snowflakecomputing.com, user: JONAEDD08, role: undefined, database: WORLD_BANK_DB, schema: MACROECONOMICS, warehouse: COMPUTE_WH, proxy was not configured, password is provided, region: undefined, authenticator: SNOWFLAKE, ocsp mode: FAIL_OPEN, os: win32, os version: 10.0.26200"}
{"level":"INFO","message":"[2:39:53.136 PM]: Connection[id: c2d4148a-c776-490a-aa5e-49010ebaa292] additional details: passcode in password is provided, passcode is not provided, private key is not provided, application: undefined, client name: snowflake-sdk, client version: 2.4.0, retry timeout: 300, private key path: undefined, private key pass is not provided, client store temporary credential: false, browser response timeout: 120000"}
{"level":"INFO","message":"[2:39:53.137 PM]: Connection[id: c2d4148a-c776-490a-aa5e-49010ebaa292] - connection object created successfully."}
{"level":"INFO","message":"[2:39:53.138 PM]: Connection[id: c2d4148a-c776-490a-aa5e-49010ebaa292] - async connecting. Associated Snowflake domain: GLOBAL"}
{"level":"INFO","message":"[2:39:53.138 PM]: Trying to initialize Easy Logging"}
{"level":"INFO","message":"[2:39:53.151 PM]: No client config detected."}
{"level":"INFO","message":"[2:39:53.151 PM]: No config file path found. Client config will not be used."}
{"level":"INFO","message":"[2:39:53.152 PM]: Easy Logging is disabled as no config has been found"}
{"level":"INFO","message":"[2:39:53.152 PM]: Connection[id: c2d4148a-c776-490a-aa5e-49010ebaa292] - authentication successful using: SNOWFLAKE"}
{"level":"INFO","message":"[2:39:54.957 PM]: Creating new connection object"}
{"level":"INFO","message":"[2:39:54.978 PM]: Creating Connection[id: e0eb80e0-0b61-44b0-97c7-96c13330ece5] with host: QCQMHWR-UUC00658.snowflakecomputing.com, account: QCQMHWR-UUC00658, accessUrl: https://QCQMHWR-UUC00658.snowflakecomputing.com, user: JONAEDD08, role: undefined, database: WORLD_BANK_DB, schema: MACROECONOMICS, warehouse: COMPUTE_WH, proxy was not configured, password is provided, region: undefined, authenticator: SNOWFLAKE, ocsp mode: FAIL_OPEN, os: win32, os version: 10.0.26200"}
{"level":"INFO","message":"[2:39:54.979 PM]: Connection[id: e0eb80e0-0b61-44b0-97c7-96c13330ece5] additional details: passcode in password is provided, passcode is not provided, private key is not provided, application: undefined, client name: snowflake-sdk, client version: 2.4.0, retry timeout: 300, private key path: undefined, private key pass is not provided, client store temporary credential: false, browser response timeout: 120000"}
{"level":"INFO","message":"[2:39:54.979 PM]: Connection[id: e0eb80e0-0b61-44b0-97c7-96c13330ece5] - connection object created successfully."}
{"level":"INFO","message":"[2:39:54.980 PM]: Connection[id: e0eb80e0-0b61-44b0-97c7-96c13330ece5] - async connecting. Associated Snowflake domain: GLOBAL"}
{"level":"INFO","message":"[2:39:54.981 PM]: Trying to initialize Easy Logging"}
{"level":"INFO","message":"[2:39:54.993 PM]: No client config detected."}
{"level":"INFO","message":"[2:39:54.993 PM]: No config file path found. Client config will not be used."}
{"level":"INFO","message":"[2:39:54.994 PM]: Easy Logging is disabled as no config has been found"}
{"level":"INFO","message":"[2:39:54.994 PM]: Connection[id: e0eb80e0-0b61-44b0-97c7-96c13330ece5] - authentication successful using: SNOWFLAKE"}
{"level":"INFO","message":"[2:39:58.837 PM]: Creating new connection object"}
{"level":"INFO","message":"[2:39:58.860 PM]: Creating Connection[id: 372033dc-1348-4c3d-9e9f-a29d42f56b30] with host: QCQMHWR-UUC00658.snowflakecomputing.com, account: QCQMHWR-UUC00658, accessUrl: https://QCQMHWR-UUC00658.snowflakecomputing.com, user: JONAEDD08, role: undefined, database: WORLD_BANK_DB, schema: MACROECONOMICS, warehouse: COMPUTE_WH, proxy was not configured, password is provided, region: undefined, authenticator: SNOWFLAKE, ocsp mode: FAIL_OPEN, os: win32, os version: 10.0.26200"}
{"level":"INFO","message":"[2:39:58.860 PM]: Connection[id: 372033dc-1348-4c3d-9e9f-a29d42f56b30] additional details: passcode in password is provided, passcode is not provided, private key is not provided, application: undefined, client name: snowflake-sdk, client version: 2.4.0, retry timeout: 300, private key path: undefined, private key pass is not provided, client store temporary credential: false, browser response timeout: 120000"}
{"level":"INFO","message":"[2:39:58.861 PM]: Connection[id: 372033dc-1348-4c3d-9e9f-a29d42f56b30] - connection object created successfully."}
{"level":"INFO","message":"[2:39:58.862 PM]: Connection[id: 372033dc-1348-4c3d-9e9f-a29d42f56b30] - async connecting. Associated Snowflake domain: GLOBAL"}
{"level":"INFO","message":"[2:39:58.862 PM]: Trying to initialize Easy Logging"}
{"level":"INFO","message":"[2:39:58.873 PM]: No client config detected."}
{"level":"INFO","message":"[2:39:58.874 PM]: No config file path found. Client config will not be used."}
{"level":"INFO","message":"[2:39:58.874 PM]: Easy Logging is disabled as no config has been found"}
{"level":"INFO","message":"[2:39:58.875 PM]: Connection[id: 372033dc-1348-4c3d-9e9f-a29d42f56b30] - authentication successful using: SNOWFLAKE"}
{"level":"INFO","message":"[2:39:59.390 PM]: Connection[id: 372033dc-1348-4c3d-9e9f-a29d42f56b30] - connection established successfully after 527.88 milliseconds"}
{"level":"INFO","message":"[2:40:07.653 PM]: Creating new connection object"}
{"level":"INFO","message":"[2:40:07.676 PM]: Creating Connection[id: 59bd6969-0379-4178-b97e-665fbc3b93fb] with host: QCQMHWR-UUC00658.snowflakecomputing.com, account: QCQMHWR-UUC00658, accessUrl: https://QCQMHWR-UUC00658.snowflakecomputing.com, user: JONAEDD08, role: undefined, database: WORLD_BANK_DB, schema: MACROECONOMICS, warehouse: COMPUTE_WH, proxy was not configured, password is provided, region: undefined, authenticator: SNOWFLAKE, ocsp mode: FAIL_OPEN, os: win32, os version: 10.0.26200"}
{"level":"INFO","message":"[2:40:07.677 PM]: Connection[id: 59bd6969-0379-4178-b97e-665fbc3b93fb] additional details: passcode in password is provided, passcode is not provided, private key is not provided, application: undefined, client name: snowflake-sdk, client version: 2.4.0, retry timeout: 300, private key path: undefined, private key pass is not provided, client store temporary credential: false, browser response timeout: 120000"}
{"level":"INFO","message":"[2:40:07.677 PM]: Connection[id: 59bd6969-0379-4178-b97e-665fbc3b93fb] - connection object created successfully."}
{"level":"INFO","message":"[2:40:07.679 PM]: Connection[id: 59bd6969-0379-4178-b97e-665fbc3b93fb] - async connecting. Associated Snowflake domain: GLOBAL"}
{"level":"INFO","message":"[2:40:07.680 PM]: Trying to initialize Easy Logging"}
{"level":"INFO","message":"[2:40:07.690 PM]: No client config detected."}
{"level":"INFO","message":"[2:40:07.690 PM]: No config file path found. Client config will not be used."}
{"level":"INFO","message":"[2:40:07.691 PM]: Easy Logging is disabled as no config has been found"}
{"level":"INFO","message":"[2:40:07.691 PM]: Connection[id: 59bd6969-0379-4178-b97e-665fbc3b93fb] - authentication successful using: SNOWFLAKE"}
{"level":"INFO","message":"[2:40:10.622 PM]: Connection[id: 59bd6969-0379-4178-b97e-665fbc3b93fb] - connection established successfully after 2942.87 milliseconds"}
{"level":"INFO","message":"[2:40:16.676 PM]: Creating new connection object"}
{"level":"INFO","message":"[2:40:16.699 PM]: Creating Connection[id: be88396f-6e05-48c9-9730-4ef795b61b7b] with host: QCQMHWR-UUC00658.snowflakecomputing.com, account: QCQMHWR-UUC00658, accessUrl: https://QCQMHWR-UUC00658.snowflakecomputing.com, user: JONAEDD08, role: undefined, database: WORLD_BANK_DB, schema: MACROECONOMICS, warehouse: COMPUTE_WH, proxy was not configured, password is provided, region: undefined, authenticator: SNOWFLAKE, ocsp mode: FAIL_OPEN, os: win32, os version: 10.0.26200"}
{"level":"INFO","message":"[2:40:16.700 PM]: Connection[id: be88396f-6e05-48c9-9730-4ef795b61b7b] additional details: passcode in password is provided, passcode is not provided, private key is not provided, application: undefined, client name: snowflake-sdk, client version: 2.4.0, retry timeout: 300, private key path: undefined, private key pass is not provided, client store temporary credential: false, browser response timeout: 120000"}
{"level":"INFO","message":"[2:40:16.701 PM]: Connection[id: be88396f-6e05-48c9-9730-4ef795b61b7b] - connection object created successfully."}
{"level":"INFO","message":"[2:40:16.701 PM]: Connection[id: be88396f-6e05-48c9-9730-4ef795b61b7b] - async connecting. Associated Snowflake domain: GLOBAL"}
{"level":"INFO","message":"[2:40:16.702 PM]: Trying to initialize Easy Logging"}
{"level":"INFO","message":"[2:40:16.711 PM]: No client config detected."}
{"level":"INFO","message":"[2:40:16.712 PM]: No config file path found. Client config will not be used."}
{"level":"INFO","message":"[2:40:16.712 PM]: Easy Logging is disabled as no config has been found"}
{"level":"INFO","message":"[2:40:16.713 PM]: Connection[id: be88396f-6e05-48c9-9730-4ef795b61b7b] - authentication successful using: SNOWFLAKE"}
{"level":"INFO","message":"[2:40:17.421 PM]: Connection[id: be88396f-6e05-48c9-9730-4ef795b61b7b] - connection established successfully after 719.47 milliseconds"}
{"level":"INFO","message":"[2:40:25.783 PM]: Creating new connection object"}
{"level":"INFO","message":"[2:40:25.804 PM]: Creating Connection[id: fdad676b-53d8-4c5f-8da2-ab9057fb6e01] with host: QCQMHWR-UUC00658.snowflakecomputing.com, account: QCQMHWR-UUC00658, accessUrl: https://QCQMHWR-UUC00658.snowflakecomputing.com, user: JONAEDD08, role: undefined, database: WORLD_BANK_DB, schema: MACROECONOMICS, warehouse: COMPUTE_WH, proxy was not configured, password is provided, region: undefined, authenticator: SNOWFLAKE, ocsp mode: FAIL_OPEN, os: win32, os version: 10.0.26200"}
{"level":"INFO","message":"[2:40:25.805 PM]: Connection[id: fdad676b-53d8-4c5f-8da2-ab9057fb6e01] additional details: passcode in password is provided, passcode is not provided, private key is not provided, application: undefined, client name: snowflake-sdk, client version: 2.4.0, retry timeout: 300, private key path: undefined, private key pass is not provided, client store temporary credential: false, browser response timeout: 120000"}
{"level":"INFO","message":"[2:40:25.805 PM]: Connection[id: fdad676b-53d8-4c5f-8da2-ab9057fb6e01] - connection object created successfully."}
{"level":"INFO","message":"[2:40:25.806 PM]: Connection[id: fdad676b-53d8-4c5f-8da2-ab9057fb6e01] - async connecting. Associated Snowflake domain: GLOBAL"}
{"level":"INFO","message":"[2:40:25.807 PM]: Trying to initialize Easy Logging"}
{"level":"INFO","message":"[2:40:25.818 PM]: No client config detected."}
{"level":"INFO","message":"[2:40:25.819 PM]: No config file path found. Client config will not be used."}
{"level":"INFO","message":"[2:40:25.819 PM]: Easy Logging is disabled as no config has been found"}
{"level":"INFO","message":"[2:40:25.820 PM]: Connection[id: fdad676b-53d8-4c5f-8da2-ab9057fb6e01] - authentication successful using: SNOWFLAKE"}
{"level":"INFO","message":"[2:40:30.928 PM]: Creating new connection object"}
{"level":"INFO","message":"[2:40:30.961 PM]: Creating Connection[id: 04f51642-8dae-40ab-b6a3-8e8206d102de] with host: QCQMHWR-UUC00658.snowflakecomputing.com, account: QCQMHWR-UUC00658, accessUrl: https://QCQMHWR-UUC00658.snowflakecomputing.com, user: JONAEDD08, role: undefined, database: WORLD_BANK_DB, schema: MACROECONOMICS, warehouse: COMPUTE_WH, proxy was not configured, password is provided, region: undefined, authenticator: SNOWFLAKE, ocsp mode: FAIL_OPEN, os: win32, os version: 10.0.26200"}
{"level":"INFO","message":"[2:40:30.963 PM]: Connection[id: 04f51642-8dae-40ab-b6a3-8e8206d102de] additional details: passcode in password is provided, passcode is not provided, private key is not provided, application: undefined, client name: snowflake-sdk, client version: 2.4.0, retry timeout: 300, private key path: undefined, private key pass is not provided, client store temporary credential: false, browser response timeout: 120000"}
{"level":"INFO","message":"[2:40:30.964 PM]: Connection[id: 04f51642-8dae-40ab-b6a3-8e8206d102de] - connection object created successfully."}
{"level":"INFO","message":"[2:40:30.965 PM]: Connection[id: 04f51642-8dae-40ab-b6a3-8e8206d102de] - async connecting. Associated Snowflake domain: GLOBAL"}
{"level":"INFO","message":"[2:40:30.966 PM]: Trying to initialize Easy Logging"}
{"level":"INFO","message":"[2:40:30.984 PM]: No client config detected."}
{"level":"INFO","message":"[2:40:30.985 PM]: No config file path found. Client config will not be used."}
{"level":"INFO","message":"[2:40:30.989 PM]: Easy Logging is disabled as no config has been found"}
{"level":"INFO","message":"[2:40:30.992 PM]: Connection[id: 04f51642-8dae-40ab-b6a3-8e8206d102de] - authentication successful using: SNOWFLAKE"}
{"level":"INFO","message":"[2:40:59.565 PM]: Creating new connection object"}
{"level":"INFO","message":"[2:40:59.589 PM]: Creating Connection[id: b9458c16-ec77-46cd-b2f3-b2f979dc3ef3] with host: QCQMHWR-UUC00658.snowflakecomputing.com, account: QCQMHWR-UUC00658, accessUrl: https://QCQMHWR-UUC00658.snowflakecomputing.com, user: JONAEDD08, role: undefined, database: WORLD_BANK_DB, schema: MACROECONOMICS, warehouse: COMPUTE_WH, proxy was not configured, password is provided, region: undefined, authenticator: SNOWFLAKE, ocsp mode: FAIL_OPEN, os: win32, os version: 10.0.26200"}
{"level":"INFO","message":"[2:40:59.589 PM]: Connection[id: b9458c16-ec77-46cd-b2f3-b2f979dc3ef3] additional details: passcode in password is provided, passcode is not provided, private key is not provided, application: undefined, client name: snowflake-sdk, client version: 2.4.0, retry timeout: 300, private key path: undefined, private key pass is not provided, client store temporary credential: false, browser response timeout: 120000"}
{"level":"INFO","message":"[2:40:59.590 PM]: Connection[id: b9458c16-ec77-46cd-b2f3-b2f979dc3ef3] - connection object created successfully."}
{"level":"INFO","message":"[2:40:59.590 PM]: Connection[id: b9458c16-ec77-46cd-b2f3-b2f979dc3ef3] - async connecting. Associated Snowflake domain: GLOBAL"}
{"level":"INFO","message":"[2:40:59.591 PM]: Trying to initialize Easy Logging"}
{"level":"INFO","message":"[2:40:59.601 PM]: No client config detected."}
{"level":"INFO","message":"[2:40:59.601 PM]: No config file path found. Client config will not be used."}
{"level":"INFO","message":"[2:40:59.602 PM]: Easy Logging is disabled as no config has been found"}
{"level":"INFO","message":"[2:40:59.603 PM]: Connection[id: b9458c16-ec77-46cd-b2f3-b2f979dc3ef3] - authentication successful using: SNOWFLAKE"}
{"level":"INFO","message":"[2:41:02.302 PM]: Creating new connection object"}
{"level":"INFO","message":"[2:41:02.325 PM]: Creating Connection[id: 8a057ed3-aefa-4918-aca8-2913f3906377] with host: QCQMHWR-UUC00658.snowflakecomputing.com, account: QCQMHWR-UUC00658, accessUrl: https://QCQMHWR-UUC00658.snowflakecomputing.com, user: JONAEDD08, role: undefined, database: WORLD_BANK_DB, schema: MACROECONOMICS, warehouse: COMPUTE_WH, proxy was not configured, password is provided, region: undefined, authenticator: SNOWFLAKE, ocsp mode: FAIL_OPEN, os: win32, os version: 10.0.26200"}
{"level":"INFO","message":"[2:41:02.325 PM]: Connection[id: 8a057ed3-aefa-4918-aca8-2913f3906377] additional details: passcode in password is provided, passcode is not provided, private key is not provided, application: undefined, client name: snowflake-sdk, client version: 2.4.0, retry timeout: 300, private key path: undefined, private key pass is not provided, client store temporary credential: false, browser response timeout: 120000"}
{"level":"INFO","message":"[2:41:02.326 PM]: Connection[id: 8a057ed3-aefa-4918-aca8-2913f3906377] - connection object created successfully."}
{"level":"INFO","message":"[2:41:02.327 PM]: Connection[id: 8a057ed3-aefa-4918-aca8-2913f3906377] - async connecting. Associated Snowflake domain: GLOBAL"}
{"level":"INFO","message":"[2:41:02.327 PM]: Trying to initialize Easy Logging"}
{"level":"INFO","message":"[2:41:02.338 PM]: No client config detected."}
{"level":"INFO","message":"[2:41:02.338 PM]: No config file path found. Client config will not be used."}
{"level":"INFO","message":"[2:41:02.339 PM]: Easy Logging is disabled as no config has been found"}
{"level":"INFO","message":"[2:41:02.339 PM]: Connection[id: 8a057ed3-aefa-4918-aca8-2913f3906377] - authentication successful using: SNOWFLAKE"}
{"level":"INFO","message":"[2:41:03.593 PM]: Connection[id: 8a057ed3-aefa-4918-aca8-2913f3906377] - connection established successfully after 1266.33 milliseconds"}
{"level":"INFO","message":"[2:42:48.759 PM]: Creating new connection object"}
{"level":"INFO","message":"[2:42:48.789 PM]: Creating Connection[id: 858d72bf-61f0-4047-a7fb-8b9f4e18ca0d] with host: QCQMHWR-UUC00658.snowflakecomputing.com, account: QCQMHWR-UUC00658, accessUrl: https://QCQMHWR-UUC00658.snowflakecomputing.com, user: JONAEDD08, role: undefined, database: WORLD_BANK_DB, schema: MACROECONOMICS, warehouse: COMPUTE_WH, proxy was not configured, password is provided, region: undefined, authenticator: SNOWFLAKE, ocsp mode: FAIL_OPEN, os: win32, os version: 10.0.26200"}
{"level":"INFO","message":"[2:42:48.790 PM]: Connection[id: 858d72bf-61f0-4047-a7fb-8b9f4e18ca0d] additional details: passcode in password is provided, passcode is not provided, private key is not provided, application: undefined, client name: snowflake-sdk, client version: 2.4.0, retry timeout: 300, private key path: undefined, private key pass is not provided, client store temporary credential: false, browser response timeout: 120000"}
{"level":"INFO","message":"[2:42:48.791 PM]: Connection[id: 858d72bf-61f0-4047-a7fb-8b9f4e18ca0d] - connection object created successfully."}
{"level":"INFO","message":"[2:42:48.791 PM]: Connection[id: 858d72bf-61f0-4047-a7fb-8b9f4e18ca0d] - async connecting. Associated Snowflake domain: GLOBAL"}
{"level":"INFO","message":"[2:42:48.792 PM]: Trying to initialize Easy Logging"}
{"level":"INFO","message":"[2:42:48.811 PM]: No client config detected."}
{"level":"INFO","message":"[2:42:48.812 PM]: No config file path found. Client config will not be used."}
{"level":"INFO","message":"[2:42:48.813 PM]: Easy Logging is disabled as no config has been found"}
{"level":"INFO","message":"[2:42:48.814 PM]: Connection[id: 858d72bf-61f0-4047-a7fb-8b9f4e18ca0d] - authentication successful using: SNOWFLAKE"}
{"level":"INFO","message":"[2:42:50.598 PM]: Connection[id: 858d72bf-61f0-4047-a7fb-8b9f4e18ca0d] - connection established successfully after 1806.22 milliseconds"}
{"level":"INFO","message":"[2:43:22.865 PM]: Creating new connection object"}
{"level":"INFO","message":"[2:43:22.884 PM]: Creating Connection[id: 04282aae-6c25-4d62-9687-7bd3d64e61b6] with host: QCQMHWR-UUC00658.snowflakecomputing.com, account: QCQMHWR-UUC00658, accessUrl: https://QCQMHWR-UUC00658.snowflakecomputing.com, user: JONAEDD08, role: undefined, database: WORLD_BANK_DB, schema: MACROECONOMICS, warehouse: COMPUTE_WH, proxy was not configured, password is provided, region: undefined, authenticator: SNOWFLAKE, ocsp mode: FAIL_OPEN, os: win32, os version: 10.0.26200"}
{"level":"INFO","message":"[2:43:22.885 PM]: Connection[id: 04282aae-6c25-4d62-9687-7bd3d64e61b6] additional details: passcode in password is provided, passcode is not provided, private key is not provided, application: undefined, client name: snowflake-sdk, client version: 2.4.0, retry timeout: 300, private key path: undefined, private key pass is not provided, client store temporary credential: false, browser response timeout: 120000"}
{"level":"INFO","message":"[2:43:22.885 PM]: Connection[id: 04282aae-6c25-4d62-9687-7bd3d64e61b6] - connection object created successfully."}
{"level":"INFO","message":"[2:43:22.886 PM]: Connection[id: 04282aae-6c25-4d62-9687-7bd3d64e61b6] - async connecting. Associated Snowflake domain: GLOBAL"}
{"level":"INFO","message":"[2:43:22.887 PM]: Trying to initialize Easy Logging"}
{"level":"INFO","message":"[2:43:22.895 PM]: No client config detected."}
{"level":"INFO","message":"[2:43:22.895 PM]: No config file path found. Client config will not be used."}
{"level":"INFO","message":"[2:43:22.895 PM]: Easy Logging is disabled as no config has been found"}
{"level":"INFO","message":"[2:43:22.895 PM]: Connection[id: 04282aae-6c25-4d62-9687-7bd3d64e61b6] - authentication successful using: SNOWFLAKE"}
{"level":"INFO","message":"[2:43:24.768 PM]: Creating new connection object"}
{"level":"INFO","message":"[2:43:24.793 PM]: Creating Connection[id: fde08fd0-dd17-42d7-b7b2-51a87b080e06] with host: QCQMHWR-UUC00658.snowflakecomputing.com, account: QCQMHWR-UUC00658, accessUrl: https://QCQMHWR-UUC00658.snowflakecomputing.com, user: JONAEDD08, role: undefined, database: WORLD_BANK_DB, schema: MACROECONOMICS, warehouse: COMPUTE_WH, proxy was not configured, password is provided, region: undefined, authenticator: SNOWFLAKE, ocsp mode: FAIL_OPEN, os: win32, os version: 10.0.26200"}
{"level":"INFO","message":"[2:43:24.794 PM]: Connection[id: fde08fd0-dd17-42d7-b7b2-51a87b080e06] additional details: passcode in password is provided, passcode is not provided, private key is not provided, application: undefined, client name: snowflake-sdk, client version: 2.4.0, retry timeout: 300, private key path: undefined, private key pass is not provided, client store temporary credential: false, browser response timeout: 120000"}
{"level":"INFO","message":"[2:43:24.795 PM]: Connection[id: fde08fd0-dd17-42d7-b7b2-51a87b080e06] - connection object created successfully."}
{"level":"INFO","message":"[2:43:24.796 PM]: Connection[id: fde08fd0-dd17-42d7-b7b2-51a87b080e06] - async connecting. Associated Snowflake domain: GLOBAL"}
{"level":"INFO","message":"[2:43:24.797 PM]: Trying to initialize Easy Logging"}
{"level":"INFO","message":"[2:43:24.811 PM]: No client config detected."}
{"level":"INFO","message":"[2:43:24.812 PM]: No config file path found. Client config will not be used."}
{"level":"INFO","message":"[2:43:24.813 PM]: Easy Logging is disabled as no config has been found"}
{"level":"INFO","message":"[2:43:24.814 PM]: Connection[id: fde08fd0-dd17-42d7-b7b2-51a87b080e06] - authentication successful using: SNOWFLAKE"}
{"level":"INFO","message":"[2:43:27.407 PM]: Creating new connection object"}
{"level":"INFO","message":"[2:43:27.440 PM]: Creating Connection[id: 2f5c8ab7-e31d-4f5a-97d4-c5a4cbdd6c0c] with host: QCQMHWR-UUC00658.snowflakecomputing.com, account: QCQMHWR-UUC00658, accessUrl: https://QCQMHWR-UUC00658.snowflakecomputing.com, user: JONAEDD08, role: undefined, database: WORLD_BANK_DB, schema: MACROECONOMICS, warehouse: COMPUTE_WH, proxy was not configured, password is provided, region: undefined, authenticator: SNOWFLAKE, ocsp mode: FAIL_OPEN, os: win32, os version: 10.0.26200"}
{"level":"INFO","message":"[2:43:27.441 PM]: Connection[id: 2f5c8ab7-e31d-4f5a-97d4-c5a4cbdd6c0c] additional details: passcode in password is provided, passcode is not provided, private key is not provided, application: undefined, client name: snowflake-sdk, client version: 2.4.0, retry timeout: 300, private key path: undefined, private key pass is not provided, client store temporary credential: false, browser response timeout: 120000"}
{"level":"INFO","message":"[2:43:27.442 PM]: Connection[id: 2f5c8ab7-e31d-4f5a-97d4-c5a4cbdd6c0c] - connection object created successfully."}
{"level":"INFO","message":"[2:43:27.443 PM]: Connection[id: 2f5c8ab7-e31d-4f5a-97d4-c5a4cbdd6c0c] - async connecting. Associated Snowflake domain: GLOBAL"}
{"level":"INFO","message":"[2:43:27.444 PM]: Trying to initialize Easy Logging"}
{"level":"INFO","message":"[2:43:27.461 PM]: No client config detected."}
{"level":"INFO","message":"[2:43:27.462 PM]: No config file path found. Client config will not be used."}
{"level":"INFO","message":"[2:43:27.463 PM]: Easy Logging is disabled as no config has been found"}
{"level":"INFO","message":"[2:43:27.464 PM]: Connection[id: 2f5c8ab7-e31d-4f5a-97d4-c5a4cbdd6c0c] - authentication successful using: SNOWFLAKE"}
{"level":"INFO","message":"[2:43:28.110 PM]: Connection[id: 2f5c8ab7-e31d-4f5a-97d4-c5a4cbdd6c0c] - connection established successfully after 666.41 milliseconds"}
{"level":"INFO","message":"[2:43:30.295 PM]: Creating new connection object"}
{"level":"INFO","message":"[2:43:30.313 PM]: Creating Connection[id: ff3208b3-11e4-4e08-9991-ccb89f33ac68] with host: QCQMHWR-UUC00658.snowflakecomputing.com, account: QCQMHWR-UUC00658, accessUrl: https://QCQMHWR-UUC00658.snowflakecomputing.com, user: JONAEDD08, role: undefined, database: WORLD_BANK_DB, schema: MACROECONOMICS, warehouse: COMPUTE_WH, proxy was not configured, password is provided, region: undefined, authenticator: SNOWFLAKE, ocsp mode: FAIL_OPEN, os: win32, os version: 10.0.26200"}
{"level":"INFO","message":"[2:43:30.314 PM]: Connection[id: ff3208b3-11e4-4e08-9991-ccb89f33ac68] additional details: passcode in password is provided, passcode is not provided, private key is not provided, application: undefined, client name: snowflake-sdk, client version: 2.4.0, retry timeout: 300, private key path: undefined, private key pass is not provided, client store temporary credential: false, browser response timeout: 120000"}
{"level":"INFO","message":"[2:43:30.314 PM]: Connection[id: ff3208b3-11e4-4e08-9991-ccb89f33ac68] - connection object created successfully."}
{"level":"INFO","message":"[2:43:30.315 PM]: Connection[id: ff3208b3-11e4-4e08-9991-ccb89f33ac68] - async connecting. Associated Snowflake domain: GLOBAL"}
{"level":"INFO","message":"[2:43:30.315 PM]: Trying to initialize Easy Logging"}
{"level":"INFO","message":"[2:43:30.323 PM]: No client config detected."}
{"level":"INFO","message":"[2:43:30.323 PM]: No config file path found. Client config will not be used."}
{"level":"INFO","message":"[2:43:30.324 PM]: Easy Logging is disabled as no config has been found"}
{"level":"INFO","message":"[2:43:30.324 PM]: Connection[id: ff3208b3-11e4-4e08-9991-ccb89f33ac68] - authentication successful using: SNOWFLAKE"}
{"level":"INFO","message":"[2:43:31.522 PM]: Connection[id: ff3208b3-11e4-4e08-9991-ccb89f33ac68] - connection established successfully after 1207.81 milliseconds"}
{"level":"INFO","message":"[2:43:34.493 PM]: Creating new connection object"}
{"level":"INFO","message":"[2:43:34.518 PM]: Creating Connection[id: 6103981a-c7bd-4695-ad9e-fec0301a56fe] with host: QCQMHWR-UUC00658.snowflakecomputing.com, account: QCQMHWR-UUC00658, accessUrl: https://QCQMHWR-UUC00658.snowflakecomputing.com, user: JONAEDD08, role: undefined, database: WORLD_BANK_DB, schema: MACROECONOMICS, warehouse: COMPUTE_WH, proxy was not configured, password is provided, region: undefined, authenticator: SNOWFLAKE, ocsp mode: FAIL_OPEN, os: win32, os version: 10.0.26200"}
{"level":"INFO","message":"[2:43:34.519 PM]: Connection[id: 6103981a-c7bd-4695-ad9e-fec0301a56fe] additional details: passcode in password is provided, passcode is not provided, private key is not provided, application: undefined, client name: snowflake-sdk, client version: 2.4.0, retry timeout: 300, private key path: undefined, private key pass is not provided, client store temporary credential: false, browser response timeout: 120000"}
{"level":"INFO","message":"[2:43:34.520 PM]: Connection[id: 6103981a-c7bd-4695-ad9e-fec0301a56fe] - connection object created successfully."}
{"level":"INFO","message":"[2:43:34.521 PM]: Connection[id: 6103981a-c7bd-4695-ad9e-fec0301a56fe] - async connecting. Associated Snowflake domain: GLOBAL"}
{"level":"INFO","message":"[2:43:34.521 PM]: Trying to initialize Easy Logging"}
{"level":"INFO","message":"[2:43:34.532 PM]: No client config detected."}
{"level":"INFO","message":"[2:43:34.533 PM]: No config file path found. Client config will not be used."}
{"level":"INFO","message":"[2:43:34.533 PM]: Easy Logging is disabled as no config has been found"}
{"level":"INFO","message":"[2:43:34.533 PM]: Connection[id: 6103981a-c7bd-4695-ad9e-fec0301a56fe] - authentication successful using: SNOWFLAKE"}
{"level":"INFO","message":"[2:43:35.008 PM]: Connection[id: 6103981a-c7bd-4695-ad9e-fec0301a56fe] - connection established successfully after 487.76 milliseconds"}
{"level":"INFO","message":"[2:43:36.839 PM]: Creating new connection object"}
{"level":"INFO","message":"[2:43:36.861 PM]: Creating Connection[id: 53471f1e-635e-415c-9c4f-b86eb421a077] with host: QCQMHWR-UUC00658.snowflakecomputing.com, account: QCQMHWR-UUC00658, accessUrl: https://QCQMHWR-UUC00658.snowflakecomputing.com, user: JONAEDD08, role: undefined, database: WORLD_BANK_DB, schema: MACROECONOMICS, warehouse: COMPUTE_WH, proxy was not configured, password is provided, region: undefined, authenticator: SNOWFLAKE, ocsp mode: FAIL_OPEN, os: win32, os version: 10.0.26200"}
{"level":"INFO","message":"[2:43:36.862 PM]: Connection[id: 53471f1e-635e-415c-9c4f-b86eb421a077] additional details: passcode in password is provided, passcode is not provided, private key is not provided, application: undefined, client name: snowflake-sdk, client version: 2.4.0, retry timeout: 300, private key path: undefined, private key pass is not provided, client store temporary credential: false, browser response timeout: 120000"}
{"level":"INFO","message":"[2:43:36.862 PM]: Connection[id: 53471f1e-635e-415c-9c4f-b86eb421a077] - connection object created successfully."}
{"level":"INFO","message":"[2:43:36.863 PM]: Connection[id: 53471f1e-635e-415c-9c4f-b86eb421a077] - async connecting. Associated Snowflake domain: GLOBAL"}
{"level":"INFO","message":"[2:43:36.863 PM]: Trying to initialize Easy Logging"}
{"level":"INFO","message":"[2:43:36.875 PM]: No client config detected."}
{"level":"INFO","message":"[2:43:36.875 PM]: No config file path found. Client config will not be used."}
{"level":"INFO","message":"[2:43:36.876 PM]: Easy Logging is disabled as no config has been found"}
{"level":"INFO","message":"[2:43:36.876 PM]: Connection[id: 53471f1e-635e-415c-9c4f-b86eb421a077] - authentication successful using: SNOWFLAKE"}
{"level":"INFO","message":"[2:43:38.609 PM]: Creating new connection object"}
{"level":"INFO","message":"[2:43:38.635 PM]: Creating Connection[id: 35556064-073d-4f8d-ab07-7cf8e83679d7] with host: QCQMHWR-UUC00658.snowflakecomputing.com, account: QCQMHWR-UUC00658, accessUrl: https://QCQMHWR-UUC00658.snowflakecomputing.com, user: JONAEDD08, role: undefined, database: WORLD_BANK_DB, schema: MACROECONOMICS, warehouse: COMPUTE_WH, proxy was not configured, password is provided, region: undefined, authenticator: SNOWFLAKE, ocsp mode: FAIL_OPEN, os: win32, os version: 10.0.26200"}
{"level":"INFO","message":"[2:43:38.636 PM]: Connection[id: 35556064-073d-4f8d-ab07-7cf8e83679d7] additional details: passcode in password is provided, passcode is not provided, private key is not provided, application: undefined, client name: snowflake-sdk, client version: 2.4.0, retry timeout: 300, private key path: undefined, private key pass is not provided, client store temporary credential: false, browser response timeout: 120000"}
{"level":"INFO","message":"[2:43:38.637 PM]: Connection[id: 35556064-073d-4f8d-ab07-7cf8e83679d7] - connection object created successfully."}
{"level":"INFO","message":"[2:43:38.638 PM]: Connection[id: 35556064-073d-4f8d-ab07-7cf8e83679d7] - async connecting. Associated Snowflake domain: GLOBAL"}
{"level":"INFO","message":"[2:43:38.638 PM]: Trying to initialize Easy Logging"}
{"level":"INFO","message":"[2:43:38.647 PM]: No client config detected."}
{"level":"INFO","message":"[2:43:38.647 PM]: No config file path found. Client config will not be used."}
{"level":"INFO","message":"[2:43:38.648 PM]: Easy Logging is disabled as no config has been found"}
{"level":"INFO","message":"[2:43:38.648 PM]: Connection[id: 35556064-073d-4f8d-ab07-7cf8e83679d7] - authentication successful using: SNOWFLAKE"}
{"level":"INFO","message":"[2:43:39.701 PM]: Connection[id: 35556064-073d-4f8d-ab07-7cf8e83679d7] - connection established successfully after 1063.86 milliseconds"}
{"level":"INFO","message":"[2:43:43.539 PM]: Creating new connection object"}
{"level":"INFO","message":"[2:43:43.565 PM]: Creating Connection[id: 3dc734b6-19d5-4b13-89dc-18b97fa9623c] with host: QCQMHWR-UUC00658.snowflakecomputing.com, account: QCQMHWR-UUC00658, accessUrl: https://QCQMHWR-UUC00658.snowflakecomputing.com, user: JONAEDD08, role: undefined, database: WORLD_BANK_DB, schema: MACROECONOMICS, warehouse: COMPUTE_WH, proxy was not configured, password is provided, region: undefined, authenticator: SNOWFLAKE, ocsp mode: FAIL_OPEN, os: win32, os version: 10.0.26200"}
{"level":"INFO","message":"[2:43:43.566 PM]: Connection[id: 3dc734b6-19d5-4b13-89dc-18b97fa9623c] additional details: passcode in password is provided, passcode is not provided, private key is not provided, application: undefined, client name: snowflake-sdk, client version: 2.4.0, retry timeout: 300, private key path: undefined, private key pass is not provided, client store temporary credential: false, browser response timeout: 120000"}
{"level":"INFO","message":"[2:43:43.566 PM]: Connection[id: 3dc734b6-19d5-4b13-89dc-18b97fa9623c] - connection object created successfully."}
{"level":"INFO","message":"[2:43:43.567 PM]: Connection[id: 3dc734b6-19d5-4b13-89dc-18b97fa9623c] - async connecting. Associated Snowflake domain: GLOBAL"}
{"level":"INFO","message":"[2:43:43.567 PM]: Trying to initialize Easy Logging"}
{"level":"INFO","message":"[2:43:43.577 PM]: No client config detected."}
{"level":"INFO","message":"[2:43:43.577 PM]: No config file path found. Client config will not be used."}
{"level":"INFO","message":"[2:43:43.577 PM]: Easy Logging is disabled as no config has been found"}
{"level":"INFO","message":"[2:43:43.578 PM]: Connection[id: 3dc734b6-19d5-4b13-89dc-18b97fa9623c] - authentication successful using: SNOWFLAKE"}
{"level":"INFO","message":"[2:43:44.967 PM]: Connection[id: 3dc734b6-19d5-4b13-89dc-18b97fa9623c] - connection established successfully after 1400.16 milliseconds"}
{"level":"INFO","message":"[4:11:03.042 PM]: Creating new connection object"}
{"level":"INFO","message":"[4:11:03.072 PM]: Creating Connection[id: 54993979-3f82-4f8f-8fd4-96135a72e90d] with host: QCQMHWR-UUC00658.snowflakecomputing.com, account: QCQMHWR-UUC00658, accessUrl: https://QCQMHWR-UUC00658.snowflakecomputing.com, user: JONAEDD08, role: undefined, database: WORLD_BANK_DB, schema: MACROECONOMICS, warehouse: COMPUTE_WH, proxy was not configured, password is provided, region: undefined, authenticator: SNOWFLAKE, ocsp mode: FAIL_OPEN, os: win32, os version: 10.0.26200"}
{"level":"INFO","message":"[4:11:03.073 PM]: Connection[id: 54993979-3f82-4f8f-8fd4-96135a72e90d] additional details: passcode in password is provided, passcode is not provided, private key is not provided, application: undefined, client name: snowflake-sdk, client version: 2.4.0, retry timeout: 300, private key path: undefined, private key pass is not provided, client store temporary credential: false, browser response timeout: 120000"}
{"level":"INFO","message":"[4:11:03.073 PM]: Connection[id: 54993979-3f82-4f8f-8fd4-96135a72e90d] - connection object created successfully."}
{"level":"INFO","message":"[4:11:03.074 PM]: Connection[id: 54993979-3f82-4f8f-8fd4-96135a72e90d] - async connecting. Associated Snowflake domain: GLOBAL"}
{"level":"INFO","message":"[4:11:03.075 PM]: Trying to initialize Easy Logging"}
{"level":"INFO","message":"[4:11:03.090 PM]: No client config detected."}
{"level":"INFO","message":"[4:11:03.091 PM]: No config file path found. Client config will not be used."}
{"level":"INFO","message":"[4:11:03.092 PM]: Easy Logging is disabled as no config has been found"}
{"level":"INFO","message":"[4:11:03.092 PM]: Connection[id: 54993979-3f82-4f8f-8fd4-96135a72e90d] - authentication successful using: SNOWFLAKE"}
{"level":"INFO","message":"[4:11:08.791 PM]: Connection[id: 54993979-3f82-4f8f-8fd4-96135a72e90d] - connection established successfully after 5716.44 milliseconds"}
{"level":"INFO","message":"[4:11:29.343 PM]: Creating new connection object"}
{"level":"INFO","message":"[4:11:29.363 PM]: Creating Connection[id: 4fa3ac9d-b726-44d5-9d13-419976f68d0f] with host: QCQMHWR-UUC00658.snowflakecomputing.com, account: QCQMHWR-UUC00658, accessUrl: https://QCQMHWR-UUC00658.snowflakecomputing.com, user: JONAEDD08, role: undefined, database: WORLD_BANK_DB, schema: MACROECONOMICS, warehouse: COMPUTE_WH, proxy was not configured, password is provided, region: undefined, authenticator: SNOWFLAKE, ocsp mode: FAIL_OPEN, os: win32, os version: 10.0.26200"}
{"level":"INFO","message":"[4:11:29.363 PM]: Connection[id: 4fa3ac9d-b726-44d5-9d13-419976f68d0f] additional details: passcode in password is provided, passcode is not provided, private key is not provided, application: undefined, client name: snowflake-sdk, client version: 2.4.0, retry timeout: 300, private key path: undefined, private key pass is not provided, client store temporary credential: false, browser response timeout: 120000"}
{"level":"INFO","message":"[4:11:29.364 PM]: Connection[id: 4fa3ac9d-b726-44d5-9d13-419976f68d0f] - connection object created successfully."}
{"level":"INFO","message":"[4:11:29.365 PM]: Connection[id: 4fa3ac9d-b726-44d5-9d13-419976f68d0f] - async connecting. Associated Snowflake domain: GLOBAL"}
{"level":"INFO","message":"[4:11:29.365 PM]: Trying to initialize Easy Logging"}
{"level":"INFO","message":"[4:11:29.378 PM]: No client config detected."}
{"level":"INFO","message":"[4:11:29.378 PM]: No config file path found. Client config will not be used."}
{"level":"INFO","message":"[4:11:29.379 PM]: Easy Logging is disabled as no config has been found"}
{"level":"INFO","message":"[4:11:29.379 PM]: Connection[id: 4fa3ac9d-b726-44d5-9d13-419976f68d0f] - authentication successful using: SNOWFLAKE"}
{"level":"INFO","message":"[4:11:31.789 PM]: Connection[id: 4fa3ac9d-b726-44d5-9d13-419976f68d0f] - connection established successfully after 2423.95 milliseconds"}
{"level":"INFO","message":"[4:53:02.080 PM]: Creating new connection object"}
{"level":"INFO","message":"[4:53:02.121 PM]: Creating Connection[id: 9dd3dfa0-72e8-4ed7-b6f3-fee5db1aa061] with host: QCQMHWR-UUC00658.snowflakecomputing.com, account: QCQMHWR-UUC00658, accessUrl: https://QCQMHWR-UUC00658.snowflakecomputing.com, user: JONAEDD08, role: undefined, database: WORLD_BANK_DB, schema: MACROECONOMICS, warehouse: COMPUTE_WH, proxy was not configured, password is provided, region: undefined, authenticator: SNOWFLAKE, ocsp mode: FAIL_OPEN, os: win32, os version: 10.0.26200"}
{"level":"INFO","message":"[4:53:02.122 PM]: Connection[id: 9dd3dfa0-72e8-4ed7-b6f3-fee5db1aa061] additional details: passcode in password is provided, passcode is not provided, private key is not provided, application: undefined, client name: snowflake-sdk, client version: 2.4.0, retry timeout: 300, private key path: undefined, private key pass is not provided, client store temporary credential: false, browser response timeout: 120000"}
{"level":"INFO","message":"[4:53:02.122 PM]: Connection[id: 9dd3dfa0-72e8-4ed7-b6f3-fee5db1aa061] - connection object created successfully."}
{"level":"INFO","message":"[4:53:02.123 PM]: Connection[id: 9dd3dfa0-72e8-4ed7-b6f3-fee5db1aa061] - async connecting. Associated Snowflake domain: GLOBAL"}
{"level":"INFO","message":"[4:53:02.124 PM]: Trying to initialize Easy Logging"}
{"level":"INFO","message":"[4:53:02.139 PM]: No client config detected."}
{"level":"INFO","message":"[4:53:02.139 PM]: No config file path found. Client config will not be used."}
{"level":"INFO","message":"[4:53:02.139 PM]: Easy Logging is disabled as no config has been found"}
{"level":"INFO","message":"[4:53:02.140 PM]: Connection[id: 9dd3dfa0-72e8-4ed7-b6f3-fee5db1aa061] - authentication successful using: SNOWFLAKE"}
{"level":"INFO","message":"[4:53:04.196 PM]: Creating new connection object"}
{"level":"INFO","message":"[4:53:04.217 PM]: Creating Connection[id: 825f38a5-ba71-431c-a2da-8510f0915167] with host: QCQMHWR-UUC00658.snowflakecomputing.com, account: QCQMHWR-UUC00658, accessUrl: https://QCQMHWR-UUC00658.snowflakecomputing.com, user: JONAEDD08, role: undefined, database: WORLD_BANK_DB, schema: MACROECONOMICS, warehouse: COMPUTE_WH, proxy was not configured, password is provided, region: undefined, authenticator: SNOWFLAKE, ocsp mode: FAIL_OPEN, os: win32, os version: 10.0.26200"}
{"level":"INFO","message":"[4:53:04.218 PM]: Connection[id: 825f38a5-ba71-431c-a2da-8510f0915167] additional details: passcode in password is provided, passcode is not provided, private key is not provided, application: undefined, client name: snowflake-sdk, client version: 2.4.0, retry timeout: 300, private key path: undefined, private key pass is not provided, client store temporary credential: false, browser response timeout: 120000"}
{"level":"INFO","message":"[4:53:04.218 PM]: Connection[id: 825f38a5-ba71-431c-a2da-8510f0915167] - connection object created successfully."}
{"level":"INFO","message":"[4:53:04.219 PM]: Connection[id: 825f38a5-ba71-431c-a2da-8510f0915167] - async connecting. Associated Snowflake domain: GLOBAL"}
{"level":"INFO","message":"[4:53:04.219 PM]: Trying to initialize Easy Logging"}
{"level":"INFO","message":"[4:53:04.228 PM]: No client config detected."}
{"level":"INFO","message":"[4:53:04.229 PM]: No config file path found. Client config will not be used."}
{"level":"INFO","message":"[4:53:04.229 PM]: Easy Logging is disabled as no config has been found"}
{"level":"INFO","message":"[4:53:04.229 PM]: Connection[id: 825f38a5-ba71-431c-a2da-8510f0915167] - authentication successful using: SNOWFLAKE"}
{"level":"INFO","message":"[4:53:06.478 PM]: Creating new connection object"}
{"level":"INFO","message":"[4:53:06.496 PM]: Creating Connection[id: bd9e5806-8b63-48aa-9014-dc516ad3fb1c] with host: QCQMHWR-UUC00658.snowflakecomputing.com, account: QCQMHWR-UUC00658, accessUrl: https://QCQMHWR-UUC00658.snowflakecomputing.com, user: JONAEDD08, role: undefined, database: WORLD_BANK_DB, schema: MACROECONOMICS, warehouse: COMPUTE_WH, proxy was not configured, password is provided, region: undefined, authenticator: SNOWFLAKE, ocsp mode: FAIL_OPEN, os: win32, os version: 10.0.26200"}
{"level":"INFO","message":"[4:53:06.497 PM]: Connection[id: bd9e5806-8b63-48aa-9014-dc516ad3fb1c] additional details: passcode in password is provided, passcode is not provided, private key is not provided, application: undefined, client name: snowflake-sdk, client version: 2.4.0, retry timeout: 300, private key path: undefined, private key pass is not provided, client store temporary credential: false, browser response timeout: 120000"}
{"level":"INFO","message":"[4:53:06.497 PM]: Connection[id: bd9e5806-8b63-48aa-9014-dc516ad3fb1c] - connection object created successfully."}
{"level":"INFO","message":"[4:53:06.498 PM]: Connection[id: bd9e5806-8b63-48aa-9014-dc516ad3fb1c] - async connecting. Associated Snowflake domain: GLOBAL"}
{"level":"INFO","message":"[4:53:06.499 PM]: Trying to initialize Easy Logging"}
{"level":"INFO","message":"[4:53:06.507 PM]: No client config detected."}
{"level":"INFO","message":"[4:53:06.508 PM]: No config file path found. Client config will not be used."}
{"level":"INFO","message":"[4:53:06.508 PM]: Easy Logging is disabled as no config has been found"}
{"level":"INFO","message":"[4:53:06.508 PM]: Connection[id: bd9e5806-8b63-48aa-9014-dc516ad3fb1c] - authentication successful using: SNOWFLAKE"}
{"level":"INFO","message":"[4:53:07.002 PM]: Connection[id: bd9e5806-8b63-48aa-9014-dc516ad3fb1c] - connection established successfully after 503.68 milliseconds"}
{"level":"INFO","message":"[4:53:15.349 PM]: Creating new connection object"}
{"level":"INFO","message":"[4:53:15.367 PM]: Creating Connection[id: 0a9cbdb7-8336-48d2-a7f2-83a68aa7cce3] with host: QCQMHWR-UUC00658.snowflakecomputing.com, account: QCQMHWR-UUC00658, accessUrl: https://QCQMHWR-UUC00658.snowflakecomputing.com, user: JONAEDD08, role: undefined, database: WORLD_BANK_DB, schema: MACROECONOMICS, warehouse: COMPUTE_WH, proxy was not configured, password is provided, region: undefined, authenticator: SNOWFLAKE, ocsp mode: FAIL_OPEN, os: win32, os version: 10.0.26200"}
{"level":"INFO","message":"[4:53:15.368 PM]: Connection[id: 0a9cbdb7-8336-48d2-a7f2-83a68aa7cce3] additional details: passcode in password is provided, passcode is not provided, private key is not provided, application: undefined, client name: snowflake-sdk, client version: 2.4.0, retry timeout: 300, private key path: undefined, private key pass is not provided, client store temporary credential: false, browser response timeout: 120000"}
{"level":"INFO","message":"[4:53:15.368 PM]: Connection[id: 0a9cbdb7-8336-48d2-a7f2-83a68aa7cce3] - connection object created successfully."}
{"level":"INFO","message":"[4:53:15.368 PM]: Connection[id: 0a9cbdb7-8336-48d2-a7f2-83a68aa7cce3] - async connecting. Associated Snowflake domain: GLOBAL"}
{"level":"INFO","message":"[4:53:15.369 PM]: Trying to initialize Easy Logging"}
{"level":"INFO","message":"[4:53:15.377 PM]: No client config detected."}
{"level":"INFO","message":"[4:53:15.378 PM]: No config file path found. Client config will not be used."}
{"level":"INFO","message":"[4:53:15.378 PM]: Easy Logging is disabled as no config has been found"}
{"level":"INFO","message":"[4:53:15.378 PM]: Connection[id: 0a9cbdb7-8336-48d2-a7f2-83a68aa7cce3] - authentication successful using: SNOWFLAKE"}
{"level":"INFO","message":"[4:53:15.850 PM]: Connection[id: 0a9cbdb7-8336-48d2-a7f2-83a68aa7cce3] - connection established successfully after 481.11 milliseconds"}
{"level":"INFO","message":"[4:53:17.491 PM]: Creating new connection object"}
{"level":"INFO","message":"[4:53:17.510 PM]: Creating Connection[id: 5c842193-aae1-4039-981f-b8c0eeb8f029] with host: QCQMHWR-UUC00658.snowflakecomputing.com, account: QCQMHWR-UUC00658, accessUrl: https://QCQMHWR-UUC00658.snowflakecomputing.com, user: JONAEDD08, role: undefined, database: WORLD_BANK_DB, schema: MACROECONOMICS, warehouse: COMPUTE_WH, proxy was not configured, password is provided, region: undefined, authenticator: SNOWFLAKE, ocsp mode: FAIL_OPEN, os: win32, os version: 10.0.26200"}
{"level":"INFO","message":"[4:53:17.511 PM]: Connection[id: 5c842193-aae1-4039-981f-b8c0eeb8f029] additional details: passcode in password is provided, passcode is not provided, private key is not provided, application: undefined, client name: snowflake-sdk, client version: 2.4.0, retry timeout: 300, private key path: undefined, private key pass is not provided, client store temporary credential: false, browser response timeout: 120000"}
{"level":"INFO","message":"[4:53:17.511 PM]: Connection[id: 5c842193-aae1-4039-981f-b8c0eeb8f029] - connection object created successfully."}
{"level":"INFO","message":"[4:53:17.512 PM]: Connection[id: 5c842193-aae1-4039-981f-b8c0eeb8f029] - async connecting. Associated Snowflake domain: GLOBAL"}
{"level":"INFO","message":"[4:53:17.513 PM]: Trying to initialize Easy Logging"}
{"level":"INFO","message":"[4:53:17.521 PM]: No client config detected."}
{"level":"INFO","message":"[4:53:17.521 PM]: No config file path found. Client config will not be used."}
{"level":"INFO","message":"[4:53:17.522 PM]: Easy Logging is disabled as no config has been found"}
{"level":"INFO","message":"[4:53:17.522 PM]: Connection[id: 5c842193-aae1-4039-981f-b8c0eeb8f029] - authentication successful using: SNOWFLAKE"}
{"level":"INFO","message":"[4:53:18.742 PM]: Connection[id: 5c842193-aae1-4039-981f-b8c0eeb8f029] - connection established successfully after 1230.02 milliseconds"}
{"level":"INFO","message":"[4:53:25.749 PM]: Creating new connection object"}
{"level":"INFO","message":"[4:53:25.768 PM]: Creating Connection[id: fd4aa6ea-8a3a-4244-93d1-a3b6daea44f6] with host: QCQMHWR-UUC00658.snowflakecomputing.com, account: QCQMHWR-UUC00658, accessUrl: https://QCQMHWR-UUC00658.snowflakecomputing.com, user: JONAEDD08, role: undefined, database: WORLD_BANK_DB, schema: MACROECONOMICS, warehouse: COMPUTE_WH, proxy was not configured, password is provided, region: undefined, authenticator: SNOWFLAKE, ocsp mode: FAIL_OPEN, os: win32, os version: 10.0.26200"}
{"level":"INFO","message":"[4:53:25.769 PM]: Connection[id: fd4aa6ea-8a3a-4244-93d1-a3b6daea44f6] additional details: passcode in password is provided, passcode is not provided, private key is not provided, application: undefined, client name: snowflake-sdk, client version: 2.4.0, retry timeout: 300, private key path: undefined, private key pass is not provided, client store temporary credential: false, browser response timeout: 120000"}
{"level":"INFO","message":"[4:53:25.769 PM]: Connection[id: fd4aa6ea-8a3a-4244-93d1-a3b6daea44f6] - connection object created successfully."}
{"level":"INFO","message":"[4:53:25.770 PM]: Connection[id: fd4aa6ea-8a3a-4244-93d1-a3b6daea44f6] - async connecting. Associated Snowflake domain: GLOBAL"}
{"level":"INFO","message":"[4:53:25.771 PM]: Trying to initialize Easy Logging"}
{"level":"INFO","message":"[4:53:25.780 PM]: No client config detected."}
{"level":"INFO","message":"[4:53:25.780 PM]: No config file path found. Client config will not be used."}
{"level":"INFO","message":"[4:53:25.780 PM]: Easy Logging is disabled as no config has been found"}
{"level":"INFO","message":"[4:53:25.781 PM]: Connection[id: fd4aa6ea-8a3a-4244-93d1-a3b6daea44f6] - authentication successful using: SNOWFLAKE"}
{"level":"INFO","message":"[4:53:27.407 PM]: Creating new connection object"}
{"level":"INFO","message":"[4:53:27.429 PM]: Creating Connection[id: 47d4d508-cc21-4b70-af63-328a62707b01] with host: QCQMHWR-UUC00658.snowflakecomputing.com, account: QCQMHWR-UUC00658, accessUrl: https://QCQMHWR-UUC00658.snowflakecomputing.com, user: JONAEDD08, role: undefined, database: WORLD_BANK_DB, schema: MACROECONOMICS, warehouse: COMPUTE_WH, proxy was not configured, password is provided, region: undefined, authenticator: SNOWFLAKE, ocsp mode: FAIL_OPEN, os: win32, os version: 10.0.26200"}
{"level":"INFO","message":"[4:53:27.429 PM]: Connection[id: 47d4d508-cc21-4b70-af63-328a62707b01] additional details: passcode in password is provided, passcode is not provided, private key is not provided, application: undefined, client name: snowflake-sdk, client version: 2.4.0, retry timeout: 300, private key path: undefined, private key pass is not provided, client store temporary credential: false, browser response timeout: 120000"}
{"level":"INFO","message":"[4:53:27.430 PM]: Connection[id: 47d4d508-cc21-4b70-af63-328a62707b01] - connection object created successfully."}
{"level":"INFO","message":"[4:53:27.431 PM]: Connection[id: 47d4d508-cc21-4b70-af63-328a62707b01] - async connecting. Associated Snowflake domain: GLOBAL"}
{"level":"INFO","message":"[4:53:27.431 PM]: Trying to initialize Easy Logging"}
{"level":"INFO","message":"[4:53:27.440 PM]: No client config detected."}
{"level":"INFO","message":"[4:53:27.440 PM]: No config file path found. Client config will not be used."}
{"level":"INFO","message":"[4:53:27.441 PM]: Easy Logging is disabled as no config has been found"}
{"level":"INFO","message":"[4:53:27.441 PM]: Connection[id: 47d4d508-cc21-4b70-af63-328a62707b01] - authentication successful using: SNOWFLAKE"}
{"level":"INFO","message":"[4:53:27.977 PM]: Connection[id: 47d4d508-cc21-4b70-af63-328a62707b01] - connection established successfully after 546.25 milliseconds"}
{"level":"INFO","message":"[4:53:37.263 PM]: Creating new connection object"}
{"level":"INFO","message":"[4:53:37.282 PM]: Creating Connection[id: 53621b1c-0189-4a7c-9ac6-a9589d7991cb] with host: QCQMHWR-UUC00658.snowflakecomputing.com, account: QCQMHWR-UUC00658, accessUrl: https://QCQMHWR-UUC00658.snowflakecomputing.com, user: JONAEDD08, role: undefined, database: WORLD_BANK_DB, schema: MACROECONOMICS, warehouse: COMPUTE_WH, proxy was not configured, password is provided, region: undefined, authenticator: SNOWFLAKE, ocsp mode: FAIL_OPEN, os: win32, os version: 10.0.26200"}
{"level":"INFO","message":"[4:53:37.283 PM]: Connection[id: 53621b1c-0189-4a7c-9ac6-a9589d7991cb] additional details: passcode in password is provided, passcode is not provided, private key is not provided, application: undefined, client name: snowflake-sdk, client version: 2.4.0, retry timeout: 300, private key path: undefined, private key pass is not provided, client store temporary credential: false, browser response timeout: 120000"}
{"level":"INFO","message":"[4:53:37.283 PM]: Connection[id: 53621b1c-0189-4a7c-9ac6-a9589d7991cb] - connection object created successfully."}
{"level":"INFO","message":"[4:53:37.284 PM]: Connection[id: 53621b1c-0189-4a7c-9ac6-a9589d7991cb] - async connecting. Associated Snowflake domain: GLOBAL"}
{"level":"INFO","message":"[4:53:37.284 PM]: Trying to initialize Easy Logging"}
{"level":"INFO","message":"[4:53:37.293 PM]: No client config detected."}
{"level":"INFO","message":"[4:53:37.294 PM]: No config file path found. Client config will not be used."}
{"level":"INFO","message":"[4:53:37.294 PM]: Easy Logging is disabled as no config has been found"}
{"level":"INFO","message":"[4:53:37.294 PM]: Connection[id: 53621b1c-0189-4a7c-9ac6-a9589d7991cb] - authentication successful using: SNOWFLAKE"}
{"level":"INFO","message":"[4:53:40.607 PM]: Creating new connection object"}
{"level":"INFO","message":"[4:53:40.627 PM]: Creating Connection[id: 1395abf4-6487-44fd-a6bf-44a2b7cbecea] with host: QCQMHWR-UUC00658.snowflakecomputing.com, account: QCQMHWR-UUC00658, accessUrl: https://QCQMHWR-UUC00658.snowflakecomputing.com, user: JONAEDD08, role: undefined, database: WORLD_BANK_DB, schema: MACROECONOMICS, warehouse: COMPUTE_WH, proxy was not configured, password is provided, region: undefined, authenticator: SNOWFLAKE, ocsp mode: FAIL_OPEN, os: win32, os version: 10.0.26200"}
{"level":"INFO","message":"[4:53:40.628 PM]: Connection[id: 1395abf4-6487-44fd-a6bf-44a2b7cbecea] additional details: passcode in password is provided, passcode is not provided, private key is not provided, application: undefined, client name: snowflake-sdk, client version: 2.4.0, retry timeout: 300, private key path: undefined, private key pass is not provided, client store temporary credential: false, browser response timeout: 120000"}
{"level":"INFO","message":"[4:53:40.628 PM]: Connection[id: 1395abf4-6487-44fd-a6bf-44a2b7cbecea] - connection object created successfully."}
{"level":"INFO","message":"[4:53:40.629 PM]: Connection[id: 1395abf4-6487-44fd-a6bf-44a2b7cbecea] - async connecting. Associated Snowflake domain: GLOBAL"}
{"level":"INFO","message":"[4:53:40.629 PM]: Trying to initialize Easy Logging"}
{"level":"INFO","message":"[4:53:40.640 PM]: No client config detected."}
{"level":"INFO","message":"[4:53:40.640 PM]: No config file path found. Client config will not be used."}
{"level":"INFO","message":"[4:53:40.640 PM]: Easy Logging is disabled as no config has been found"}
{"level":"INFO","message":"[4:53:40.641 PM]: Connection[id: 1395abf4-6487-44fd-a6bf-44a2b7cbecea] - authentication successful using: SNOWFLAKE"}
{"level":"INFO","message":"[4:53:43.036 PM]: Creating new connection object"}
{"level":"INFO","message":"[4:53:43.058 PM]: Creating Connection[id: 52768228-34f3-4acf-a480-1d2519e9d4b5] with host: QCQMHWR-UUC00658.snowflakecomputing.com, account: QCQMHWR-UUC00658, accessUrl: https://QCQMHWR-UUC00658.snowflakecomputing.com, user: JONAEDD08, role: undefined, database: WORLD_BANK_DB, schema: MACROECONOMICS, warehouse: COMPUTE_WH, proxy was not configured, password is provided, region: undefined, authenticator: SNOWFLAKE, ocsp mode: FAIL_OPEN, os: win32, os version: 10.0.26200"}
{"level":"INFO","message":"[4:53:43.058 PM]: Connection[id: 52768228-34f3-4acf-a480-1d2519e9d4b5] additional details: passcode in password is provided, passcode is not provided, private key is not provided, application: undefined, client name: snowflake-sdk, client version: 2.4.0, retry timeout: 300, private key path: undefined, private key pass is not provided, client store temporary credential: false, browser response timeout: 120000"}
{"level":"INFO","message":"[4:53:43.059 PM]: Connection[id: 52768228-34f3-4acf-a480-1d2519e9d4b5] - connection object created successfully."}
{"level":"INFO","message":"[4:53:43.060 PM]: Connection[id: 52768228-34f3-4acf-a480-1d2519e9d4b5] - async connecting. Associated Snowflake domain: GLOBAL"}
{"level":"INFO","message":"[4:53:43.061 PM]: Trying to initialize Easy Logging"}
{"level":"INFO","message":"[4:53:43.072 PM]: No client config detected."}
{"level":"INFO","message":"[4:53:43.072 PM]: No config file path found. Client config will not be used."}
{"level":"INFO","message":"[4:53:43.072 PM]: Easy Logging is disabled as no config has been found"}
{"level":"INFO","message":"[4:53:43.073 PM]: Connection[id: 52768228-34f3-4acf-a480-1d2519e9d4b5] - authentication successful using: SNOWFLAKE"}
{"level":"INFO","message":"[4:53:45.287 PM]: Creating new connection object"}
{"level":"INFO","message":"[4:53:45.306 PM]: Creating Connection[id: ba8770ca-8441-425a-bc63-0610348f15d8] with host: QCQMHWR-UUC00658.snowflakecomputing.com, account: QCQMHWR-UUC00658, accessUrl: https://QCQMHWR-UUC00658.snowflakecomputing.com, user: JONAEDD08, role: undefined, database: WORLD_BANK_DB, schema: MACROECONOMICS, warehouse: COMPUTE_WH, proxy was not configured, password is provided, region: undefined, authenticator: SNOWFLAKE, ocsp mode: FAIL_OPEN, os: win32, os version: 10.0.26200"}
{"level":"INFO","message":"[4:53:45.306 PM]: Connection[id: ba8770ca-8441-425a-bc63-0610348f15d8] additional details: passcode in password is provided, passcode is not provided, private key is not provided, application: undefined, client name: snowflake-sdk, client version: 2.4.0, retry timeout: 300, private key path: undefined, private key pass is not provided, client store temporary credential: false, browser response timeout: 120000"}
{"level":"INFO","message":"[4:53:45.307 PM]: Connection[id: ba8770ca-8441-425a-bc63-0610348f15d8] - connection object created successfully."}
{"level":"INFO","message":"[4:53:45.307 PM]: Connection[id: ba8770ca-8441-425a-bc63-0610348f15d8] - async connecting. Associated Snowflake domain: GLOBAL"}
{"level":"INFO","message":"[4:53:45.308 PM]: Trying to initialize Easy Logging"}
{"level":"INFO","message":"[4:53:45.317 PM]: No client config detected."}
{"level":"INFO","message":"[4:53:45.318 PM]: No config file path found. Client config will not be used."}
{"level":"INFO","message":"[4:53:45.318 PM]: Easy Logging is disabled as no config has been found"}
{"level":"INFO","message":"[4:53:45.319 PM]: Connection[id: ba8770ca-8441-425a-bc63-0610348f15d8] - authentication successful using: SNOWFLAKE"}
{"level":"INFO","message":"[4:53:45.822 PM]: Connection[id: ba8770ca-8441-425a-bc63-0610348f15d8] - connection established successfully after 514.86 milliseconds"}
{"level":"INFO","message":"[4:53:47.231 PM]: Creating new connection object"}
{"level":"INFO","message":"[4:53:47.251 PM]: Creating Connection[id: 98b3fd49-66f5-4736-9f0b-2f9d47db3b3f] with host: QCQMHWR-UUC00658.snowflakecomputing.com, account: QCQMHWR-UUC00658, accessUrl: https://QCQMHWR-UUC00658.snowflakecomputing.com, user: JONAEDD08, role: undefined, database: WORLD_BANK_DB, schema: MACROECONOMICS, warehouse: COMPUTE_WH, proxy was not configured, password is provided, region: undefined, authenticator: SNOWFLAKE, ocsp mode: FAIL_OPEN, os: win32, os version: 10.0.26200"}
{"level":"INFO","message":"[4:53:47.251 PM]: Connection[id: 98b3fd49-66f5-4736-9f0b-2f9d47db3b3f] additional details: passcode in password is provided, passcode is not provided, private key is not provided, application: undefined, client name: snowflake-sdk, client version: 2.4.0, retry timeout: 300, private key path: undefined, private key pass is not provided, client store temporary credential: false, browser response timeout: 120000"}
{"level":"INFO","message":"[4:53:47.251 PM]: Connection[id: 98b3fd49-66f5-4736-9f0b-2f9d47db3b3f] - connection object created successfully."}
{"level":"INFO","message":"[4:53:47.252 PM]: Connection[id: 98b3fd49-66f5-4736-9f0b-2f9d47db3b3f] - async connecting. Associated Snowflake domain: GLOBAL"}
{"level":"INFO","message":"[4:53:47.252 PM]: Trying to initialize Easy Logging"}
{"level":"INFO","message":"[4:53:47.260 PM]: No client config detected."}
{"level":"INFO","message":"[4:53:47.260 PM]: No config file path found. Client config will not be used."}
{"level":"INFO","message":"[4:53:47.261 PM]: Easy Logging is disabled as no config has been found"}
{"level":"INFO","message":"[4:53:47.261 PM]: Connection[id: 98b3fd49-66f5-4736-9f0b-2f9d47db3b3f] - authentication successful using: SNOWFLAKE"}
{"level":"INFO","message":"[4:53:47.740 PM]: Connection[id: 98b3fd49-66f5-4736-9f0b-2f9d47db3b3f] - connection established successfully after 488.43 milliseconds"}
{"level":"INFO","message":"[4:53:53.891 PM]: Creating new connection object"}
{"level":"INFO","message":"[4:53:53.912 PM]: Creating Connection[id: 66c94cc5-30a7-4967-85dc-bb7836ad6bea] with host: QCQMHWR-UUC00658.snowflakecomputing.com, account: QCQMHWR-UUC00658, accessUrl: https://QCQMHWR-UUC00658.snowflakecomputing.com, user: JONAEDD08, role: undefined, database: WORLD_BANK_DB, schema: MACROECONOMICS, warehouse: COMPUTE_WH, proxy was not configured, password is provided, region: undefined, authenticator: SNOWFLAKE, ocsp mode: FAIL_OPEN, os: win32, os version: 10.0.26200"}
{"level":"INFO","message":"[4:53:53.913 PM]: Connection[id: 66c94cc5-30a7-4967-85dc-bb7836ad6bea] additional details: passcode in password is provided, passcode is not provided, private key is not provided, application: undefined, client name: snowflake-sdk, client version: 2.4.0, retry timeout: 300, private key path: undefined, private key pass is not provided, client store temporary credential: false, browser response timeout: 120000"}
{"level":"INFO","message":"[4:53:53.913 PM]: Connection[id: 66c94cc5-30a7-4967-85dc-bb7836ad6bea] - connection object created successfully."}
{"level":"INFO","message":"[4:53:53.914 PM]: Connection[id: 66c94cc5-30a7-4967-85dc-bb7836ad6bea] - async connecting. Associated Snowflake domain: GLOBAL"}
{"level":"INFO","message":"[4:53:53.914 PM]: Trying to initialize Easy Logging"}
{"level":"INFO","message":"[4:53:53.923 PM]: No client config detected."}
{"level":"INFO","message":"[4:53:53.923 PM]: No config file path found. Client config will not be used."}
{"level":"INFO","message":"[4:53:53.923 PM]: Easy Logging is disabled as no config has been found"}
{"level":"INFO","message":"[4:53:53.924 PM]: Connection[id: 66c94cc5-30a7-4967-85dc-bb7836ad6bea] - authentication successful using: SNOWFLAKE"}
{"level":"INFO","message":"[4:53:54.431 PM]: Connection[id: 66c94cc5-30a7-4967-85dc-bb7836ad6bea] - connection established successfully after 517.2 milliseconds"}
{"level":"INFO","message":"[4:53:58.337 PM]: Creating new connection object"}
{"level":"INFO","message":"[4:53:58.358 PM]: Creating Connection[id: e0e775e0-b55f-4f16-8b8b-092a0b94896f] with host: QCQMHWR-UUC00658.snowflakecomputing.com, account: QCQMHWR-UUC00658, accessUrl: https://QCQMHWR-UUC00658.snowflakecomputing.com, user: JONAEDD08, role: undefined, database: WORLD_BANK_DB, schema: MACROECONOMICS, warehouse: COMPUTE_WH, proxy was not configured, password is provided, region: undefined, authenticator: SNOWFLAKE, ocsp mode: FAIL_OPEN, os: win32, os version: 10.0.26200"}
{"level":"INFO","message":"[4:53:58.359 PM]: Connection[id: e0e775e0-b55f-4f16-8b8b-092a0b94896f] additional details: passcode in password is provided, passcode is not provided, private key is not provided, application: undefined, client name: snowflake-sdk, client version: 2.4.0, retry timeout: 300, private key path: undefined, private key pass is not provided, client store temporary credential: false, browser response timeout: 120000"}
{"level":"INFO","message":"[4:53:58.360 PM]: Connection[id: e0e775e0-b55f-4f16-8b8b-092a0b94896f] - connection object created successfully."}
{"level":"INFO","message":"[4:53:58.361 PM]: Connection[id: e0e775e0-b55f-4f16-8b8b-092a0b94896f] - async connecting. Associated Snowflake domain: GLOBAL"}
{"level":"INFO","message":"[4:53:58.361 PM]: Trying to initialize Easy Logging"}
{"level":"INFO","message":"[4:53:58.371 PM]: No client config detected."}
{"level":"INFO","message":"[4:53:58.371 PM]: No config file path found. Client config will not be used."}
{"level":"INFO","message":"[4:53:58.372 PM]: Easy Logging is disabled as no config has been found"}
{"level":"INFO","message":"[4:53:58.372 PM]: Connection[id: e0e775e0-b55f-4f16-8b8b-092a0b94896f] - authentication successful using: SNOWFLAKE"}
{"level":"INFO","message":"[4:54:07.545 PM]: Creating new connection object"}
{"level":"INFO","message":"[4:54:07.564 PM]: Creating Connection[id: 694401d8-1e32-4dba-945a-4b92953b2964] with host: QCQMHWR-UUC00658.snowflakecomputing.com, account: QCQMHWR-UUC00658, accessUrl: https://QCQMHWR-UUC00658.snowflakecomputing.com, user: JONAEDD08, role: undefined, database: WORLD_BANK_DB, schema: MACROECONOMICS, warehouse: COMPUTE_WH, proxy was not configured, password is provided, region: undefined, authenticator: SNOWFLAKE, ocsp mode: FAIL_OPEN, os: win32, os version: 10.0.26200"}
{"level":"INFO","message":"[4:54:07.565 PM]: Connection[id: 694401d8-1e32-4dba-945a-4b92953b2964] additional details: passcode in password is provided, passcode is not provided, private key is not provided, application: undefined, client name: snowflake-sdk, client version: 2.4.0, retry timeout: 300, private key path: undefined, private key pass is not provided, client store temporary credential: false, browser response timeout: 120000"}
{"level":"INFO","message":"[4:54:07.565 PM]: Connection[id: 694401d8-1e32-4dba-945a-4b92953b2964] - connection object created successfully."}
{"level":"INFO","message":"[4:54:07.566 PM]: Connection[id: 694401d8-1e32-4dba-945a-4b92953b2964] - async connecting. Associated Snowflake domain: GLOBAL"}
{"level":"INFO","message":"[4:54:07.566 PM]: Trying to initialize Easy Logging"}
{"level":"INFO","message":"[4:54:07.575 PM]: No client config detected."}
{"level":"INFO","message":"[4:54:07.575 PM]: No config file path found. Client config will not be used."}
{"level":"INFO","message":"[4:54:07.575 PM]: Easy Logging is disabled as no config has been found"}
{"level":"INFO","message":"[4:54:07.575 PM]: Connection[id: 694401d8-1e32-4dba-945a-4b92953b2964] - authentication successful using: SNOWFLAKE"}
{"level":"INFO","message":"[4:54:08.770 PM]: Connection[id: 694401d8-1e32-4dba-945a-4b92953b2964] - connection established successfully after 1204.84 milliseconds"}
{"level":"INFO","message":"[4:54:11.751 PM]: Creating new connection object"}
{"level":"INFO","message":"[4:54:11.769 PM]: Creating Connection[id: 793dc4e8-10de-4bd5-8233-fa7885165bf7] with host: QCQMHWR-UUC00658.snowflakecomputing.com, account: QCQMHWR-UUC00658, accessUrl: https://QCQMHWR-UUC00658.snowflakecomputing.com, user: JONAEDD08, role: undefined, database: WORLD_BANK_DB, schema: MACROECONOMICS, warehouse: COMPUTE_WH, proxy was not configured, password is provided, region: undefined, authenticator: SNOWFLAKE, ocsp mode: FAIL_OPEN, os: win32, os version: 10.0.26200"}
{"level":"INFO","message":"[4:54:11.770 PM]: Connection[id: 793dc4e8-10de-4bd5-8233-fa7885165bf7] additional details: passcode in password is provided, passcode is not provided, private key is not provided, application: undefined, client name: snowflake-sdk, client version: 2.4.0, retry timeout: 300, private key path: undefined, private key pass is not provided, client store temporary credential: false, browser response timeout: 120000"}
{"level":"INFO","message":"[4:54:11.771 PM]: Connection[id: 793dc4e8-10de-4bd5-8233-fa7885165bf7] - connection object created successfully."}
{"level":"INFO","message":"[4:54:11.772 PM]: Connection[id: 793dc4e8-10de-4bd5-8233-fa7885165bf7] - async connecting. Associated Snowflake domain: GLOBAL"}
{"level":"INFO","message":"[4:54:11.772 PM]: Trying to initialize Easy Logging"}
{"level":"INFO","message":"[4:54:11.780 PM]: No client config detected."}
{"level":"INFO","message":"[4:54:11.781 PM]: No config file path found. Client config will not be used."}
{"level":"INFO","message":"[4:54:11.781 PM]: Easy Logging is disabled as no config has been found"}
{"level":"INFO","message":"[4:54:11.781 PM]: Connection[id: 793dc4e8-10de-4bd5-8233-fa7885165bf7] - authentication successful using: SNOWFLAKE"}
{"level":"INFO","message":"[4:54:12.223 PM]: Connection[id: 793dc4e8-10de-4bd5-8233-fa7885165bf7] - connection established successfully after 451.61 milliseconds"}
{"level":"INFO","message":"[4:54:13.581 PM]: Creating new connection object"}
{"level":"INFO","message":"[4:54:13.599 PM]: Creating Connection[id: 15647870-6ab9-423e-afd7-cf1f931d51d2] with host: QCQMHWR-UUC00658.snowflakecomputing.com, account: QCQMHWR-UUC00658, accessUrl: https://QCQMHWR-UUC00658.snowflakecomputing.com, user: JONAEDD08, role: undefined, database: WORLD_BANK_DB, schema: MACROECONOMICS, warehouse: COMPUTE_WH, proxy was not configured, password is provided, region: undefined, authenticator: SNOWFLAKE, ocsp mode: FAIL_OPEN, os: win32, os version: 10.0.26200"}
{"level":"INFO","message":"[4:54:13.599 PM]: Connection[id: 15647870-6ab9-423e-afd7-cf1f931d51d2] additional details: passcode in password is provided, passcode is not provided, private key is not provided, application: undefined, client name: snowflake-sdk, client version: 2.4.0, retry timeout: 300, private key path: undefined, private key pass is not provided, client store temporary credential: false, browser response timeout: 120000"}
{"level":"INFO","message":"[4:54:13.600 PM]: Connection[id: 15647870-6ab9-423e-afd7-cf1f931d51d2] - connection object created successfully."}
{"level":"INFO","message":"[4:54:13.600 PM]: Connection[id: 15647870-6ab9-423e-afd7-cf1f931d51d2] - async connecting. Associated Snowflake domain: GLOBAL"}
{"level":"INFO","message":"[4:54:13.601 PM]: Trying to initialize Easy Logging"}
{"level":"INFO","message":"[4:54:13.608 PM]: No client config detected."}
{"level":"INFO","message":"[4:54:13.609 PM]: No config file path found. Client config will not be used."}
{"level":"INFO","message":"[4:54:13.609 PM]: Easy Logging is disabled as no config has been found"}
{"level":"INFO","message":"[4:54:13.610 PM]: Connection[id: 15647870-6ab9-423e-afd7-cf1f931d51d2] - authentication successful using: SNOWFLAKE"}
{"level":"INFO","message":"[4:54:14.091 PM]: Connection[id: 15647870-6ab9-423e-afd7-cf1f931d51d2] - connection established successfully after 491.09 milliseconds"}
{"level":"INFO","message":"[4:54:15.557 PM]: Creating new connection object"}
{"level":"INFO","message":"[4:54:15.575 PM]: Creating Connection[id: 40fabbe9-9eb2-4303-a68b-990207373d74] with host: QCQMHWR-UUC00658.snowflakecomputing.com, account: QCQMHWR-UUC00658, accessUrl: https://QCQMHWR-UUC00658.snowflakecomputing.com, user: JONAEDD08, role: undefined, database: WORLD_BANK_DB, schema: MACROECONOMICS, warehouse: COMPUTE_WH, proxy was not configured, password is provided, region: undefined, authenticator: SNOWFLAKE, ocsp mode: FAIL_OPEN, os: win32, os version: 10.0.26200"}
{"level":"INFO","message":"[4:54:15.576 PM]: Connection[id: 40fabbe9-9eb2-4303-a68b-990207373d74] additional details: passcode in password is provided, passcode is not provided, private key is not provided, application: undefined, client name: snowflake-sdk, client version: 2.4.0, retry timeout: 300, private key path: undefined, private key pass is not provided, client store temporary credential: false, browser response timeout: 120000"}
{"level":"INFO","message":"[4:54:15.577 PM]: Connection[id: 40fabbe9-9eb2-4303-a68b-990207373d74] - connection object created successfully."}
{"level":"INFO","message":"[4:54:15.577 PM]: Connection[id: 40fabbe9-9eb2-4303-a68b-990207373d74] - async connecting. Associated Snowflake domain: GLOBAL"}
{"level":"INFO","message":"[4:54:15.578 PM]: Trying to initialize Easy Logging"}
{"level":"INFO","message":"[4:54:15.587 PM]: No client config detected."}
{"level":"INFO","message":"[4:54:15.587 PM]: No config file path found. Client config will not be used."}
{"level":"INFO","message":"[4:54:15.588 PM]: Easy Logging is disabled as no config has been found"}
{"level":"INFO","message":"[4:54:15.588 PM]: Connection[id: 40fabbe9-9eb2-4303-a68b-990207373d74] - authentication successful using: SNOWFLAKE"}
{"level":"INFO","message":"[4:54:16.057 PM]: Connection[id: 40fabbe9-9eb2-4303-a68b-990207373d74] - connection established successfully after 479.42 milliseconds"}
{"level":"INFO","message":"[4:54:38.969 PM]: Creating new connection object"}
{"level":"INFO","message":"[4:54:38.989 PM]: Creating Connection[id: d449271d-ef33-405b-9397-6c232e800229] with host: QCQMHWR-UUC00658.snowflakecomputing.com, account: QCQMHWR-UUC00658, accessUrl: https://QCQMHWR-UUC00658.snowflakecomputing.com, user: JONAEDD08, role: undefined, database: WORLD_BANK_DB, schema: MACROECONOMICS, warehouse: COMPUTE_WH, proxy was not configured, password is provided, region: undefined, authenticator: SNOWFLAKE, ocsp mode: FAIL_OPEN, os: win32, os version: 10.0.26200"}
{"level":"INFO","message":"[4:54:38.989 PM]: Connection[id: d449271d-ef33-405b-9397-6c232e800229] additional details: passcode in password is provided, passcode is not provided, private key is not provided, application: undefined, client name: snowflake-sdk, client version: 2.4.0, retry timeout: 300, private key path: undefined, private key pass is not provided, client store temporary credential: false, browser response timeout: 120000"}
{"level":"INFO","message":"[4:54:38.990 PM]: Connection[id: d449271d-ef33-405b-9397-6c232e800229] - connection object created successfully."}
{"level":"INFO","message":"[4:54:38.991 PM]: Connection[id: d449271d-ef33-405b-9397-6c232e800229] - async connecting. Associated Snowflake domain: GLOBAL"}
{"level":"INFO","message":"[4:54:38.992 PM]: Trying to initialize Easy Logging"}
{"level":"INFO","message":"[4:54:39.001 PM]: No client config detected."}
{"level":"INFO","message":"[4:54:39.001 PM]: No config file path found. Client config will not be used."}
{"level":"INFO","message":"[4:54:39.001 PM]: Easy Logging is disabled as no config has been found"}
{"level":"INFO","message":"[4:54:39.002 PM]: Connection[id: d449271d-ef33-405b-9397-6c232e800229] - authentication successful using: SNOWFLAKE"}
{"level":"INFO","message":"[4:54:42.447 PM]: Connection[id: d449271d-ef33-405b-9397-6c232e800229] - connection established successfully after 3456.43 milliseconds"}
{"level":"INFO","message":"[4:54:45.062 PM]: Creating new connection object"}
{"level":"INFO","message":"[4:54:45.083 PM]: Creating Connection[id: fb6623af-93e8-469d-bae0-2155bdeb04a1] with host: QCQMHWR-UUC00658.snowflakecomputing.com, account: QCQMHWR-UUC00658, accessUrl: https://QCQMHWR-UUC00658.snowflakecomputing.com, user: JONAEDD08, role: undefined, database: WORLD_BANK_DB, schema: MACROECONOMICS, warehouse: COMPUTE_WH, proxy was not configured, password is provided, region: undefined, authenticator: SNOWFLAKE, ocsp mode: FAIL_OPEN, os: win32, os version: 10.0.26200"}
{"level":"INFO","message":"[4:54:45.084 PM]: Connection[id: fb6623af-93e8-469d-bae0-2155bdeb04a1] additional details: passcode in password is provided, passcode is not provided, private key is not provided, application: undefined, client name: snowflake-sdk, client version: 2.4.0, retry timeout: 300, private key path: undefined, private key pass is not provided, client store temporary credential: false, browser response timeout: 120000"}
{"level":"INFO","message":"[4:54:45.085 PM]: Connection[id: fb6623af-93e8-469d-bae0-2155bdeb04a1] - connection object created successfully."}
{"level":"INFO","message":"[4:54:45.085 PM]: Connection[id: fb6623af-93e8-469d-bae0-2155bdeb04a1] - async connecting. Associated Snowflake domain: GLOBAL"}
{"level":"INFO","message":"[4:54:45.085 PM]: Trying to initialize Easy Logging"}
{"level":"INFO","message":"[4:54:45.094 PM]: No client config detected."}
{"level":"INFO","message":"[4:54:45.094 PM]: No config file path found. Client config will not be used."}
{"level":"INFO","message":"[4:54:45.095 PM]: Easy Logging is disabled as no config has been found"}
{"level":"INFO","message":"[4:54:45.096 PM]: Connection[id: fb6623af-93e8-469d-bae0-2155bdeb04a1] - authentication successful using: SNOWFLAKE"}
{"level":"INFO","message":"[4:54:46.314 PM]: Connection[id: fb6623af-93e8-469d-bae0-2155bdeb04a1] - connection established successfully after 1228.46 milliseconds"}
{"level":"INFO","message":"[4:55:44.133 PM]: Creating new connection object"}
{"level":"INFO","message":"[4:55:44.154 PM]: Creating Connection[id: e34657c9-7a39-4027-a62a-ecfeda10a2d5] with host: QCQMHWR-UUC00658.snowflakecomputing.com, account: QCQMHWR-UUC00658, accessUrl: https://QCQMHWR-UUC00658.snowflakecomputing.com, user: JONAEDD08, role: undefined, database: WORLD_BANK_DB, schema: MACROECONOMICS, warehouse: COMPUTE_WH, proxy was not configured, password is provided, region: undefined, authenticator: SNOWFLAKE, ocsp mode: FAIL_OPEN, os: win32, os version: 10.0.26200"}
{"level":"INFO","message":"[4:55:44.155 PM]: Connection[id: e34657c9-7a39-4027-a62a-ecfeda10a2d5] additional details: passcode in password is provided, passcode is not provided, private key is not provided, application: undefined, client name: snowflake-sdk, client version: 2.4.0, retry timeout: 300, private key path: undefined, private key pass is not provided, client store temporary credential: false, browser response timeout: 120000"}
{"level":"INFO","message":"[4:55:44.155 PM]: Connection[id: e34657c9-7a39-4027-a62a-ecfeda10a2d5] - connection object created successfully."}
{"level":"INFO","message":"[4:55:44.156 PM]: Connection[id: e34657c9-7a39-4027-a62a-ecfeda10a2d5] - async connecting. Associated Snowflake domain: GLOBAL"}
{"level":"INFO","message":"[4:55:44.156 PM]: Trying to initialize Easy Logging"}
{"level":"INFO","message":"[4:55:44.167 PM]: No client config detected."}
{"level":"INFO","message":"[4:55:44.167 PM]: No config file path found. Client config will not be used."}
{"level":"INFO","message":"[4:55:44.168 PM]: Easy Logging is disabled as no config has been found"}
{"level":"INFO","message":"[4:55:44.168 PM]: Connection[id: e34657c9-7a39-4027-a62a-ecfeda10a2d5] - authentication successful using: SNOWFLAKE"}
{"level":"INFO","message":"[4:55:50.269 PM]: Creating new connection object"}
{"level":"INFO","message":"[4:55:50.290 PM]: Creating Connection[id: 3fa3b3a8-74f6-4b7c-84b3-ed94e65619c6] with host: QCQMHWR-UUC00658.snowflakecomputing.com, account: QCQMHWR-UUC00658, accessUrl: https://QCQMHWR-UUC00658.snowflakecomputing.com, user: JONAEDD08, role: undefined, database: WORLD_BANK_DB, schema: MACROECONOMICS, warehouse: COMPUTE_WH, proxy was not configured, password is provided, region: undefined, authenticator: SNOWFLAKE, ocsp mode: FAIL_OPEN, os: win32, os version: 10.0.26200"}
{"level":"INFO","message":"[4:55:50.291 PM]: Connection[id: 3fa3b3a8-74f6-4b7c-84b3-ed94e65619c6] additional details: passcode in password is provided, passcode is not provided, private key is not provided, application: undefined, client name: snowflake-sdk, client version: 2.4.0, retry timeout: 300, private key path: undefined, private key pass is not provided, client store temporary credential: false, browser response timeout: 120000"}
{"level":"INFO","message":"[4:55:50.291 PM]: Connection[id: 3fa3b3a8-74f6-4b7c-84b3-ed94e65619c6] - connection object created successfully."}
{"level":"INFO","message":"[4:55:50.292 PM]: Connection[id: 3fa3b3a8-74f6-4b7c-84b3-ed94e65619c6] - async connecting. Associated Snowflake domain: GLOBAL"}
{"level":"INFO","message":"[4:55:50.293 PM]: Trying to initialize Easy Logging"}
{"level":"INFO","message":"[4:55:50.300 PM]: No client config detected."}
{"level":"INFO","message":"[4:55:50.301 PM]: No config file path found. Client config will not be used."}
{"level":"INFO","message":"[4:55:50.301 PM]: Easy Logging is disabled as no config has been found"}
{"level":"INFO","message":"[4:55:50.301 PM]: Connection[id: 3fa3b3a8-74f6-4b7c-84b3-ed94e65619c6] - authentication successful using: SNOWFLAKE"}
{"level":"INFO","message":"[4:55:52.213 PM]: Creating new connection object"}
{"level":"INFO","message":"[4:55:52.233 PM]: Creating Connection[id: cd99d5d8-5aed-4178-9117-2b4f61db8cc3] with host: QCQMHWR-UUC00658.snowflakecomputing.com, account: QCQMHWR-UUC00658, accessUrl: https://QCQMHWR-UUC00658.snowflakecomputing.com, user: JONAEDD08, role: undefined, database: WORLD_BANK_DB, schema: MACROECONOMICS, warehouse: COMPUTE_WH, proxy was not configured, password is provided, region: undefined, authenticator: SNOWFLAKE, ocsp mode: FAIL_OPEN, os: win32, os version: 10.0.26200"}
{"level":"INFO","message":"[4:55:52.234 PM]: Connection[id: cd99d5d8-5aed-4178-9117-2b4f61db8cc3] additional details: passcode in password is provided, passcode is not provided, private key is not provided, application: undefined, client name: snowflake-sdk, client version: 2.4.0, retry timeout: 300, private key path: undefined, private key pass is not provided, client store temporary credential: false, browser response timeout: 120000"}
{"level":"INFO","message":"[4:55:52.235 PM]: Connection[id: cd99d5d8-5aed-4178-9117-2b4f61db8cc3] - connection object created successfully."}
{"level":"INFO","message":"[4:55:52.235 PM]: Connection[id: cd99d5d8-5aed-4178-9117-2b4f61db8cc3] - async connecting. Associated Snowflake domain: GLOBAL"}
{"level":"INFO","message":"[4:55:52.236 PM]: Trying to initialize Easy Logging"}
{"level":"INFO","message":"[4:55:52.244 PM]: No client config detected."}
{"level":"INFO","message":"[4:55:52.244 PM]: No config file path found. Client config will not be used."}
{"level":"INFO","message":"[4:55:52.244 PM]: Easy Logging is disabled as no config has been found"}
{"level":"INFO","message":"[4:55:52.245 PM]: Connection[id: cd99d5d8-5aed-4178-9117-2b4f61db8cc3] - authentication successful using: SNOWFLAKE"}
{"level":"INFO","message":"[4:55:52.736 PM]: Connection[id: cd99d5d8-5aed-4178-9117-2b4f61db8cc3] - connection established successfully after 501.03 milliseconds"}
{"level":"INFO","message":"[4:55:57.567 PM]: Creating new connection object"}
{"level":"INFO","message":"[4:55:57.587 PM]: Creating Connection[id: 16400325-3e3d-40e4-95cf-d53b1978776a] with host: QCQMHWR-UUC00658.snowflakecomputing.com, account: QCQMHWR-UUC00658, accessUrl: https://QCQMHWR-UUC00658.snowflakecomputing.com, user: JONAEDD08, role: undefined, database: WORLD_BANK_DB, schema: MACROECONOMICS, warehouse: COMPUTE_WH, proxy was not configured, password is provided, region: undefined, authenticator: SNOWFLAKE, ocsp mode: FAIL_OPEN, os: win32, os version: 10.0.26200"}
{"level":"INFO","message":"[4:55:57.588 PM]: Connection[id: 16400325-3e3d-40e4-95cf-d53b1978776a] additional details: passcode in password is provided, passcode is not provided, private key is not provided, application: undefined, client name: snowflake-sdk, client version: 2.4.0, retry timeout: 300, private key path: undefined, private key pass is not provided, client store temporary credential: false, browser response timeout: 120000"}
{"level":"INFO","message":"[4:55:57.588 PM]: Connection[id: 16400325-3e3d-40e4-95cf-d53b1978776a] - connection object created successfully."}
{"level":"INFO","message":"[4:55:57.589 PM]: Connection[id: 16400325-3e3d-40e4-95cf-d53b1978776a] - async connecting. Associated Snowflake domain: GLOBAL"}
{"level":"INFO","message":"[4:55:57.589 PM]: Trying to initialize Easy Logging"}
{"level":"INFO","message":"[4:55:57.597 PM]: No client config detected."}
{"level":"INFO","message":"[4:55:57.598 PM]: No config file path found. Client config will not be used."}
{"level":"INFO","message":"[4:55:57.598 PM]: Easy Logging is disabled as no config has been found"}
{"level":"INFO","message":"[4:55:57.598 PM]: Connection[id: 16400325-3e3d-40e4-95cf-d53b1978776a] - authentication successful using: SNOWFLAKE"}
{"level":"INFO","message":"[4:55:58.108 PM]: Connection[id: 16400325-3e3d-40e4-95cf-d53b1978776a] - connection established successfully after 518.62 milliseconds"}
{"level":"INFO","message":"[4:56:05.873 PM]: Creating new connection object"}
{"level":"INFO","message":"[4:56:05.893 PM]: Creating Connection[id: c1e26566-d06d-45e6-b7ba-682124353270] with host: QCQMHWR-UUC00658.snowflakecomputing.com, account: QCQMHWR-UUC00658, accessUrl: https://QCQMHWR-UUC00658.snowflakecomputing.com, user: JONAEDD08, role: undefined, database: WORLD_BANK_DB, schema: MACROECONOMICS, warehouse: COMPUTE_WH, proxy was not configured, password is provided, region: undefined, authenticator: SNOWFLAKE, ocsp mode: FAIL_OPEN, os: win32, os version: 10.0.26200"}
{"level":"INFO","message":"[4:56:05.893 PM]: Connection[id: c1e26566-d06d-45e6-b7ba-682124353270] additional details: passcode in password is provided, passcode is not provided, private key is not provided, application: undefined, client name: snowflake-sdk, client version: 2.4.0, retry timeout: 300, private key path: undefined, private key pass is not provided, client store temporary credential: false, browser response timeout: 120000"}
{"level":"INFO","message":"[4:56:05.894 PM]: Connection[id: c1e26566-d06d-45e6-b7ba-682124353270] - connection object created successfully."}
{"level":"INFO","message":"[4:56:05.894 PM]: Connection[id: c1e26566-d06d-45e6-b7ba-682124353270] - async connecting. Associated Snowflake domain: GLOBAL"}
{"level":"INFO","message":"[4:56:05.895 PM]: Trying to initialize Easy Logging"}
{"level":"INFO","message":"[4:56:05.902 PM]: No client config detected."}
{"level":"INFO","message":"[4:56:05.903 PM]: No config file path found. Client config will not be used."}
{"level":"INFO","message":"[4:56:05.903 PM]: Easy Logging is disabled as no config has been found"}
{"level":"INFO","message":"[4:56:05.903 PM]: Connection[id: c1e26566-d06d-45e6-b7ba-682124353270] - authentication successful using: SNOWFLAKE"}
{"level":"INFO","message":"[4:56:11.122 PM]: Creating new connection object"}
{"level":"INFO","message":"[4:56:11.148 PM]: Creating Connection[id: 09f200fe-68a1-432a-bda3-5bfc45a7685e] with host: QCQMHWR-UUC00658.snowflakecomputing.com, account: QCQMHWR-UUC00658, accessUrl: https://QCQMHWR-UUC00658.snowflakecomputing.com, user: JONAEDD08, role: undefined, database: WORLD_BANK_DB, schema: MACROECONOMICS, warehouse: COMPUTE_WH, proxy was not configured, password is provided, region: undefined, authenticator: SNOWFLAKE, ocsp mode: FAIL_OPEN, os: win32, os version: 10.0.26200"}
{"level":"INFO","message":"[4:56:11.149 PM]: Connection[id: 09f200fe-68a1-432a-bda3-5bfc45a7685e] additional details: passcode in password is provided, passcode is not provided, private key is not provided, application: undefined, client name: snowflake-sdk, client version: 2.4.0, retry timeout: 300, private key path: undefined, private key pass is not provided, client store temporary credential: false, browser response timeout: 120000"}
{"level":"INFO","message":"[4:56:11.149 PM]: Connection[id: 09f200fe-68a1-432a-bda3-5bfc45a7685e] - connection object created successfully."}
{"level":"INFO","message":"[4:56:11.151 PM]: Connection[id: 09f200fe-68a1-432a-bda3-5bfc45a7685e] - async connecting. Associated Snowflake domain: GLOBAL"}
{"level":"INFO","message":"[4:56:11.151 PM]: Trying to initialize Easy Logging"}
{"level":"INFO","message":"[4:56:11.162 PM]: No client config detected."}
{"level":"INFO","message":"[4:56:11.163 PM]: No config file path found. Client config will not be used."}
{"level":"INFO","message":"[4:56:11.163 PM]: Easy Logging is disabled as no config has been found"}
{"level":"INFO","message":"[4:56:11.164 PM]: Connection[id: 09f200fe-68a1-432a-bda3-5bfc45a7685e] - authentication successful using: SNOWFLAKE"}
{"level":"INFO","message":"[4:56:12.659 PM]: Creating new connection object"}
{"level":"INFO","message":"[4:56:12.677 PM]: Creating Connection[id: 28ff7084-d92e-4d9c-9d88-fb7ab006b260] with host: QCQMHWR-UUC00658.snowflakecomputing.com, account: QCQMHWR-UUC00658, accessUrl: https://QCQMHWR-UUC00658.snowflakecomputing.com, user: JONAEDD08, role: undefined, database: WORLD_BANK_DB, schema: MACROECONOMICS, warehouse: COMPUTE_WH, proxy was not configured, password is provided, region: undefined, authenticator: SNOWFLAKE, ocsp mode: FAIL_OPEN, os: win32, os version: 10.0.26200"}
{"level":"INFO","message":"[4:56:12.677 PM]: Connection[id: 28ff7084-d92e-4d9c-9d88-fb7ab006b260] additional details: passcode in password is provided, passcode is not provided, private key is not provided, application: undefined, client name: snowflake-sdk, client version: 2.4.0, retry timeout: 300, private key path: undefined, private key pass is not provided, client store temporary credential: false, browser response timeout: 120000"}
{"level":"INFO","message":"[4:56:12.678 PM]: Connection[id: 28ff7084-d92e-4d9c-9d88-fb7ab006b260] - connection object created successfully."}
{"level":"INFO","message":"[4:56:12.679 PM]: Connection[id: 28ff7084-d92e-4d9c-9d88-fb7ab006b260] - async connecting. Associated Snowflake domain: GLOBAL"}
{"level":"INFO","message":"[4:56:12.679 PM]: Trying to initialize Easy Logging"}
{"level":"INFO","message":"[4:56:12.687 PM]: No client config detected."}
{"level":"INFO","message":"[4:56:12.687 PM]: No config file path found. Client config will not be used."}
{"level":"INFO","message":"[4:56:12.687 PM]: Easy Logging is disabled as no config has been found"}
{"level":"INFO","message":"[4:56:12.688 PM]: Connection[id: 28ff7084-d92e-4d9c-9d88-fb7ab006b260] - authentication successful using: SNOWFLAKE"}
{"level":"INFO","message":"[4:56:13.859 PM]: Connection[id: 28ff7084-d92e-4d9c-9d88-fb7ab006b260] - connection established successfully after 1180.75 milliseconds"}
{"level":"INFO","message":"[4:56:23.650 PM]: Creating new connection object"}
{"level":"INFO","message":"[4:56:23.674 PM]: Creating Connection[id: 351c0a89-e090-4cd3-b215-4d8f101de134] with host: QCQMHWR-UUC00658.snowflakecomputing.com, account: QCQMHWR-UUC00658, accessUrl: https://QCQMHWR-UUC00658.snowflakecomputing.com, user: JONAEDD08, role: undefined, database: WORLD_BANK_DB, schema: MACROECONOMICS, warehouse: COMPUTE_WH, proxy was not configured, password is provided, region: undefined, authenticator: SNOWFLAKE, ocsp mode: FAIL_OPEN, os: win32, os version: 10.0.26200"}
{"level":"INFO","message":"[4:56:23.674 PM]: Connection[id: 351c0a89-e090-4cd3-b215-4d8f101de134] additional details: passcode in password is provided, passcode is not provided, private key is not provided, application: undefined, client name: snowflake-sdk, client version: 2.4.0, retry timeout: 300, private key path: undefined, private key pass is not provided, client store temporary credential: false, browser response timeout: 120000"}
{"level":"INFO","message":"[4:56:23.675 PM]: Connection[id: 351c0a89-e090-4cd3-b215-4d8f101de134] - connection object created successfully."}
{"level":"INFO","message":"[4:56:23.675 PM]: Connection[id: 351c0a89-e090-4cd3-b215-4d8f101de134] - async connecting. Associated Snowflake domain: GLOBAL"}
{"level":"INFO","message":"[4:56:23.676 PM]: Trying to initialize Easy Logging"}
{"level":"INFO","message":"[4:56:23.685 PM]: No client config detected."}
{"level":"INFO","message":"[4:56:23.686 PM]: No config file path found. Client config will not be used."}
{"level":"INFO","message":"[4:56:23.686 PM]: Easy Logging is disabled as no config has been found"}
{"level":"INFO","message":"[4:56:23.686 PM]: Connection[id: 351c0a89-e090-4cd3-b215-4d8f101de134] - authentication successful using: SNOWFLAKE"}
{"level":"INFO","message":"[4:56:24.963 PM]: Connection[id: 351c0a89-e090-4cd3-b215-4d8f101de134] - connection established successfully after 1287.38 milliseconds"}
{"level":"INFO","message":"[4:56:26.800 PM]: Creating new connection object"}
{"level":"INFO","message":"[4:56:26.819 PM]: Creating Connection[id: 854fb731-f8c8-4323-9e29-42d82592da29] with host: QCQMHWR-UUC00658.snowflakecomputing.com, account: QCQMHWR-UUC00658, accessUrl: https://QCQMHWR-UUC00658.snowflakecomputing.com, user: JONAEDD08, role: undefined, database: WORLD_BANK_DB, schema: MACROECONOMICS, warehouse: COMPUTE_WH, proxy was not configured, password is provided, region: undefined, authenticator: SNOWFLAKE, ocsp mode: FAIL_OPEN, os: win32, os version: 10.0.26200"}
{"level":"INFO","message":"[4:56:26.819 PM]: Connection[id: 854fb731-f8c8-4323-9e29-42d82592da29] additional details: passcode in password is provided, passcode is not provided, private key is not provided, application: undefined, client name: snowflake-sdk, client version: 2.4.0, retry timeout: 300, private key path: undefined, private key pass is not provided, client store temporary credential: false, browser response timeout: 120000"}
{"level":"INFO","message":"[4:56:26.820 PM]: Connection[id: 854fb731-f8c8-4323-9e29-42d82592da29] - connection object created successfully."}
{"level":"INFO","message":"[4:56:26.820 PM]: Connection[id: 854fb731-f8c8-4323-9e29-42d82592da29] - async connecting. Associated Snowflake domain: GLOBAL"}
{"level":"INFO","message":"[4:56:26.821 PM]: Trying to initialize Easy Logging"}
{"level":"INFO","message":"[4:56:26.828 PM]: No client config detected."}
{"level":"INFO","message":"[4:56:26.828 PM]: No config file path found. Client config will not be used."}
{"level":"INFO","message":"[4:56:26.829 PM]: Easy Logging is disabled as no config has been found"}
{"level":"INFO","message":"[4:56:26.829 PM]: Connection[id: 854fb731-f8c8-4323-9e29-42d82592da29] - authentication successful using: SNOWFLAKE"}
{"level":"INFO","message":"[4:56:27.321 PM]: Connection[id: 854fb731-f8c8-4323-9e29-42d82592da29] - connection established successfully after 500.85 milliseconds"}
{"level":"INFO","message":"[4:56:30.223 PM]: Creating new connection object"}
{"level":"INFO","message":"[4:56:30.242 PM]: Creating Connection[id: fe979656-8425-4242-81cc-c04c77340a3d] with host: QCQMHWR-UUC00658.snowflakecomputing.com, account: QCQMHWR-UUC00658, accessUrl: https://QCQMHWR-UUC00658.snowflakecomputing.com, user: JONAEDD08, role: undefined, database: WORLD_BANK_DB, schema: MACROECONOMICS, warehouse: COMPUTE_WH, proxy was not configured, password is provided, region: undefined, authenticator: SNOWFLAKE, ocsp mode: FAIL_OPEN, os: win32, os version: 10.0.26200"}
{"level":"INFO","message":"[4:56:30.242 PM]: Connection[id: fe979656-8425-4242-81cc-c04c77340a3d] additional details: passcode in password is provided, passcode is not provided, private key is not provided, application: undefined, client name: snowflake-sdk, client version: 2.4.0, retry timeout: 300, private key path: undefined, private key pass is not provided, client store temporary credential: false, browser response timeout: 120000"}
{"level":"INFO","message":"[4:56:30.243 PM]: Connection[id: fe979656-8425-4242-81cc-c04c77340a3d] - connection object created successfully."}
{"level":"INFO","message":"[4:56:30.243 PM]: Connection[id: fe979656-8425-4242-81cc-c04c77340a3d] - async connecting. Associated Snowflake domain: GLOBAL"}
{"level":"INFO","message":"[4:56:30.244 PM]: Trying to initialize Easy Logging"}
{"level":"INFO","message":"[4:56:30.252 PM]: No client config detected."}
{"level":"INFO","message":"[4:56:30.252 PM]: No config file path found. Client config will not be used."}
{"level":"INFO","message":"[4:56:30.253 PM]: Easy Logging is disabled as no config has been found"}
{"level":"INFO","message":"[4:56:30.253 PM]: Connection[id: fe979656-8425-4242-81cc-c04c77340a3d] - authentication successful using: SNOWFLAKE"}
{"level":"INFO","message":"[4:56:31.648 PM]: Connection[id: fe979656-8425-4242-81cc-c04c77340a3d] - connection established successfully after 1405.01 milliseconds"}
{"level":"INFO","message":"[4:56:45.620 PM]: Creating new connection object"}
{"level":"INFO","message":"[4:56:45.639 PM]: Creating Connection[id: 04da5ef2-524f-423a-a92f-0c7e4eae6da3] with host: QCQMHWR-UUC00658.snowflakecomputing.com, account: QCQMHWR-UUC00658, accessUrl: https://QCQMHWR-UUC00658.snowflakecomputing.com, user: JONAEDD08, role: undefined, database: WORLD_BANK_DB, schema: MACROECONOMICS, warehouse: COMPUTE_WH, proxy was not configured, password is provided, region: undefined, authenticator: SNOWFLAKE, ocsp mode: FAIL_OPEN, os: win32, os version: 10.0.26200"}
{"level":"INFO","message":"[4:56:45.639 PM]: Connection[id: 04da5ef2-524f-423a-a92f-0c7e4eae6da3] additional details: passcode in password is provided, passcode is not provided, private key is not provided, application: undefined, client name: snowflake-sdk, client version: 2.4.0, retry timeout: 300, private key path: undefined, private key pass is not provided, client store temporary credential: false, browser response timeout: 120000"}
{"level":"INFO","message":"[4:56:45.640 PM]: Connection[id: 04da5ef2-524f-423a-a92f-0c7e4eae6da3] - connection object created successfully."}
{"level":"INFO","message":"[4:56:45.640 PM]: Connection[id: 04da5ef2-524f-423a-a92f-0c7e4eae6da3] - async connecting. Associated Snowflake domain: GLOBAL"}
{"level":"INFO","message":"[4:56:45.641 PM]: Trying to initialize Easy Logging"}
{"level":"INFO","message":"[4:56:45.648 PM]: No client config detected."}
{"level":"INFO","message":"[4:56:45.649 PM]: No config file path found. Client config will not be used."}
{"level":"INFO","message":"[4:56:45.649 PM]: Easy Logging is disabled as no config has been found"}
{"level":"INFO","message":"[4:56:45.650 PM]: Connection[id: 04da5ef2-524f-423a-a92f-0c7e4eae6da3] - authentication successful using: SNOWFLAKE"}
{"level":"INFO","message":"[4:56:47.964 PM]: Connection[id: 04da5ef2-524f-423a-a92f-0c7e4eae6da3] - connection established successfully after 2324.12 milliseconds"}
{"level":"INFO","message":"[4:56:55.955 PM]: Creating new connection object"}
{"level":"INFO","message":"[4:56:55.974 PM]: Creating Connection[id: 46946042-de82-48ba-ad88-5b3b5b806ed7] with host: QCQMHWR-UUC00658.snowflakecomputing.com, account: QCQMHWR-UUC00658, accessUrl: https://QCQMHWR-UUC00658.snowflakecomputing.com, user: JONAEDD08, role: undefined, database: WORLD_BANK_DB, schema: MACROECONOMICS, warehouse: COMPUTE_WH, proxy was not configured, password is provided, region: undefined, authenticator: SNOWFLAKE, ocsp mode: FAIL_OPEN, os: win32, os version: 10.0.26200"}
{"level":"INFO","message":"[4:56:55.975 PM]: Connection[id: 46946042-de82-48ba-ad88-5b3b5b806ed7] additional details: passcode in password is provided, passcode is not provided, private key is not provided, application: undefined, client name: snowflake-sdk, client version: 2.4.0, retry timeout: 300, private key path: undefined, private key pass is not provided, client store temporary credential: false, browser response timeout: 120000"}
{"level":"INFO","message":"[4:56:55.975 PM]: Connection[id: 46946042-de82-48ba-ad88-5b3b5b806ed7] - connection object created successfully."}
{"level":"INFO","message":"[4:56:55.976 PM]: Connection[id: 46946042-de82-48ba-ad88-5b3b5b806ed7] - async connecting. Associated Snowflake domain: GLOBAL"}
{"level":"INFO","message":"[4:56:55.976 PM]: Trying to initialize Easy Logging"}
{"level":"INFO","message":"[4:56:55.987 PM]: No client config detected."}
{"level":"INFO","message":"[4:56:55.987 PM]: No config file path found. Client config will not be used."}
{"level":"INFO","message":"[4:56:55.987 PM]: Easy Logging is disabled as no config has been found"}
{"level":"INFO","message":"[4:56:55.988 PM]: Connection[id: 46946042-de82-48ba-ad88-5b3b5b806ed7] - authentication successful using: SNOWFLAKE"}
{"level":"INFO","message":"[4:56:56.487 PM]: Connection[id: 46946042-de82-48ba-ad88-5b3b5b806ed7] - connection established successfully after 510.95 milliseconds"}
{"level":"INFO","message":"[4:56:58.039 PM]: Creating new connection object"}
{"level":"INFO","message":"[4:56:58.057 PM]: Creating Connection[id: 898ae466-ef52-41cc-aa8e-7b13d812a575] with host: QCQMHWR-UUC00658.snowflakecomputing.com, account: QCQMHWR-UUC00658, accessUrl: https://QCQMHWR-UUC00658.snowflakecomputing.com, user: JONAEDD08, role: undefined, database: WORLD_BANK_DB, schema: MACROECONOMICS, warehouse: COMPUTE_WH, proxy was not configured, password is provided, region: undefined, authenticator: SNOWFLAKE, ocsp mode: FAIL_OPEN, os: win32, os version: 10.0.26200"}
{"level":"INFO","message":"[4:56:58.058 PM]: Connection[id: 898ae466-ef52-41cc-aa8e-7b13d812a575] additional details: passcode in password is provided, passcode is not provided, private key is not provided, application: undefined, client name: snowflake-sdk, client version: 2.4.0, retry timeout: 300, private key path: undefined, private key pass is not provided, client store temporary credential: false, browser response timeout: 120000"}
{"level":"INFO","message":"[4:56:58.058 PM]: Connection[id: 898ae466-ef52-41cc-aa8e-7b13d812a575] - connection object created successfully."}
{"level":"INFO","message":"[4:56:58.059 PM]: Connection[id: 898ae466-ef52-41cc-aa8e-7b13d812a575] - async connecting. Associated Snowflake domain: GLOBAL"}
{"level":"INFO","message":"[4:56:58.059 PM]: Trying to initialize Easy Logging"}
{"level":"INFO","message":"[4:56:58.068 PM]: No client config detected."}
{"level":"INFO","message":"[4:56:58.068 PM]: No config file path found. Client config will not be used."}
{"level":"INFO","message":"[4:56:58.068 PM]: Easy Logging is disabled as no config has been found"}
{"level":"INFO","message":"[4:56:58.069 PM]: Connection[id: 898ae466-ef52-41cc-aa8e-7b13d812a575] - authentication successful using: SNOWFLAKE"}
{"level":"INFO","message":"[4:56:59.726 PM]: Connection[id: 898ae466-ef52-41cc-aa8e-7b13d812a575] - connection established successfully after 1667.39 milliseconds"}
{"level":"INFO","message":"[4:57:08.668 PM]: Creating new connection object"}
{"level":"INFO","message":"[4:57:08.687 PM]: Creating Connection[id: 3be988d9-981c-45f2-ad12-6d48d09f33cc] with host: QCQMHWR-UUC00658.snowflakecomputing.com, account: QCQMHWR-UUC00658, accessUrl: https://QCQMHWR-UUC00658.snowflakecomputing.com, user: JONAEDD08, role: undefined, database: WORLD_BANK_DB, schema: MACROECONOMICS, warehouse: COMPUTE_WH, proxy was not configured, password is provided, region: undefined, authenticator: SNOWFLAKE, ocsp mode: FAIL_OPEN, os: win32, os version: 10.0.26200"}
{"level":"INFO","message":"[4:57:08.688 PM]: Connection[id: 3be988d9-981c-45f2-ad12-6d48d09f33cc] additional details: passcode in password is provided, passcode is not provided, private key is not provided, application: undefined, client name: snowflake-sdk, client version: 2.4.0, retry timeout: 300, private key path: undefined, private key pass is not provided, client store temporary credential: false, browser response timeout: 120000"}
{"level":"INFO","message":"[4:57:08.688 PM]: Connection[id: 3be988d9-981c-45f2-ad12-6d48d09f33cc] - connection object created successfully."}
{"level":"INFO","message":"[4:57:08.689 PM]: Connection[id: 3be988d9-981c-45f2-ad12-6d48d09f33cc] - async connecting. Associated Snowflake domain: GLOBAL"}
{"level":"INFO","message":"[4:57:08.689 PM]: Trying to initialize Easy Logging"}
{"level":"INFO","message":"[4:57:08.697 PM]: No client config detected."}
{"level":"INFO","message":"[4:57:08.697 PM]: No config file path found. Client config will not be used."}
{"level":"INFO","message":"[4:57:08.698 PM]: Easy Logging is disabled as no config has been found"}
{"level":"INFO","message":"[4:57:08.699 PM]: Connection[id: 3be988d9-981c-45f2-ad12-6d48d09f33cc] - authentication successful using: SNOWFLAKE"}
{"level":"INFO","message":"[4:57:13.585 PM]: Creating new connection object"}
{"level":"INFO","message":"[4:57:13.604 PM]: Creating Connection[id: 9e4812df-6a8f-450a-80c6-912635a01e79] with host: QCQMHWR-UUC00658.snowflakecomputing.com, account: QCQMHWR-UUC00658, accessUrl: https://QCQMHWR-UUC00658.snowflakecomputing.com, user: JONAEDD08, role: undefined, database: WORLD_BANK_DB, schema: MACROECONOMICS, warehouse: COMPUTE_WH, proxy was not configured, password is provided, region: undefined, authenticator: SNOWFLAKE, ocsp mode: FAIL_OPEN, os: win32, os version: 10.0.26200"}
{"level":"INFO","message":"[4:57:13.605 PM]: Connection[id: 9e4812df-6a8f-450a-80c6-912635a01e79] additional details: passcode in password is provided, passcode is not provided, private key is not provided, application: undefined, client name: snowflake-sdk, client version: 2.4.0, retry timeout: 300, private key path: undefined, private key pass is not provided, client store temporary credential: false, browser response timeout: 120000"}
{"level":"INFO","message":"[4:57:13.605 PM]: Connection[id: 9e4812df-6a8f-450a-80c6-912635a01e79] - connection object created successfully."}
{"level":"INFO","message":"[4:57:13.606 PM]: Connection[id: 9e4812df-6a8f-450a-80c6-912635a01e79] - async connecting. Associated Snowflake domain: GLOBAL"}
{"level":"INFO","message":"[4:57:13.606 PM]: Trying to initialize Easy Logging"}
{"level":"INFO","message":"[4:57:13.616 PM]: No client config detected."}
{"level":"INFO","message":"[4:57:13.616 PM]: No config file path found. Client config will not be used."}
{"level":"INFO","message":"[4:57:13.617 PM]: Easy Logging is disabled as no config has been found"}
{"level":"INFO","message":"[4:57:13.617 PM]: Connection[id: 9e4812df-6a8f-450a-80c6-912635a01e79] - authentication successful using: SNOWFLAKE"}
{"level":"INFO","message":"[4:57:15.226 PM]: Connection[id: 9e4812df-6a8f-450a-80c6-912635a01e79] - connection established successfully after 1620.81 milliseconds"}
{"level":"INFO","message":"[4:57:20.763 PM]: Creating new connection object"}
{"level":"INFO","message":"[4:57:20.782 PM]: Creating Connection[id: c3172d79-889d-40e9-88b5-aaa55a7e5572] with host: QCQMHWR-UUC00658.snowflakecomputing.com, account: QCQMHWR-UUC00658, accessUrl: https://QCQMHWR-UUC00658.snowflakecomputing.com, user: JONAEDD08, role: undefined, database: WORLD_BANK_DB, schema: MACROECONOMICS, warehouse: COMPUTE_WH, proxy was not configured, password is provided, region: undefined, authenticator: SNOWFLAKE, ocsp mode: FAIL_OPEN, os: win32, os version: 10.0.26200"}
{"level":"INFO","message":"[4:57:20.783 PM]: Connection[id: c3172d79-889d-40e9-88b5-aaa55a7e5572] additional details: passcode in password is provided, passcode is not provided, private key is not provided, application: undefined, client name: snowflake-sdk, client version: 2.4.0, retry timeout: 300, private key path: undefined, private key pass is not provided, client store temporary credential: false, browser response timeout: 120000"}
{"level":"INFO","message":"[4:57:20.784 PM]: Connection[id: c3172d79-889d-40e9-88b5-aaa55a7e5572] - connection object created successfully."}
{"level":"INFO","message":"[4:57:20.785 PM]: Connection[id: c3172d79-889d-40e9-88b5-aaa55a7e5572] - async connecting. Associated Snowflake domain: GLOBAL"}
{"level":"INFO","message":"[4:57:20.785 PM]: Trying to initialize Easy Logging"}
{"level":"INFO","message":"[4:57:20.794 PM]: No client config detected."}
{"level":"INFO","message":"[4:57:20.794 PM]: No config file path found. Client config will not be used."}
{"level":"INFO","message":"[4:57:20.794 PM]: Easy Logging is disabled as no config has been found"}
{"level":"INFO","message":"[4:57:20.795 PM]: Connection[id: c3172d79-889d-40e9-88b5-aaa55a7e5572] - authentication successful using: SNOWFLAKE"}
{"level":"INFO","message":"[4:57:22.555 PM]: Connection[id: c3172d79-889d-40e9-88b5-aaa55a7e5572] - connection established successfully after 1770.77 milliseconds"}
{"level":"INFO","message":"[4:57:30.572 PM]: Creating new connection object"}
{"level":"INFO","message":"[4:57:30.591 PM]: Creating Connection[id: 1527679c-ef15-46e1-a7a1-b39d1bd018ba] with host: QCQMHWR-UUC00658.snowflakecomputing.com, account: QCQMHWR-UUC00658, accessUrl: https://QCQMHWR-UUC00658.snowflakecomputing.com, user: JONAEDD08, role: undefined, database: WORLD_BANK_DB, schema: MACROECONOMICS, warehouse: COMPUTE_WH, proxy was not configured, password is provided, region: undefined, authenticator: SNOWFLAKE, ocsp mode: FAIL_OPEN, os: win32, os version: 10.0.26200"}
{"level":"INFO","message":"[4:57:30.591 PM]: Connection[id: 1527679c-ef15-46e1-a7a1-b39d1bd018ba] additional details: passcode in password is provided, passcode is not provided, private key is not provided, application: undefined, client name: snowflake-sdk, client version: 2.4.0, retry timeout: 300, private key path: undefined, private key pass is not provided, client store temporary credential: false, browser response timeout: 120000"}
{"level":"INFO","message":"[4:57:30.592 PM]: Connection[id: 1527679c-ef15-46e1-a7a1-b39d1bd018ba] - connection object created successfully."}
{"level":"INFO","message":"[4:57:30.592 PM]: Connection[id: 1527679c-ef15-46e1-a7a1-b39d1bd018ba] - async connecting. Associated Snowflake domain: GLOBAL"}
{"level":"INFO","message":"[4:57:30.593 PM]: Trying to initialize Easy Logging"}
{"level":"INFO","message":"[4:57:30.600 PM]: No client config detected."}
{"level":"INFO","message":"[4:57:30.600 PM]: No config file path found. Client config will not be used."}
{"level":"INFO","message":"[4:57:30.600 PM]: Easy Logging is disabled as no config has been found"}
{"level":"INFO","message":"[4:57:30.601 PM]: Connection[id: 1527679c-ef15-46e1-a7a1-b39d1bd018ba] - authentication successful using: SNOWFLAKE"}
{"level":"INFO","message":"[4:57:31.125 PM]: Connection[id: 1527679c-ef15-46e1-a7a1-b39d1bd018ba] - connection established successfully after 532.9 milliseconds"}
{"level":"INFO","message":"[4:57:43.499 PM]: Creating new connection object"}
{"level":"INFO","message":"[4:57:43.523 PM]: Creating Connection[id: d343b41b-29d9-4dc1-a380-8c3b68813479] with host: QCQMHWR-UUC00658.snowflakecomputing.com, account: QCQMHWR-UUC00658, accessUrl: https://QCQMHWR-UUC00658.snowflakecomputing.com, user: JONAEDD08, role: undefined, database: WORLD_BANK_DB, schema: MACROECONOMICS, warehouse: COMPUTE_WH, proxy was not configured, password is provided, region: undefined, authenticator: SNOWFLAKE, ocsp mode: FAIL_OPEN, os: win32, os version: 10.0.26200"}
{"level":"INFO","message":"[4:57:43.524 PM]: Connection[id: d343b41b-29d9-4dc1-a380-8c3b68813479] additional details: passcode in password is provided, passcode is not provided, private key is not provided, application: undefined, client name: snowflake-sdk, client version: 2.4.0, retry timeout: 300, private key path: undefined, private key pass is not provided, client store temporary credential: false, browser response timeout: 120000"}
{"level":"INFO","message":"[4:57:43.524 PM]: Connection[id: d343b41b-29d9-4dc1-a380-8c3b68813479] - connection object created successfully."}
{"level":"INFO","message":"[4:57:43.526 PM]: Connection[id: d343b41b-29d9-4dc1-a380-8c3b68813479] - async connecting. Associated Snowflake domain: GLOBAL"}
{"level":"INFO","message":"[4:57:43.526 PM]: Trying to initialize Easy Logging"}
{"level":"INFO","message":"[4:57:43.537 PM]: No client config detected."}
{"level":"INFO","message":"[4:57:43.537 PM]: No config file path found. Client config will not be used."}
{"level":"INFO","message":"[4:57:43.539 PM]: Easy Logging is disabled as no config has been found"}
{"level":"INFO","message":"[4:57:43.540 PM]: Connection[id: d343b41b-29d9-4dc1-a380-8c3b68813479] - authentication successful using: SNOWFLAKE"}
{"level":"INFO","message":"[4:57:44.842 PM]: Connection[id: d343b41b-29d9-4dc1-a380-8c3b68813479] - connection established successfully after 1316.13 milliseconds"}
{"level":"INFO","message":"[4:57:48.059 PM]: Creating new connection object"}
{"level":"INFO","message":"[4:57:48.077 PM]: Creating Connection[id: 1bca341e-b270-4d1c-9037-5ed296dc7489] with host: QCQMHWR-UUC00658.snowflakecomputing.com, account: QCQMHWR-UUC00658, accessUrl: https://QCQMHWR-UUC00658.snowflakecomputing.com, user: JONAEDD08, role: undefined, database: WORLD_BANK_DB, schema: MACROECONOMICS, warehouse: COMPUTE_WH, proxy was not configured, password is provided, region: undefined, authenticator: SNOWFLAKE, ocsp mode: FAIL_OPEN, os: win32, os version: 10.0.26200"}
{"level":"INFO","message":"[4:57:48.078 PM]: Connection[id: 1bca341e-b270-4d1c-9037-5ed296dc7489] additional details: passcode in password is provided, passcode is not provided, private key is not provided, application: undefined, client name: snowflake-sdk, client version: 2.4.0, retry timeout: 300, private key path: undefined, private key pass is not provided, client store temporary credential: false, browser response timeout: 120000"}
{"level":"INFO","message":"[4:57:48.078 PM]: Connection[id: 1bca341e-b270-4d1c-9037-5ed296dc7489] - connection object created successfully."}
{"level":"INFO","message":"[4:57:48.079 PM]: Connection[id: 1bca341e-b270-4d1c-9037-5ed296dc7489] - async connecting. Associated Snowflake domain: GLOBAL"}
{"level":"INFO","message":"[4:57:48.079 PM]: Trying to initialize Easy Logging"}
{"level":"INFO","message":"[4:57:48.088 PM]: No client config detected."}
{"level":"INFO","message":"[4:57:48.088 PM]: No config file path found. Client config will not be used."}
{"level":"INFO","message":"[4:57:48.089 PM]: Easy Logging is disabled as no config has been found"}
{"level":"INFO","message":"[4:57:48.089 PM]: Connection[id: 1bca341e-b270-4d1c-9037-5ed296dc7489] - authentication successful using: SNOWFLAKE"}
{"level":"INFO","message":"[4:57:50.650 PM]: Creating new connection object"}
{"level":"INFO","message":"[4:57:50.670 PM]: Creating Connection[id: 3ec26509-7224-41b7-acd9-6bd8de8f0d7a] with host: QCQMHWR-UUC00658.snowflakecomputing.com, account: QCQMHWR-UUC00658, accessUrl: https://QCQMHWR-UUC00658.snowflakecomputing.com, user: JONAEDD08, role: undefined, database: WORLD_BANK_DB, schema: MACROECONOMICS, warehouse: COMPUTE_WH, proxy was not configured, password is provided, region: undefined, authenticator: SNOWFLAKE, ocsp mode: FAIL_OPEN, os: win32, os version: 10.0.26200"}
{"level":"INFO","message":"[4:57:50.670 PM]: Connection[id: 3ec26509-7224-41b7-acd9-6bd8de8f0d7a] additional details: passcode in password is provided, passcode is not provided, private key is not provided, application: undefined, client name: snowflake-sdk, client version: 2.4.0, retry timeout: 300, private key path: undefined, private key pass is not provided, client store temporary credential: false, browser response timeout: 120000"}
{"level":"INFO","message":"[4:57:50.671 PM]: Connection[id: 3ec26509-7224-41b7-acd9-6bd8de8f0d7a] - connection object created successfully."}
{"level":"INFO","message":"[4:57:50.672 PM]: Connection[id: 3ec26509-7224-41b7-acd9-6bd8de8f0d7a] - async connecting. Associated Snowflake domain: GLOBAL"}
{"level":"INFO","message":"[4:57:50.672 PM]: Trying to initialize Easy Logging"}
{"level":"INFO","message":"[4:57:50.681 PM]: No client config detected."}
{"level":"INFO","message":"[4:57:50.681 PM]: No config file path found. Client config will not be used."}
{"level":"INFO","message":"[4:57:50.681 PM]: Easy Logging is disabled as no config has been found"}
{"level":"INFO","message":"[4:57:50.682 PM]: Connection[id: 3ec26509-7224-41b7-acd9-6bd8de8f0d7a] - authentication successful using: SNOWFLAKE"}
{"level":"INFO","message":"[4:57:51.849 PM]: Connection[id: 3ec26509-7224-41b7-acd9-6bd8de8f0d7a] - connection established successfully after 1177.49 milliseconds"}
{"level":"INFO","message":"[4:57:59.343 PM]: Creating new connection object"}
{"level":"INFO","message":"[4:57:59.361 PM]: Creating Connection[id: f222b96a-5450-42e5-8abe-da3ffd9ccf6b] with host: QCQMHWR-UUC00658.snowflakecomputing.com, account: QCQMHWR-UUC00658, accessUrl: https://QCQMHWR-UUC00658.snowflakecomputing.com, user: JONAEDD08, role: undefined, database: WORLD_BANK_DB, schema: MACROECONOMICS, warehouse: COMPUTE_WH, proxy was not configured, password is provided, region: undefined, authenticator: SNOWFLAKE, ocsp mode: FAIL_OPEN, os: win32, os version: 10.0.26200"}
{"level":"INFO","message":"[4:57:59.362 PM]: Connection[id: f222b96a-5450-42e5-8abe-da3ffd9ccf6b] additional details: passcode in password is provided, passcode is not provided, private key is not provided, application: undefined, client name: snowflake-sdk, client version: 2.4.0, retry timeout: 300, private key path: undefined, private key pass is not provided, client store temporary credential: false, browser response timeout: 120000"}
{"level":"INFO","message":"[4:57:59.362 PM]: Connection[id: f222b96a-5450-42e5-8abe-da3ffd9ccf6b] - connection object created successfully."}
{"level":"INFO","message":"[4:57:59.363 PM]: Connection[id: f222b96a-5450-42e5-8abe-da3ffd9ccf6b] - async connecting. Associated Snowflake domain: GLOBAL"}
{"level":"INFO","message":"[4:57:59.363 PM]: Trying to initialize Easy Logging"}
{"level":"INFO","message":"[4:57:59.370 PM]: No client config detected."}
{"level":"INFO","message":"[4:57:59.371 PM]: No config file path found. Client config will not be used."}
{"level":"INFO","message":"[4:57:59.371 PM]: Easy Logging is disabled as no config has been found"}
{"level":"INFO","message":"[4:57:59.372 PM]: Connection[id: f222b96a-5450-42e5-8abe-da3ffd9ccf6b] - authentication successful using: SNOWFLAKE"}
{"level":"INFO","message":"[4:57:59.840 PM]: Connection[id: f222b96a-5450-42e5-8abe-da3ffd9ccf6b] - connection established successfully after 477.61 milliseconds"}
{"level":"INFO","message":"[4:58:03.577 PM]: Creating new connection object"}
{"level":"INFO","message":"[4:58:03.597 PM]: Creating Connection[id: 41361628-4337-448e-8725-c58be3fd1540] with host: QCQMHWR-UUC00658.snowflakecomputing.com, account: QCQMHWR-UUC00658, accessUrl: https://QCQMHWR-UUC00658.snowflakecomputing.com, user: JONAEDD08, role: undefined, database: WORLD_BANK_DB, schema: MACROECONOMICS, warehouse: COMPUTE_WH, proxy was not configured, password is provided, region: undefined, authenticator: SNOWFLAKE, ocsp mode: FAIL_OPEN, os: win32, os version: 10.0.26200"}
{"level":"INFO","message":"[4:58:03.597 PM]: Connection[id: 41361628-4337-448e-8725-c58be3fd1540] additional details: passcode in password is provided, passcode is not provided, private key is not provided, application: undefined, client name: snowflake-sdk, client version: 2.4.0, retry timeout: 300, private key path: undefined, private key pass is not provided, client store temporary credential: false, browser response timeout: 120000"}
{"level":"INFO","message":"[4:58:03.598 PM]: Connection[id: 41361628-4337-448e-8725-c58be3fd1540] - connection object created successfully."}
{"level":"INFO","message":"[4:58:03.598 PM]: Connection[id: 41361628-4337-448e-8725-c58be3fd1540] - async connecting. Associated Snowflake domain: GLOBAL"}
{"level":"INFO","message":"[4:58:03.599 PM]: Trying to initialize Easy Logging"}
{"level":"INFO","message":"[4:58:03.607 PM]: No client config detected."}
{"level":"INFO","message":"[4:58:03.607 PM]: No config file path found. Client config will not be used."}
{"level":"INFO","message":"[4:58:03.608 PM]: Easy Logging is disabled as no config has been found"}
{"level":"INFO","message":"[4:58:03.608 PM]: Connection[id: 41361628-4337-448e-8725-c58be3fd1540] - authentication successful using: SNOWFLAKE"}
{"level":"INFO","message":"[4:58:05.395 PM]: Connection[id: 41361628-4337-448e-8725-c58be3fd1540] - connection established successfully after 1796.43 milliseconds"}
{"level":"INFO","message":"[4:58:18.101 PM]: Creating new connection object"}
{"level":"INFO","message":"[4:58:18.120 PM]: Creating Connection[id: 132545ec-35d7-4769-b730-0f18abe00d30] with host: QCQMHWR-UUC00658.snowflakecomputing.com, account: QCQMHWR-UUC00658, accessUrl: https://QCQMHWR-UUC00658.snowflakecomputing.com, user: JONAEDD08, role: undefined, database: WORLD_BANK_DB, schema: MACROECONOMICS, warehouse: COMPUTE_WH, proxy was not configured, password is provided, region: undefined, authenticator: SNOWFLAKE, ocsp mode: FAIL_OPEN, os: win32, os version: 10.0.26200"}
{"level":"INFO","message":"[4:58:18.121 PM]: Connection[id: 132545ec-35d7-4769-b730-0f18abe00d30] additional details: passcode in password is provided, passcode is not provided, private key is not provided, application: undefined, client name: snowflake-sdk, client version: 2.4.0, retry timeout: 300, private key path: undefined, private key pass is not provided, client store temporary credential: false, browser response timeout: 120000"}
{"level":"INFO","message":"[4:58:18.122 PM]: Connection[id: 132545ec-35d7-4769-b730-0f18abe00d30] - connection object created successfully."}
{"level":"INFO","message":"[4:58:18.123 PM]: Connection[id: 132545ec-35d7-4769-b730-0f18abe00d30] - async connecting. Associated Snowflake domain: GLOBAL"}
{"level":"INFO","message":"[4:58:18.123 PM]: Trying to initialize Easy Logging"}
{"level":"INFO","message":"[4:58:18.133 PM]: No client config detected."}
{"level":"INFO","message":"[4:58:18.133 PM]: No config file path found. Client config will not be used."}
{"level":"INFO","message":"[4:58:18.133 PM]: Easy Logging is disabled as no config has been found"}
{"level":"INFO","message":"[4:58:18.134 PM]: Connection[id: 132545ec-35d7-4769-b730-0f18abe00d30] - authentication successful using: SNOWFLAKE"}
{"level":"INFO","message":"[4:58:20.312 PM]: Creating new connection object"}
{"level":"INFO","message":"[4:58:20.331 PM]: Creating Connection[id: c4772b96-3f96-4d79-a3cc-b7583b6b491b] with host: QCQMHWR-UUC00658.snowflakecomputing.com, account: QCQMHWR-UUC00658, accessUrl: https://QCQMHWR-UUC00658.snowflakecomputing.com, user: JONAEDD08, role: undefined, database: WORLD_BANK_DB, schema: MACROECONOMICS, warehouse: COMPUTE_WH, proxy was not configured, password is provided, region: undefined, authenticator: SNOWFLAKE, ocsp mode: FAIL_OPEN, os: win32, os version: 10.0.26200"}
{"level":"INFO","message":"[4:58:20.332 PM]: Connection[id: c4772b96-3f96-4d79-a3cc-b7583b6b491b] additional details: passcode in password is provided, passcode is not provided, private key is not provided, application: undefined, client name: snowflake-sdk, client version: 2.4.0, retry timeout: 300, private key path: undefined, private key pass is not provided, client store temporary credential: false, browser response timeout: 120000"}
{"level":"INFO","message":"[4:58:20.332 PM]: Connection[id: c4772b96-3f96-4d79-a3cc-b7583b6b491b] - connection object created successfully."}
{"level":"INFO","message":"[4:58:20.333 PM]: Connection[id: c4772b96-3f96-4d79-a3cc-b7583b6b491b] - async connecting. Associated Snowflake domain: GLOBAL"}
{"level":"INFO","message":"[4:58:20.333 PM]: Trying to initialize Easy Logging"}
{"level":"INFO","message":"[4:58:20.341 PM]: No client config detected."}
{"level":"INFO","message":"[4:58:20.342 PM]: No config file path found. Client config will not be used."}
{"level":"INFO","message":"[4:58:20.342 PM]: Easy Logging is disabled as no config has been found"}
{"level":"INFO","message":"[4:58:20.343 PM]: Connection[id: c4772b96-3f96-4d79-a3cc-b7583b6b491b] - authentication successful using: SNOWFLAKE"}
{"level":"INFO","message":"[4:58:20.833 PM]: Connection[id: c4772b96-3f96-4d79-a3cc-b7583b6b491b] - connection established successfully after 500.55 milliseconds"}
{"level":"INFO","message":"[4:58:33.570 PM]: Creating new connection object"}
{"level":"INFO","message":"[4:58:33.592 PM]: Creating Connection[id: 90815f2d-a887-42c8-9721-9a2c92dd200e] with host: QCQMHWR-UUC00658.snowflakecomputing.com, account: QCQMHWR-UUC00658, accessUrl: https://QCQMHWR-UUC00658.snowflakecomputing.com, user: JONAEDD08, role: undefined, database: WORLD_BANK_DB, schema: MACROECONOMICS, warehouse: COMPUTE_WH, proxy was not configured, password is provided, region: undefined, authenticator: SNOWFLAKE, ocsp mode: FAIL_OPEN, os: win32, os version: 10.0.26200"}
{"level":"INFO","message":"[4:58:33.592 PM]: Connection[id: 90815f2d-a887-42c8-9721-9a2c92dd200e] additional details: passcode in password is provided, passcode is not provided, private key is not provided, application: undefined, client name: snowflake-sdk, client version: 2.4.0, retry timeout: 300, private key path: undefined, private key pass is not provided, client store temporary credential: false, browser response timeout: 120000"}
{"level":"INFO","message":"[4:58:33.593 PM]: Connection[id: 90815f2d-a887-42c8-9721-9a2c92dd200e] - connection object created successfully."}
{"level":"INFO","message":"[4:58:33.593 PM]: Connection[id: 90815f2d-a887-42c8-9721-9a2c92dd200e] - async connecting. Associated Snowflake domain: GLOBAL"}
{"level":"INFO","message":"[4:58:33.594 PM]: Trying to initialize Easy Logging"}
{"level":"INFO","message":"[4:58:33.605 PM]: No client config detected."}
{"level":"INFO","message":"[4:58:33.606 PM]: No config file path found. Client config will not be used."}
{"level":"INFO","message":"[4:58:33.606 PM]: Easy Logging is disabled as no config has been found"}
{"level":"INFO","message":"[4:58:33.606 PM]: Connection[id: 90815f2d-a887-42c8-9721-9a2c92dd200e] - authentication successful using: SNOWFLAKE"}
{"level":"INFO","message":"[4:58:35.091 PM]: Connection[id: 90815f2d-a887-42c8-9721-9a2c92dd200e] - connection established successfully after 1498.13 milliseconds"}
{"level":"INFO","message":"[4:59:05.201 PM]: Creating new connection object"}
{"level":"INFO","message":"[4:59:05.223 PM]: Creating Connection[id: a3f37f58-4e35-4e17-9d43-c84544e9bf09] with host: QCQMHWR-UUC00658.snowflakecomputing.com, account: QCQMHWR-UUC00658, accessUrl: https://QCQMHWR-UUC00658.snowflakecomputing.com, user: JONAEDD08, role: undefined, database: WORLD_BANK_DB, schema: MACROECONOMICS, warehouse: COMPUTE_WH, proxy was not configured, password is provided, region: undefined, authenticator: SNOWFLAKE, ocsp mode: FAIL_OPEN, os: win32, os version: 10.0.26200"}
{"level":"INFO","message":"[4:59:05.224 PM]: Connection[id: a3f37f58-4e35-4e17-9d43-c84544e9bf09] additional details: passcode in password is provided, passcode is not provided, private key is not provided, application: undefined, client name: snowflake-sdk, client version: 2.4.0, retry timeout: 300, private key path: undefined, private key pass is not provided, client store temporary credential: false, browser response timeout: 120000"}
{"level":"INFO","message":"[4:59:05.224 PM]: Connection[id: a3f37f58-4e35-4e17-9d43-c84544e9bf09] - connection object created successfully."}
{"level":"INFO","message":"[4:59:05.224 PM]: Connection[id: a3f37f58-4e35-4e17-9d43-c84544e9bf09] - async connecting. Associated Snowflake domain: GLOBAL"}
{"level":"INFO","message":"[4:59:05.225 PM]: Trying to initialize Easy Logging"}
{"level":"INFO","message":"[4:59:05.235 PM]: No client config detected."}
{"level":"INFO","message":"[4:59:05.235 PM]: No config file path found. Client config will not be used."}
{"level":"INFO","message":"[4:59:05.235 PM]: Easy Logging is disabled as no config has been found"}
{"level":"INFO","message":"[4:59:05.236 PM]: Connection[id: a3f37f58-4e35-4e17-9d43-c84544e9bf09] - authentication successful using: SNOWFLAKE"}
{"level":"INFO","message":"[4:59:06.526 PM]: Connection[id: a3f37f58-4e35-4e17-9d43-c84544e9bf09] - connection established successfully after 1301.58 milliseconds"}
{"level":"INFO","message":"[4:59:33.979 PM]: Creating new connection object"}
{"level":"INFO","message":"[4:59:34.005 PM]: Creating Connection[id: 8fc6ce66-e80c-4dcf-9d1a-49aa21d1473b] with host: QCQMHWR-UUC00658.snowflakecomputing.com, account: QCQMHWR-UUC00658, accessUrl: https://QCQMHWR-UUC00658.snowflakecomputing.com, user: JONAEDD08, role: undefined, database: WORLD_BANK_DB, schema: MACROECONOMICS, warehouse: COMPUTE_WH, proxy was not configured, password is provided, region: undefined, authenticator: SNOWFLAKE, ocsp mode: FAIL_OPEN, os: win32, os version: 10.0.26200"}
{"level":"INFO","message":"[4:59:34.006 PM]: Connection[id: 8fc6ce66-e80c-4dcf-9d1a-49aa21d1473b] additional details: passcode in password is provided, passcode is not provided, private key is not provided, application: undefined, client name: snowflake-sdk, client version: 2.4.0, retry timeout: 300, private key path: undefined, private key pass is not provided, client store temporary credential: false, browser response timeout: 120000"}
{"level":"INFO","message":"[4:59:34.007 PM]: Connection[id: 8fc6ce66-e80c-4dcf-9d1a-49aa21d1473b] - connection object created successfully."}
{"level":"INFO","message":"[4:59:34.007 PM]: Connection[id: 8fc6ce66-e80c-4dcf-9d1a-49aa21d1473b] - async connecting. Associated Snowflake domain: GLOBAL"}
{"level":"INFO","message":"[4:59:34.008 PM]: Trying to initialize Easy Logging"}
{"level":"INFO","message":"[4:59:34.018 PM]: No client config detected."}
{"level":"INFO","message":"[4:59:34.019 PM]: No config file path found. Client config will not be used."}
{"level":"INFO","message":"[4:59:34.019 PM]: Easy Logging is disabled as no config has been found"}
{"level":"INFO","message":"[4:59:34.020 PM]: Connection[id: 8fc6ce66-e80c-4dcf-9d1a-49aa21d1473b] - authentication successful using: SNOWFLAKE"}
{"level":"INFO","message":"[4:59:35.670 PM]: Connection[id: 8fc6ce66-e80c-4dcf-9d1a-49aa21d1473b] - connection established successfully after 1662.94 milliseconds"}
{"level":"INFO","message":"[5:00:14.108 PM]: Creating new connection object"}
{"level":"INFO","message":"[5:00:14.128 PM]: Creating Connection[id: 7a69af92-2b2a-4f7d-ba30-88d319ad2207] with host: QCQMHWR-UUC00658.snowflakecomputing.com, account: QCQMHWR-UUC00658, accessUrl: https://QCQMHWR-UUC00658.snowflakecomputing.com, user: JONAEDD08, role: undefined, database: WORLD_BANK_DB, schema: MACROECONOMICS, warehouse: COMPUTE_WH, proxy was not configured, password is provided, region: undefined, authenticator: SNOWFLAKE, ocsp mode: FAIL_OPEN, os: win32, os version: 10.0.26200"}
{"level":"INFO","message":"[5:00:14.128 PM]: Connection[id: 7a69af92-2b2a-4f7d-ba30-88d319ad2207] additional details: passcode in password is provided, passcode is not provided, private key is not provided, application: undefined, client name: snowflake-sdk, client version: 2.4.0, retry timeout: 300, private key path: undefined, private key pass is not provided, client store temporary credential: false, browser response timeout: 120000"}
{"level":"INFO","message":"[5:00:14.129 PM]: Connection[id: 7a69af92-2b2a-4f7d-ba30-88d319ad2207] - connection object created successfully."}
{"level":"INFO","message":"[5:00:14.130 PM]: Connection[id: 7a69af92-2b2a-4f7d-ba30-88d319ad2207] - async connecting. Associated Snowflake domain: GLOBAL"}
{"level":"INFO","message":"[5:00:14.130 PM]: Trying to initialize Easy Logging"}
{"level":"INFO","message":"[5:00:14.139 PM]: No client config detected."}
{"level":"INFO","message":"[5:00:14.139 PM]: No config file path found. Client config will not be used."}
{"level":"INFO","message":"[5:00:14.139 PM]: Easy Logging is disabled as no config has been found"}
{"level":"INFO","message":"[5:00:14.140 PM]: Connection[id: 7a69af92-2b2a-4f7d-ba30-88d319ad2207] - authentication successful using: SNOWFLAKE"}
{"level":"INFO","message":"[5:00:15.645 PM]: Connection[id: 7a69af92-2b2a-4f7d-ba30-88d319ad2207] - connection established successfully after 1515.43 milliseconds"}
{"level":"INFO","message":"[5:01:08.030 PM]: Creating new connection object"}
{"level":"INFO","message":"[5:01:08.048 PM]: Creating Connection[id: 66fcb3ed-b5b9-4fe6-84a4-fc09a956ee81] with host: QCQMHWR-UUC00658.snowflakecomputing.com, account: QCQMHWR-UUC00658, accessUrl: https://QCQMHWR-UUC00658.snowflakecomputing.com, user: JONAEDD08, role: undefined, database: WORLD_BANK_DB, schema: MACROECONOMICS, warehouse: COMPUTE_WH, proxy was not configured, password is provided, region: undefined, authenticator: SNOWFLAKE, ocsp mode: FAIL_OPEN, os: win32, os version: 10.0.26200"}
{"level":"INFO","message":"[5:01:08.049 PM]: Connection[id: 66fcb3ed-b5b9-4fe6-84a4-fc09a956ee81] additional details: passcode in password is provided, passcode is not provided, private key is not provided, application: undefined, client name: snowflake-sdk, client version: 2.4.0, retry timeout: 300, private key path: undefined, private key pass is not provided, client store temporary credential: false, browser response timeout: 120000"}
{"level":"INFO","message":"[5:01:08.049 PM]: Connection[id: 66fcb3ed-b5b9-4fe6-84a4-fc09a956ee81] - connection object created successfully."}
{"level":"INFO","message":"[5:01:08.050 PM]: Connection[id: 66fcb3ed-b5b9-4fe6-84a4-fc09a956ee81] - async connecting. Associated Snowflake domain: GLOBAL"}
{"level":"INFO","message":"[5:01:08.050 PM]: Trying to initialize Easy Logging"}
{"level":"INFO","message":"[5:01:08.057 PM]: No client config detected."}
{"level":"INFO","message":"[5:01:08.058 PM]: No config file path found. Client config will not be used."}
{"level":"INFO","message":"[5:01:08.058 PM]: Easy Logging is disabled as no config has been found"}
{"level":"INFO","message":"[5:01:08.058 PM]: Connection[id: 66fcb3ed-b5b9-4fe6-84a4-fc09a956ee81] - authentication successful using: SNOWFLAKE"}
{"level":"INFO","message":"[5:01:13.743 PM]: Connection[id: 66fcb3ed-b5b9-4fe6-84a4-fc09a956ee81] - connection established successfully after 5693.29 milliseconds"}
{"level":"INFO","message":"[5:01:33.857 PM]: Creating new connection object"}
{"level":"INFO","message":"[5:01:33.878 PM]: Creating Connection[id: 5aa75507-1356-41a8-b627-bcfd0f88bf7f] with host: QCQMHWR-UUC00658.snowflakecomputing.com, account: QCQMHWR-UUC00658, accessUrl: https://QCQMHWR-UUC00658.snowflakecomputing.com, user: JONAEDD08, role: undefined, database: WORLD_BANK_DB, schema: MACROECONOMICS, warehouse: COMPUTE_WH, proxy was not configured, password is provided, region: undefined, authenticator: SNOWFLAKE, ocsp mode: FAIL_OPEN, os: win32, os version: 10.0.26200"}
{"level":"INFO","message":"[5:01:33.879 PM]: Connection[id: 5aa75507-1356-41a8-b627-bcfd0f88bf7f] additional details: passcode in password is provided, passcode is not provided, private key is not provided, application: undefined, client name: snowflake-sdk, client version: 2.4.0, retry timeout: 300, private key path: undefined, private key pass is not provided, client store temporary credential: false, browser response timeout: 120000"}
{"level":"INFO","message":"[5:01:33.880 PM]: Connection[id: 5aa75507-1356-41a8-b627-bcfd0f88bf7f] - connection object created successfully."}
{"level":"INFO","message":"[5:01:33.881 PM]: Connection[id: 5aa75507-1356-41a8-b627-bcfd0f88bf7f] - async connecting. Associated Snowflake domain: GLOBAL"}
{"level":"INFO","message":"[5:01:33.881 PM]: Trying to initialize Easy Logging"}
{"level":"INFO","message":"[5:01:33.893 PM]: No client config detected."}
{"level":"INFO","message":"[5:01:33.893 PM]: No config file path found. Client config will not be used."}
{"level":"INFO","message":"[5:01:33.894 PM]: Easy Logging is disabled as no config has been found"}
{"level":"INFO","message":"[5:01:33.894 PM]: Connection[id: 5aa75507-1356-41a8-b627-bcfd0f88bf7f] - authentication successful using: SNOWFLAKE"}
{"level":"INFO","message":"[5:01:37.969 PM]: Creating new connection object"}
{"level":"INFO","message":"[5:01:37.989 PM]: Creating Connection[id: ea3ef99f-9f39-4713-85be-dd2c9b23915d] with host: QCQMHWR-UUC00658.snowflakecomputing.com, account: QCQMHWR-UUC00658, accessUrl: https://QCQMHWR-UUC00658.snowflakecomputing.com, user: JONAEDD08, role: undefined, database: WORLD_BANK_DB, schema: MACROECONOMICS, warehouse: COMPUTE_WH, proxy was not configured, password is provided, region: undefined, authenticator: SNOWFLAKE, ocsp mode: FAIL_OPEN, os: win32, os version: 10.0.26200"}
{"level":"INFO","message":"[5:01:37.990 PM]: Connection[id: ea3ef99f-9f39-4713-85be-dd2c9b23915d] additional details: passcode in password is provided, passcode is not provided, private key is not provided, application: undefined, client name: snowflake-sdk, client version: 2.4.0, retry timeout: 300, private key path: undefined, private key pass is not provided, client store temporary credential: false, browser response timeout: 120000"}
{"level":"INFO","message":"[5:01:37.991 PM]: Connection[id: ea3ef99f-9f39-4713-85be-dd2c9b23915d] - connection object created successfully."}
{"level":"INFO","message":"[5:01:37.991 PM]: Connection[id: ea3ef99f-9f39-4713-85be-dd2c9b23915d] - async connecting. Associated Snowflake domain: GLOBAL"}
{"level":"INFO","message":"[5:01:37.992 PM]: Trying to initialize Easy Logging"}
{"level":"INFO","message":"[5:01:38.002 PM]: No client config detected."}
{"level":"INFO","message":"[5:01:38.003 PM]: No config file path found. Client config will not be used."}
{"level":"INFO","message":"[5:01:38.003 PM]: Easy Logging is disabled as no config has been found"}
{"level":"INFO","message":"[5:01:38.004 PM]: Connection[id: ea3ef99f-9f39-4713-85be-dd2c9b23915d] - authentication successful using: SNOWFLAKE"}
{"level":"INFO","message":"[5:01:39.199 PM]: Connection[id: ea3ef99f-9f39-4713-85be-dd2c9b23915d] - connection established successfully after 1207.7 milliseconds"}
{"level":"INFO","message":"[5:03:38.637 PM]: Creating new connection object"}
{"level":"INFO","message":"[5:03:38.657 PM]: Creating Connection[id: b9ef2aa5-0a5c-4e8b-91c5-87a8b47b1152] with host: QCQMHWR-UUC00658.snowflakecomputing.com, account: QCQMHWR-UUC00658, accessUrl: https://QCQMHWR-UUC00658.snowflakecomputing.com, user: JONAEDD08, role: undefined, database: WORLD_BANK_DB, schema: MACROECONOMICS, warehouse: COMPUTE_WH, proxy was not configured, password is provided, region: undefined, authenticator: SNOWFLAKE, ocsp mode: FAIL_OPEN, os: win32, os version: 10.0.26200"}
{"level":"INFO","message":"[5:03:38.657 PM]: Connection[id: b9ef2aa5-0a5c-4e8b-91c5-87a8b47b1152] additional details: passcode in password is provided, passcode is not provided, private key is not provided, application: undefined, client name: snowflake-sdk, client version: 2.4.0, retry timeout: 300, private key path: undefined, private key pass is not provided, client store temporary credential: false, browser response timeout: 120000"}
{"level":"INFO","message":"[5:03:38.658 PM]: Connection[id: b9ef2aa5-0a5c-4e8b-91c5-87a8b47b1152] - connection object created successfully."}
{"level":"INFO","message":"[5:03:38.658 PM]: Connection[id: b9ef2aa5-0a5c-4e8b-91c5-87a8b47b1152] - async connecting. Associated Snowflake domain: GLOBAL"}
{"level":"INFO","message":"[5:03:38.658 PM]: Trying to initialize Easy Logging"}
{"level":"INFO","message":"[5:03:38.666 PM]: No client config detected."}
{"level":"INFO","message":"[5:03:38.666 PM]: No config file path found. Client config will not be used."}
{"level":"INFO","message":"[5:03:38.666 PM]: Easy Logging is disabled as no config has been found"}
{"level":"INFO","message":"[5:03:38.667 PM]: Connection[id: b9ef2aa5-0a5c-4e8b-91c5-87a8b47b1152] - authentication successful using: SNOWFLAKE"}
{"level":"INFO","message":"[5:03:44.569 PM]: Creating new connection object"}
{"level":"INFO","message":"[5:03:44.594 PM]: Creating Connection[id: b77aca25-ca44-44c4-babc-9ddbb23a82b5] with host: QCQMHWR-UUC00658.snowflakecomputing.com, account: QCQMHWR-UUC00658, accessUrl: https://QCQMHWR-UUC00658.snowflakecomputing.com, user: JONAEDD08, role: undefined, database: WORLD_BANK_DB, schema: MACROECONOMICS, warehouse: COMPUTE_WH, proxy was not configured, password is provided, region: undefined, authenticator: SNOWFLAKE, ocsp mode: FAIL_OPEN, os: win32, os version: 10.0.26200"}
{"level":"INFO","message":"[5:03:44.595 PM]: Connection[id: b77aca25-ca44-44c4-babc-9ddbb23a82b5] additional details: passcode in password is provided, passcode is not provided, private key is not provided, application: undefined, client name: snowflake-sdk, client version: 2.4.0, retry timeout: 300, private key path: undefined, private key pass is not provided, client store temporary credential: false, browser response timeout: 120000"}
{"level":"INFO","message":"[5:03:44.596 PM]: Connection[id: b77aca25-ca44-44c4-babc-9ddbb23a82b5] - connection object created successfully."}
{"level":"INFO","message":"[5:03:44.598 PM]: Connection[id: b77aca25-ca44-44c4-babc-9ddbb23a82b5] - async connecting. Associated Snowflake domain: GLOBAL"}
{"level":"INFO","message":"[5:03:44.603 PM]: Trying to initialize Easy Logging"}
{"level":"INFO","message":"[5:03:44.629 PM]: No client config detected."}
{"level":"INFO","message":"[5:03:44.630 PM]: No config file path found. Client config will not be used."}
{"level":"INFO","message":"[5:03:44.631 PM]: Easy Logging is disabled as no config has been found"}
{"level":"INFO","message":"[5:03:44.631 PM]: Connection[id: b77aca25-ca44-44c4-babc-9ddbb23a82b5] - authentication successful using: SNOWFLAKE"}
{"level":"INFO","message":"[5:03:49.181 PM]: Connection[id: b77aca25-ca44-44c4-babc-9ddbb23a82b5] - connection established successfully after 4582.78 milliseconds"}
{"level":"INFO","message":"[5:04:11.024 PM]: Creating new connection object"}
{"level":"INFO","message":"[5:04:11.045 PM]: Creating Connection[id: a08e9c90-952b-43ec-bbd3-a057f6e0caeb] with host: QCQMHWR-UUC00658.snowflakecomputing.com, account: QCQMHWR-UUC00658, accessUrl: https://QCQMHWR-UUC00658.snowflakecomputing.com, user: JONAEDD08, role: undefined, database: WORLD_BANK_DB, schema: MACROECONOMICS, warehouse: COMPUTE_WH, proxy was not configured, password is provided, region: undefined, authenticator: SNOWFLAKE, ocsp mode: FAIL_OPEN, os: win32, os version: 10.0.26200"}
{"level":"INFO","message":"[5:04:11.045 PM]: Connection[id: a08e9c90-952b-43ec-bbd3-a057f6e0caeb] additional details: passcode in password is provided, passcode is not provided, private key is not provided, application: undefined, client name: snowflake-sdk, client version: 2.4.0, retry timeout: 300, private key path: undefined, private key pass is not provided, client store temporary credential: false, browser response timeout: 120000"}
{"level":"INFO","message":"[5:04:11.045 PM]: Connection[id: a08e9c90-952b-43ec-bbd3-a057f6e0caeb] - connection object created successfully."}
{"level":"INFO","message":"[5:04:11.046 PM]: Connection[id: a08e9c90-952b-43ec-bbd3-a057f6e0caeb] - async connecting. Associated Snowflake domain: GLOBAL"}
{"level":"INFO","message":"[5:04:11.046 PM]: Trying to initialize Easy Logging"}
{"level":"INFO","message":"[5:04:11.055 PM]: No client config detected."}
{"level":"INFO","message":"[5:04:11.055 PM]: No config file path found. Client config will not be used."}
{"level":"INFO","message":"[5:04:11.056 PM]: Easy Logging is disabled as no config has been found"}
{"level":"INFO","message":"[5:04:11.056 PM]: Connection[id: a08e9c90-952b-43ec-bbd3-a057f6e0caeb] - authentication successful using: SNOWFLAKE"}
{"level":"INFO","message":"[5:04:12.333 PM]: Connection[id: a08e9c90-952b-43ec-bbd3-a057f6e0caeb] - connection established successfully after 1286.73 milliseconds"}
{"level":"INFO","message":"[5:30:42.111 PM]: Creating new connection object"}
{"level":"INFO","message":"[5:30:42.136 PM]: Creating Connection[id: f8a4968e-275f-4c5d-b238-41c050b03d6c] with host: QCQMHWR-UUC00658.snowflakecomputing.com, account: QCQMHWR-UUC00658, accessUrl: https://QCQMHWR-UUC00658.snowflakecomputing.com, user: JONAEDD08, role: undefined, database: WORLD_BANK_DB, schema: MACROECONOMICS, warehouse: COMPUTE_WH, proxy was not configured, password is provided, region: undefined, authenticator: SNOWFLAKE, ocsp mode: FAIL_OPEN, os: win32, os version: 10.0.26200"}
{"level":"INFO","message":"[5:30:42.137 PM]: Connection[id: f8a4968e-275f-4c5d-b238-41c050b03d6c] additional details: passcode in password is provided, passcode is not provided, private key is not provided, application: undefined, client name: snowflake-sdk, client version: 2.4.0, retry timeout: 300, private key path: undefined, private key pass is not provided, client store temporary credential: false, browser response timeout: 120000"}
{"level":"INFO","message":"[5:30:42.137 PM]: Connection[id: f8a4968e-275f-4c5d-b238-41c050b03d6c] - connection object created successfully."}
{"level":"INFO","message":"[5:30:42.138 PM]: Connection[id: f8a4968e-275f-4c5d-b238-41c050b03d6c] - async connecting. Associated Snowflake domain: GLOBAL"}
{"level":"INFO","message":"[5:30:42.139 PM]: Trying to initialize Easy Logging"}
{"level":"INFO","message":"[5:30:42.150 PM]: No client config detected."}
{"level":"INFO","message":"[5:30:42.151 PM]: No config file path found. Client config will not be used."}
{"level":"INFO","message":"[5:30:42.151 PM]: Easy Logging is disabled as no config has been found"}
{"level":"INFO","message":"[5:30:42.151 PM]: Connection[id: f8a4968e-275f-4c5d-b238-41c050b03d6c] - authentication successful using: SNOWFLAKE"}
{"level":"INFO","message":"[5:30:44.126 PM]: Connection[id: f8a4968e-275f-4c5d-b238-41c050b03d6c] - connection established successfully after 1987.88 milliseconds"}
{"level":"INFO","message":"[5:31:18.609 PM]: Creating new connection object"}
{"level":"INFO","message":"[5:31:18.631 PM]: Creating Connection[id: 12af04f7-b5dc-45fc-b6bc-3ab48bdb748f] with host: QCQMHWR-UUC00658.snowflakecomputing.com, account: QCQMHWR-UUC00658, accessUrl: https://QCQMHWR-UUC00658.snowflakecomputing.com, user: JONAEDD08, role: undefined, database: WORLD_BANK_DB, schema: MACROECONOMICS, warehouse: COMPUTE_WH, proxy was not configured, password is provided, region: undefined, authenticator: SNOWFLAKE, ocsp mode: FAIL_OPEN, os: win32, os version: 10.0.26200"}
{"level":"INFO","message":"[5:31:18.631 PM]: Connection[id: 12af04f7-b5dc-45fc-b6bc-3ab48bdb748f] additional details: passcode in password is provided, passcode is not provided, private key is not provided, application: undefined, client name: snowflake-sdk, client version: 2.4.0, retry timeout: 300, private key path: undefined, private key pass is not provided, client store temporary credential: false, browser response timeout: 120000"}
{"level":"INFO","message":"[5:31:18.632 PM]: Connection[id: 12af04f7-b5dc-45fc-b6bc-3ab48bdb748f] - connection object created successfully."}
{"level":"INFO","message":"[5:31:18.632 PM]: Connection[id: 12af04f7-b5dc-45fc-b6bc-3ab48bdb748f] - async connecting. Associated Snowflake domain: GLOBAL"}
{"level":"INFO","message":"[5:31:18.633 PM]: Trying to initialize Easy Logging"}
{"level":"INFO","message":"[5:31:18.642 PM]: No client config detected."}
{"level":"INFO","message":"[5:31:18.642 PM]: No config file path found. Client config will not be used."}
{"level":"INFO","message":"[5:31:18.642 PM]: Easy Logging is disabled as no config has been found"}
{"level":"INFO","message":"[5:31:18.643 PM]: Connection[id: 12af04f7-b5dc-45fc-b6bc-3ab48bdb748f] - authentication successful using: SNOWFLAKE"}
{"level":"INFO","message":"[5:31:24.792 PM]: Connection[id: 12af04f7-b5dc-45fc-b6bc-3ab48bdb748f] - connection established successfully after 6159.57 milliseconds"}
{"level":"INFO","message":"[5:37:00.805 PM]: Creating new connection object"}
{"level":"INFO","message":"[5:37:00.833 PM]: Creating Connection[id: 909e6677-2c1a-4311-8e9b-89c2cb331106] with host: QCQMHWR-UUC00658.snowflakecomputing.com, account: QCQMHWR-UUC00658, accessUrl: https://QCQMHWR-UUC00658.snowflakecomputing.com, user: JONAEDD08, role: undefined, database: WORLD_BANK_DB, schema: MACROECONOMICS, warehouse: COMPUTE_WH, proxy was not configured, password is provided, region: undefined, authenticator: SNOWFLAKE, ocsp mode: FAIL_OPEN, os: win32, os version: 10.0.26200"}
{"level":"INFO","message":"[5:37:00.834 PM]: Connection[id: 909e6677-2c1a-4311-8e9b-89c2cb331106] additional details: passcode in password is provided, passcode is not provided, private key is not provided, application: undefined, client name: snowflake-sdk, client version: 2.4.0, retry timeout: 300, private key path: undefined, private key pass is not provided, client store temporary credential: false, browser response timeout: 120000"}
{"level":"INFO","message":"[5:37:00.834 PM]: Connection[id: 909e6677-2c1a-4311-8e9b-89c2cb331106] - connection object created successfully."}
{"level":"INFO","message":"[5:37:00.834 PM]: Connection[id: 909e6677-2c1a-4311-8e9b-89c2cb331106] - async connecting. Associated Snowflake domain: GLOBAL"}
{"level":"INFO","message":"[5:37:00.835 PM]: Trying to initialize Easy Logging"}
{"level":"INFO","message":"[5:37:00.847 PM]: No client config detected."}
{"level":"INFO","message":"[5:37:00.848 PM]: No config file path found. Client config will not be used."}
{"level":"INFO","message":"[5:37:00.848 PM]: Easy Logging is disabled as no config has been found"}
{"level":"INFO","message":"[5:37:00.848 PM]: Connection[id: 909e6677-2c1a-4311-8e9b-89c2cb331106] - authentication successful using: SNOWFLAKE"}
{"level":"INFO","message":"[5:37:02.958 PM]: Connection[id: 909e6677-2c1a-4311-8e9b-89c2cb331106] - connection established successfully after 2123.88 milliseconds"}
{"level":"INFO","message":"[5:37:09.621 PM]: Creating new connection object"}
{"level":"INFO","message":"[5:37:09.640 PM]: Creating Connection[id: f13834e6-fe99-42ef-b1e8-7e6b50552522] with host: QCQMHWR-UUC00658.snowflakecomputing.com, account: QCQMHWR-UUC00658, accessUrl: https://QCQMHWR-UUC00658.snowflakecomputing.com, user: JONAEDD08, role: undefined, database: WORLD_BANK_DB, schema: MACROECONOMICS, warehouse: COMPUTE_WH, proxy was not configured, password is provided, region: undefined, authenticator: SNOWFLAKE, ocsp mode: FAIL_OPEN, os: win32, os version: 10.0.26200"}
{"level":"INFO","message":"[5:37:09.640 PM]: Connection[id: f13834e6-fe99-42ef-b1e8-7e6b50552522] additional details: passcode in password is provided, passcode is not provided, private key is not provided, application: undefined, client name: snowflake-sdk, client version: 2.4.0, retry timeout: 300, private key path: undefined, private key pass is not provided, client store temporary credential: false, browser response timeout: 120000"}
{"level":"INFO","message":"[5:37:09.641 PM]: Connection[id: f13834e6-fe99-42ef-b1e8-7e6b50552522] - connection object created successfully."}
{"level":"INFO","message":"[5:37:09.641 PM]: Connection[id: f13834e6-fe99-42ef-b1e8-7e6b50552522] - async connecting. Associated Snowflake domain: GLOBAL"}
{"level":"INFO","message":"[5:37:09.642 PM]: Trying to initialize Easy Logging"}
{"level":"INFO","message":"[5:37:09.649 PM]: No client config detected."}
{"level":"INFO","message":"[5:37:09.649 PM]: No config file path found. Client config will not be used."}
{"level":"INFO","message":"[5:37:09.650 PM]: Easy Logging is disabled as no config has been found"}
{"level":"INFO","message":"[5:37:09.650 PM]: Connection[id: f13834e6-fe99-42ef-b1e8-7e6b50552522] - authentication successful using: SNOWFLAKE"}
{"level":"INFO","message":"[5:37:10.905 PM]: Connection[id: f13834e6-fe99-42ef-b1e8-7e6b50552522] - connection established successfully after 1264.09 milliseconds"}
{"level":"INFO","message":"[5:37:16.906 PM]: Creating new connection object"}
{"level":"INFO","message":"[5:37:16.926 PM]: Creating Connection[id: 056432d5-1464-411d-ac34-552b38701947] with host: QCQMHWR-UUC00658.snowflakecomputing.com, account: QCQMHWR-UUC00658, accessUrl: https://QCQMHWR-UUC00658.snowflakecomputing.com, user: JONAEDD08, role: undefined, database: WORLD_BANK_DB, schema: MACROECONOMICS, warehouse: COMPUTE_WH, proxy was not configured, password is provided, region: undefined, authenticator: SNOWFLAKE, ocsp mode: FAIL_OPEN, os: win32, os version: 10.0.26200"}
{"level":"INFO","message":"[5:37:16.926 PM]: Connection[id: 056432d5-1464-411d-ac34-552b38701947] additional details: passcode in password is provided, passcode is not provided, private key is not provided, application: undefined, client name: snowflake-sdk, client version: 2.4.0, retry timeout: 300, private key path: undefined, private key pass is not provided, client store temporary credential: false, browser response timeout: 120000"}
{"level":"INFO","message":"[5:37:16.927 PM]: Connection[id: 056432d5-1464-411d-ac34-552b38701947] - connection object created successfully."}
{"level":"INFO","message":"[5:37:16.927 PM]: Connection[id: 056432d5-1464-411d-ac34-552b38701947] - async connecting. Associated Snowflake domain: GLOBAL"}
{"level":"INFO","message":"[5:37:16.928 PM]: Trying to initialize Easy Logging"}
{"level":"INFO","message":"[5:37:16.936 PM]: No client config detected."}
{"level":"INFO","message":"[5:37:16.937 PM]: No config file path found. Client config will not be used."}
{"level":"INFO","message":"[5:37:16.937 PM]: Easy Logging is disabled as no config has been found"}
{"level":"INFO","message":"[5:37:16.938 PM]: Connection[id: 056432d5-1464-411d-ac34-552b38701947] - authentication successful using: SNOWFLAKE"}
{"level":"INFO","message":"[5:37:18.280 PM]: Connection[id: 056432d5-1464-411d-ac34-552b38701947] - connection established successfully after 1353.12 milliseconds"}
{"level":"INFO","message":"[5:37:20.396 PM]: Creating new connection object"}
{"level":"INFO","message":"[5:37:20.415 PM]: Creating Connection[id: c060597c-8a28-4b34-a608-da880fd13e91] with host: QCQMHWR-UUC00658.snowflakecomputing.com, account: QCQMHWR-UUC00658, accessUrl: https://QCQMHWR-UUC00658.snowflakecomputing.com, user: JONAEDD08, role: undefined, database: WORLD_BANK_DB, schema: MACROECONOMICS, warehouse: COMPUTE_WH, proxy was not configured, password is provided, region: undefined, authenticator: SNOWFLAKE, ocsp mode: FAIL_OPEN, os: win32, os version: 10.0.26200"}
{"level":"INFO","message":"[5:37:20.416 PM]: Connection[id: c060597c-8a28-4b34-a608-da880fd13e91] additional details: passcode in password is provided, passcode is not provided, private key is not provided, application: undefined, client name: snowflake-sdk, client version: 2.4.0, retry timeout: 300, private key path: undefined, private key pass is not provided, client store temporary credential: false, browser response timeout: 120000"}
{"level":"INFO","message":"[5:37:20.416 PM]: Connection[id: c060597c-8a28-4b34-a608-da880fd13e91] - connection object created successfully."}
{"level":"INFO","message":"[5:37:20.417 PM]: Connection[id: c060597c-8a28-4b34-a608-da880fd13e91] - async connecting. Associated Snowflake domain: GLOBAL"}
{"level":"INFO","message":"[5:37:20.417 PM]: Trying to initialize Easy Logging"}
{"level":"INFO","message":"[5:37:20.427 PM]: No client config detected."}
{"level":"INFO","message":"[5:37:20.427 PM]: No config file path found. Client config will not be used."}
{"level":"INFO","message":"[5:37:20.427 PM]: Easy Logging is disabled as no config has been found"}
{"level":"INFO","message":"[5:37:20.428 PM]: Connection[id: c060597c-8a28-4b34-a608-da880fd13e91] - authentication successful using: SNOWFLAKE"}
{"level":"INFO","message":"[5:37:21.652 PM]: Connection[id: c060597c-8a28-4b34-a608-da880fd13e91] - connection established successfully after 1235.44 milliseconds"}
{"level":"INFO","message":"[5:37:24.390 PM]: Creating new connection object"}
{"level":"INFO","message":"[5:37:24.411 PM]: Creating Connection[id: 79e35835-b5cf-4d71-8037-2aef124ad9f2] with host: QCQMHWR-UUC00658.snowflakecomputing.com, account: QCQMHWR-UUC00658, accessUrl: https://QCQMHWR-UUC00658.snowflakecomputing.com, user: JONAEDD08, role: undefined, database: WORLD_BANK_DB, schema: MACROECONOMICS, warehouse: COMPUTE_WH, proxy was not configured, password is provided, region: undefined, authenticator: SNOWFLAKE, ocsp mode: FAIL_OPEN, os: win32, os version: 10.0.26200"}
{"level":"INFO","message":"[5:37:24.412 PM]: Connection[id: 79e35835-b5cf-4d71-8037-2aef124ad9f2] additional details: passcode in password is provided, passcode is not provided, private key is not provided, application: undefined, client name: snowflake-sdk, client version: 2.4.0, retry timeout: 300, private key path: undefined, private key pass is not provided, client store temporary credential: false, browser response timeout: 120000"}
{"level":"INFO","message":"[5:37:24.412 PM]: Connection[id: 79e35835-b5cf-4d71-8037-2aef124ad9f2] - connection object created successfully."}
{"level":"INFO","message":"[5:37:24.413 PM]: Connection[id: 79e35835-b5cf-4d71-8037-2aef124ad9f2] - async connecting. Associated Snowflake domain: GLOBAL"}
{"level":"INFO","message":"[5:37:24.414 PM]: Trying to initialize Easy Logging"}
{"level":"INFO","message":"[5:37:24.424 PM]: No client config detected."}
{"level":"INFO","message":"[5:37:24.424 PM]: No config file path found. Client config will not be used."}
{"level":"INFO","message":"[5:37:24.425 PM]: Easy Logging is disabled as no config has been found"}
{"level":"INFO","message":"[5:37:24.425 PM]: Connection[id: 79e35835-b5cf-4d71-8037-2aef124ad9f2] - authentication successful using: SNOWFLAKE"}
{"level":"INFO","message":"[5:37:25.024 PM]: Connection[id: 79e35835-b5cf-4d71-8037-2aef124ad9f2] - connection established successfully after 611.07 milliseconds"}
{"level":"INFO","message":"[5:41:55.562 PM]: Creating new connection object"}
{"level":"INFO","message":"[5:41:55.600 PM]: Creating Connection[id: b067f760-c17e-498a-8899-579a56e6b2b5] with host: QCQMHWR-UUC00658.snowflakecomputing.com, account: QCQMHWR-UUC00658, accessUrl: https://QCQMHWR-UUC00658.snowflakecomputing.com, user: JONAEDD08, role: undefined, database: WORLD_BANK_DB, schema: MACROECONOMICS, warehouse: COMPUTE_WH, proxy was not configured, password is provided, region: undefined, authenticator: SNOWFLAKE, ocsp mode: FAIL_OPEN, os: win32, os version: 10.0.26200"}
{"level":"INFO","message":"[5:41:55.601 PM]: Connection[id: b067f760-c17e-498a-8899-579a56e6b2b5] additional details: passcode in password is provided, passcode is not provided, private key is not provided, application: undefined, client name: snowflake-sdk, client version: 2.4.0, retry timeout: 300, private key path: undefined, private key pass is not provided, client store temporary credential: false, browser response timeout: 120000"}
{"level":"INFO","message":"[5:41:55.602 PM]: Connection[id: b067f760-c17e-498a-8899-579a56e6b2b5] - connection object created successfully."}
{"level":"INFO","message":"[5:41:55.603 PM]: Connection[id: b067f760-c17e-498a-8899-579a56e6b2b5] - async connecting. Associated Snowflake domain: GLOBAL"}
{"level":"INFO","message":"[5:41:55.603 PM]: Trying to initialize Easy Logging"}
{"level":"INFO","message":"[5:41:55.615 PM]: No client config detected."}
{"level":"INFO","message":"[5:41:55.615 PM]: No config file path found. Client config will not be used."}
{"level":"INFO","message":"[5:41:55.616 PM]: Easy Logging is disabled as no config has been found"}
{"level":"INFO","message":"[5:41:55.617 PM]: Connection[id: b067f760-c17e-498a-8899-579a56e6b2b5] - authentication successful using: SNOWFLAKE"}
{"level":"INFO","message":"[5:42:01.763 PM]: Connection[id: b067f760-c17e-498a-8899-579a56e6b2b5] - connection established successfully after 6160.28 milliseconds"}
{"level":"INFO","message":"[5:42:03.515 PM]: Creating new connection object"}
{"level":"INFO","message":"[5:42:03.536 PM]: Creating Connection[id: 54e2a741-0e2d-45a4-b4e7-2c7392562d15] with host: QCQMHWR-UUC00658.snowflakecomputing.com, account: QCQMHWR-UUC00658, accessUrl: https://QCQMHWR-UUC00658.snowflakecomputing.com, user: JONAEDD08, role: undefined, database: WORLD_BANK_DB, schema: MACROECONOMICS, warehouse: COMPUTE_WH, proxy was not configured, password is provided, region: undefined, authenticator: SNOWFLAKE, ocsp mode: FAIL_OPEN, os: win32, os version: 10.0.26200"}
{"level":"INFO","message":"[5:42:03.537 PM]: Connection[id: 54e2a741-0e2d-45a4-b4e7-2c7392562d15] additional details: passcode in password is provided, passcode is not provided, private key is not provided, application: undefined, client name: snowflake-sdk, client version: 2.4.0, retry timeout: 300, private key path: undefined, private key pass is not provided, client store temporary credential: false, browser response timeout: 120000"}
{"level":"INFO","message":"[5:42:03.539 PM]: Connection[id: 54e2a741-0e2d-45a4-b4e7-2c7392562d15] - connection object created successfully."}
{"level":"INFO","message":"[5:42:03.541 PM]: Connection[id: 54e2a741-0e2d-45a4-b4e7-2c7392562d15] - async connecting. Associated Snowflake domain: GLOBAL"}
{"level":"INFO","message":"[5:42:03.543 PM]: Trying to initialize Easy Logging"}
{"level":"INFO","message":"[5:42:03.560 PM]: No client config detected."}
{"level":"INFO","message":"[5:42:03.561 PM]: No config file path found. Client config will not be used."}
{"level":"INFO","message":"[5:42:03.561 PM]: Easy Logging is disabled as no config has been found"}
{"level":"INFO","message":"[5:42:03.561 PM]: Connection[id: 54e2a741-0e2d-45a4-b4e7-2c7392562d15] - authentication successful using: SNOWFLAKE"}
{"level":"INFO","message":"[5:42:04.842 PM]: Connection[id: 54e2a741-0e2d-45a4-b4e7-2c7392562d15] - connection established successfully after 1301.18 milliseconds"}
{"level":"INFO","message":"[5:42:06.836 PM]: Creating new connection object"}
{"level":"INFO","message":"[5:42:06.854 PM]: Creating Connection[id: 08ce7f1f-1689-4c7c-94a2-1721bc653d58] with host: QCQMHWR-UUC00658.snowflakecomputing.com, account: QCQMHWR-UUC00658, accessUrl: https://QCQMHWR-UUC00658.snowflakecomputing.com, user: JONAEDD08, role: undefined, database: WORLD_BANK_DB, schema: MACROECONOMICS, warehouse: COMPUTE_WH, proxy was not configured, password is provided, region: undefined, authenticator: SNOWFLAKE, ocsp mode: FAIL_OPEN, os: win32, os version: 10.0.26200"}
{"level":"INFO","message":"[5:42:06.855 PM]: Connection[id: 08ce7f1f-1689-4c7c-94a2-1721bc653d58] additional details: passcode in password is provided, passcode is not provided, private key is not provided, application: undefined, client name: snowflake-sdk, client version: 2.4.0, retry timeout: 300, private key path: undefined, private key pass is not provided, client store temporary credential: false, browser response timeout: 120000"}
{"level":"INFO","message":"[5:42:06.855 PM]: Connection[id: 08ce7f1f-1689-4c7c-94a2-1721bc653d58] - connection object created successfully."}
{"level":"INFO","message":"[5:42:06.856 PM]: Connection[id: 08ce7f1f-1689-4c7c-94a2-1721bc653d58] - async connecting. Associated Snowflake domain: GLOBAL"}
{"level":"INFO","message":"[5:42:06.856 PM]: Trying to initialize Easy Logging"}
{"level":"INFO","message":"[5:42:06.864 PM]: No client config detected."}
{"level":"INFO","message":"[5:42:06.865 PM]: No config file path found. Client config will not be used."}
{"level":"INFO","message":"[5:42:06.865 PM]: Easy Logging is disabled as no config has been found"}
{"level":"INFO","message":"[5:42:06.865 PM]: Connection[id: 08ce7f1f-1689-4c7c-94a2-1721bc653d58] - authentication successful using: SNOWFLAKE"}
{"level":"INFO","message":"[5:42:07.386 PM]: Connection[id: 08ce7f1f-1689-4c7c-94a2-1721bc653d58] - connection established successfully after 529.79 milliseconds"}
{"level":"INFO","message":"[5:42:13.632 PM]: Creating new connection object"}
{"level":"INFO","message":"[5:42:13.650 PM]: Creating Connection[id: f704c5d5-ef3c-4e36-aafb-d82d7fdd3d3c] with host: QCQMHWR-UUC00658.snowflakecomputing.com, account: QCQMHWR-UUC00658, accessUrl: https://QCQMHWR-UUC00658.snowflakecomputing.com, user: JONAEDD08, role: undefined, database: WORLD_BANK_DB, schema: MACROECONOMICS, warehouse: COMPUTE_WH, proxy was not configured, password is provided, region: undefined, authenticator: SNOWFLAKE, ocsp mode: FAIL_OPEN, os: win32, os version: 10.0.26200"}
{"level":"INFO","message":"[5:42:13.651 PM]: Connection[id: f704c5d5-ef3c-4e36-aafb-d82d7fdd3d3c] additional details: passcode in password is provided, passcode is not provided, private key is not provided, application: undefined, client name: snowflake-sdk, client version: 2.4.0, retry timeout: 300, private key path: undefined, private key pass is not provided, client store temporary credential: false, browser response timeout: 120000"}
{"level":"INFO","message":"[5:42:13.651 PM]: Connection[id: f704c5d5-ef3c-4e36-aafb-d82d7fdd3d3c] - connection object created successfully."}
{"level":"INFO","message":"[5:42:13.652 PM]: Connection[id: f704c5d5-ef3c-4e36-aafb-d82d7fdd3d3c] - async connecting. Associated Snowflake domain: GLOBAL"}
{"level":"INFO","message":"[5:42:13.652 PM]: Trying to initialize Easy Logging"}
{"level":"INFO","message":"[5:42:13.660 PM]: No client config detected."}
{"level":"INFO","message":"[5:42:13.660 PM]: No config file path found. Client config will not be used."}
{"level":"INFO","message":"[5:42:13.661 PM]: Easy Logging is disabled as no config has been found"}
{"level":"INFO","message":"[5:42:13.661 PM]: Connection[id: f704c5d5-ef3c-4e36-aafb-d82d7fdd3d3c] - authentication successful using: SNOWFLAKE"}
{"level":"INFO","message":"[5:42:14.840 PM]: Connection[id: f704c5d5-ef3c-4e36-aafb-d82d7fdd3d3c] - connection established successfully after 1188.12 milliseconds"}
{"level":"INFO","message":"[5:42:22.102 PM]: Creating new connection object"}
{"level":"INFO","message":"[5:42:22.121 PM]: Creating Connection[id: 06c6ec2c-fb86-434e-b314-56911c107d08] with host: QCQMHWR-UUC00658.snowflakecomputing.com, account: QCQMHWR-UUC00658, accessUrl: https://QCQMHWR-UUC00658.snowflakecomputing.com, user: JONAEDD08, role: undefined, database: WORLD_BANK_DB, schema: MACROECONOMICS, warehouse: COMPUTE_WH, proxy was not configured, password is provided, region: undefined, authenticator: SNOWFLAKE, ocsp mode: FAIL_OPEN, os: win32, os version: 10.0.26200"}
{"level":"INFO","message":"[5:42:22.121 PM]: Connection[id: 06c6ec2c-fb86-434e-b314-56911c107d08] additional details: passcode in password is provided, passcode is not provided, private key is not provided, application: undefined, client name: snowflake-sdk, client version: 2.4.0, retry timeout: 300, private key path: undefined, private key pass is not provided, client store temporary credential: false, browser response timeout: 120000"}
{"level":"INFO","message":"[5:42:22.122 PM]: Connection[id: 06c6ec2c-fb86-434e-b314-56911c107d08] - connection object created successfully."}
{"level":"INFO","message":"[5:42:22.123 PM]: Connection[id: 06c6ec2c-fb86-434e-b314-56911c107d08] - async connecting. Associated Snowflake domain: GLOBAL"}
{"level":"INFO","message":"[5:42:22.123 PM]: Trying to initialize Easy Logging"}
{"level":"INFO","message":"[5:42:22.133 PM]: No client config detected."}
{"level":"INFO","message":"[5:42:22.133 PM]: No config file path found. Client config will not be used."}
{"level":"INFO","message":"[5:42:22.133 PM]: Easy Logging is disabled as no config has been found"}
{"level":"INFO","message":"[5:42:22.134 PM]: Connection[id: 06c6ec2c-fb86-434e-b314-56911c107d08] - authentication successful using: SNOWFLAKE"}
{"level":"INFO","message":"[5:42:22.655 PM]: Connection[id: 06c6ec2c-fb86-434e-b314-56911c107d08] - connection established successfully after 532.35 milliseconds"}
{"level":"INFO","message":"[5:42:35.755 PM]: Creating new connection object"}
{"level":"INFO","message":"[5:42:35.780 PM]: Creating Connection[id: 3167e063-95d3-4ca7-9579-e4831f8fecc5] with host: QCQMHWR-UUC00658.snowflakecomputing.com, account: QCQMHWR-UUC00658, accessUrl: https://QCQMHWR-UUC00658.snowflakecomputing.com, user: JONAEDD08, role: undefined, database: WORLD_BANK_DB, schema: MACROECONOMICS, warehouse: COMPUTE_WH, proxy was not configured, password is provided, region: undefined, authenticator: SNOWFLAKE, ocsp mode: FAIL_OPEN, os: win32, os version: 10.0.26200"}
{"level":"INFO","message":"[5:42:35.781 PM]: Connection[id: 3167e063-95d3-4ca7-9579-e4831f8fecc5] additional details: passcode in password is provided, passcode is not provided, private key is not provided, application: undefined, client name: snowflake-sdk, client version: 2.4.0, retry timeout: 300, private key path: undefined, private key pass is not provided, client store temporary credential: false, browser response timeout: 120000"}
{"level":"INFO","message":"[5:42:35.783 PM]: Connection[id: 3167e063-95d3-4ca7-9579-e4831f8fecc5] - connection object created successfully."}
{"level":"INFO","message":"[5:42:35.785 PM]: Connection[id: 3167e063-95d3-4ca7-9579-e4831f8fecc5] - async connecting. Associated Snowflake domain: GLOBAL"}
{"level":"INFO","message":"[5:42:35.785 PM]: Trying to initialize Easy Logging"}
{"level":"INFO","message":"[5:42:35.807 PM]: No client config detected."}
{"level":"INFO","message":"[5:42:35.810 PM]: No config file path found. Client config will not be used."}
{"level":"INFO","message":"[5:42:35.812 PM]: Easy Logging is disabled as no config has been found"}
{"level":"INFO","message":"[5:42:35.814 PM]: Connection[id: 3167e063-95d3-4ca7-9579-e4831f8fecc5] - authentication successful using: SNOWFLAKE"}
{"level":"INFO","message":"[5:42:37.552 PM]: Creating new connection object"}
{"level":"INFO","message":"[5:42:37.571 PM]: Creating Connection[id: d3a591f4-41da-4733-8f82-06c2a2c9a815] with host: QCQMHWR-UUC00658.snowflakecomputing.com, account: QCQMHWR-UUC00658, accessUrl: https://QCQMHWR-UUC00658.snowflakecomputing.com, user: JONAEDD08, role: undefined, database: WORLD_BANK_DB, schema: MACROECONOMICS, warehouse: COMPUTE_WH, proxy was not configured, password is provided, region: undefined, authenticator: SNOWFLAKE, ocsp mode: FAIL_OPEN, os: win32, os version: 10.0.26200"}
{"level":"INFO","message":"[5:42:37.571 PM]: Connection[id: d3a591f4-41da-4733-8f82-06c2a2c9a815] additional details: passcode in password is provided, passcode is not provided, private key is not provided, application: undefined, client name: snowflake-sdk, client version: 2.4.0, retry timeout: 300, private key path: undefined, private key pass is not provided, client store temporary credential: false, browser response timeout: 120000"}
{"level":"INFO","message":"[5:42:37.571 PM]: Connection[id: d3a591f4-41da-4733-8f82-06c2a2c9a815] - connection object created successfully."}
{"level":"INFO","message":"[5:42:37.572 PM]: Connection[id: d3a591f4-41da-4733-8f82-06c2a2c9a815] - async connecting. Associated Snowflake domain: GLOBAL"}
{"level":"INFO","message":"[5:42:37.573 PM]: Trying to initialize Easy Logging"}
{"level":"INFO","message":"[5:42:37.580 PM]: No client config detected."}
{"level":"INFO","message":"[5:42:37.580 PM]: No config file path found. Client config will not be used."}
{"level":"INFO","message":"[5:42:37.581 PM]: Easy Logging is disabled as no config has been found"}
{"level":"INFO","message":"[5:42:37.581 PM]: Connection[id: d3a591f4-41da-4733-8f82-06c2a2c9a815] - authentication successful using: SNOWFLAKE"}
{"level":"INFO","message":"[5:42:38.801 PM]: Connection[id: d3a591f4-41da-4733-8f82-06c2a2c9a815] - connection established successfully after 1228.95 milliseconds"}
{"level":"INFO","message":"[5:42:49.628 PM]: Creating new connection object"}
{"level":"INFO","message":"[5:42:49.647 PM]: Creating Connection[id: b4137c98-613c-40fe-a8d1-0f47efedad78] with host: QCQMHWR-UUC00658.snowflakecomputing.com, account: QCQMHWR-UUC00658, accessUrl: https://QCQMHWR-UUC00658.snowflakecomputing.com, user: JONAEDD08, role: undefined, database: WORLD_BANK_DB, schema: MACROECONOMICS, warehouse: COMPUTE_WH, proxy was not configured, password is provided, region: undefined, authenticator: SNOWFLAKE, ocsp mode: FAIL_OPEN, os: win32, os version: 10.0.26200"}
{"level":"INFO","message":"[5:42:49.647 PM]: Connection[id: b4137c98-613c-40fe-a8d1-0f47efedad78] additional details: passcode in password is provided, passcode is not provided, private key is not provided, application: undefined, client name: snowflake-sdk, client version: 2.4.0, retry timeout: 300, private key path: undefined, private key pass is not provided, client store temporary credential: false, browser response timeout: 120000"}
{"level":"INFO","message":"[5:42:49.648 PM]: Connection[id: b4137c98-613c-40fe-a8d1-0f47efedad78] - connection object created successfully."}
{"level":"INFO","message":"[5:42:49.649 PM]: Connection[id: b4137c98-613c-40fe-a8d1-0f47efedad78] - async connecting. Associated Snowflake domain: GLOBAL"}
{"level":"INFO","message":"[5:42:49.649 PM]: Trying to initialize Easy Logging"}
{"level":"INFO","message":"[5:42:49.657 PM]: No client config detected."}
{"level":"INFO","message":"[5:42:49.658 PM]: No config file path found. Client config will not be used."}
{"level":"INFO","message":"[5:42:49.658 PM]: Easy Logging is disabled as no config has been found"}
{"level":"INFO","message":"[5:42:49.658 PM]: Connection[id: b4137c98-613c-40fe-a8d1-0f47efedad78] - authentication successful using: SNOWFLAKE"}
{"level":"INFO","message":"[5:42:50.903 PM]: Connection[id: b4137c98-613c-40fe-a8d1-0f47efedad78] - connection established successfully after 1254.66 milliseconds"}
{"level":"INFO","message":"[5:42:56.411 PM]: Creating new connection object"}
{"level":"INFO","message":"[5:42:56.436 PM]: Creating Connection[id: 66ade32b-94bd-4879-bd14-8244ae8d6588] with host: QCQMHWR-UUC00658.snowflakecomputing.com, account: QCQMHWR-UUC00658, accessUrl: https://QCQMHWR-UUC00658.snowflakecomputing.com, user: JONAEDD08, role: undefined, database: WORLD_BANK_DB, schema: MACROECONOMICS, warehouse: COMPUTE_WH, proxy was not configured, password is provided, region: undefined, authenticator: SNOWFLAKE, ocsp mode: FAIL_OPEN, os: win32, os version: 10.0.26200"}
{"level":"INFO","message":"[5:42:56.437 PM]: Connection[id: 66ade32b-94bd-4879-bd14-8244ae8d6588] additional details: passcode in password is provided, passcode is not provided, private key is not provided, application: undefined, client name: snowflake-sdk, client version: 2.4.0, retry timeout: 300, private key path: undefined, private key pass is not provided, client store temporary credential: false, browser response timeout: 120000"}
{"level":"INFO","message":"[5:42:56.438 PM]: Connection[id: 66ade32b-94bd-4879-bd14-8244ae8d6588] - connection object created successfully."}
{"level":"INFO","message":"[5:42:56.439 PM]: Connection[id: 66ade32b-94bd-4879-bd14-8244ae8d6588] - async connecting. Associated Snowflake domain: GLOBAL"}
{"level":"INFO","message":"[5:42:56.439 PM]: Trying to initialize Easy Logging"}
{"level":"INFO","message":"[5:42:56.450 PM]: No client config detected."}
{"level":"INFO","message":"[5:42:56.451 PM]: No config file path found. Client config will not be used."}
{"level":"INFO","message":"[5:42:56.451 PM]: Easy Logging is disabled as no config has been found"}
{"level":"INFO","message":"[5:42:56.451 PM]: Connection[id: 66ade32b-94bd-4879-bd14-8244ae8d6588] - authentication successful using: SNOWFLAKE"}
{"level":"INFO","message":"[5:42:56.940 PM]: Connection[id: 66ade32b-94bd-4879-bd14-8244ae8d6588] - connection established successfully after 501.09 milliseconds"}
{"level":"INFO","message":"[6:45:36.403 PM]: Creating new connection object"}
{"level":"INFO","message":"[6:45:36.442 PM]: Creating Connection[id: eee608cc-c97e-4a8d-8841-bf742e3ced93] with host: QCQMHWR-UUC00658.snowflakecomputing.com, account: QCQMHWR-UUC00658, accessUrl: https://QCQMHWR-UUC00658.snowflakecomputing.com, user: JONAEDD08, role: undefined, database: WORLD_BANK_DB, schema: MACROECONOMICS, warehouse: COMPUTE_WH, proxy was not configured, password is provided, region: undefined, authenticator: SNOWFLAKE, ocsp mode: FAIL_OPEN, os: win32, os version: 10.0.26200"}
{"level":"INFO","message":"[6:45:36.443 PM]: Connection[id: eee608cc-c97e-4a8d-8841-bf742e3ced93] additional details: passcode in password is provided, passcode is not provided, private key is not provided, application: undefined, client name: snowflake-sdk, client version: 2.4.0, retry timeout: 300, private key path: undefined, private key pass is not provided, client store temporary credential: false, browser response timeout: 120000"}
{"level":"INFO","message":"[6:45:36.444 PM]: Connection[id: eee608cc-c97e-4a8d-8841-bf742e3ced93] - connection object created successfully."}
{"level":"INFO","message":"[6:45:36.445 PM]: Connection[id: eee608cc-c97e-4a8d-8841-bf742e3ced93] - async connecting. Associated Snowflake domain: GLOBAL"}
{"level":"INFO","message":"[6:45:36.446 PM]: Trying to initialize Easy Logging"}
{"level":"INFO","message":"[6:45:36.467 PM]: No client config detected."}
{"level":"INFO","message":"[6:45:36.468 PM]: No config file path found. Client config will not be used."}
{"level":"INFO","message":"[6:45:36.468 PM]: Easy Logging is disabled as no config has been found"}
{"level":"INFO","message":"[6:45:36.470 PM]: Connection[id: eee608cc-c97e-4a8d-8841-bf742e3ced93] - authentication successful using: SNOWFLAKE"}
{"level":"INFO","message":"[6:45:38.398 PM]: Creating new connection object"}
{"level":"INFO","message":"[6:45:38.424 PM]: Creating Connection[id: 37889ce8-5bf3-4ccc-816b-0ebf10ef696f] with host: QCQMHWR-UUC00658.snowflakecomputing.com, account: QCQMHWR-UUC00658, accessUrl: https://QCQMHWR-UUC00658.snowflakecomputing.com, user: JONAEDD08, role: undefined, database: WORLD_BANK_DB, schema: MACROECONOMICS, warehouse: COMPUTE_WH, proxy was not configured, password is provided, region: undefined, authenticator: SNOWFLAKE, ocsp mode: FAIL_OPEN, os: win32, os version: 10.0.26200"}
{"level":"INFO","message":"[6:45:38.425 PM]: Connection[id: 37889ce8-5bf3-4ccc-816b-0ebf10ef696f] additional details: passcode in password is provided, passcode is not provided, private key is not provided, application: undefined, client name: snowflake-sdk, client version: 2.4.0, retry timeout: 300, private key path: undefined, private key pass is not provided, client store temporary credential: false, browser response timeout: 120000"}
{"level":"INFO","message":"[6:45:38.426 PM]: Connection[id: 37889ce8-5bf3-4ccc-816b-0ebf10ef696f] - connection object created successfully."}
{"level":"INFO","message":"[6:45:38.428 PM]: Connection[id: 37889ce8-5bf3-4ccc-816b-0ebf10ef696f] - async connecting. Associated Snowflake domain: GLOBAL"}
{"level":"INFO","message":"[6:45:38.431 PM]: Trying to initialize Easy Logging"}
{"level":"INFO","message":"[6:45:38.445 PM]: No client config detected."}
{"level":"INFO","message":"[6:45:38.446 PM]: No config file path found. Client config will not be used."}
{"level":"INFO","message":"[6:45:38.446 PM]: Easy Logging is disabled as no config has been found"}
{"level":"INFO","message":"[6:45:38.446 PM]: Connection[id: 37889ce8-5bf3-4ccc-816b-0ebf10ef696f] - authentication successful using: SNOWFLAKE"}
{"level":"INFO","message":"[6:45:39.892 PM]: Connection[id: 37889ce8-5bf3-4ccc-816b-0ebf10ef696f] - connection established successfully after 1464.03 milliseconds"}
{"level":"INFO","message":"[6:45:46.374 PM]: Creating new connection object"}
{"level":"INFO","message":"[6:45:46.396 PM]: Creating Connection[id: 5d19a95f-0ba2-4269-901f-f089f8fd830c] with host: QCQMHWR-UUC00658.snowflakecomputing.com, account: QCQMHWR-UUC00658, accessUrl: https://QCQMHWR-UUC00658.snowflakecomputing.com, user: JONAEDD08, role: undefined, database: WORLD_BANK_DB, schema: MACROECONOMICS, warehouse: COMPUTE_WH, proxy was not configured, password is provided, region: undefined, authenticator: SNOWFLAKE, ocsp mode: FAIL_OPEN, os: win32, os version: 10.0.26200"}
{"level":"INFO","message":"[6:45:46.396 PM]: Connection[id: 5d19a95f-0ba2-4269-901f-f089f8fd830c] additional details: passcode in password is provided, passcode is not provided, private key is not provided, application: undefined, client name: snowflake-sdk, client version: 2.4.0, retry timeout: 300, private key path: undefined, private key pass is not provided, client store temporary credential: false, browser response timeout: 120000"}
{"level":"INFO","message":"[6:45:46.397 PM]: Connection[id: 5d19a95f-0ba2-4269-901f-f089f8fd830c] - connection object created successfully."}
{"level":"INFO","message":"[6:45:46.398 PM]: Connection[id: 5d19a95f-0ba2-4269-901f-f089f8fd830c] - async connecting. Associated Snowflake domain: GLOBAL"}
{"level":"INFO","message":"[6:45:46.398 PM]: Trying to initialize Easy Logging"}
{"level":"INFO","message":"[6:45:46.407 PM]: No client config detected."}
{"level":"INFO","message":"[6:45:46.408 PM]: No config file path found. Client config will not be used."}
{"level":"INFO","message":"[6:45:46.409 PM]: Easy Logging is disabled as no config has been found"}
{"level":"INFO","message":"[6:45:46.409 PM]: Connection[id: 5d19a95f-0ba2-4269-901f-f089f8fd830c] - authentication successful using: SNOWFLAKE"}
{"level":"INFO","message":"[6:45:47.768 PM]: Connection[id: 5d19a95f-0ba2-4269-901f-f089f8fd830c] - connection established successfully after 1370.35 milliseconds"}
{"level":"INFO","message":"[6:58:23.972 PM]: Creating new connection object"}
{"level":"INFO","message":"[6:58:23.998 PM]: Creating Connection[id: a293e11a-edb9-4bfe-8164-c8fa065ef890] with host: QCQMHWR-UUC00658.snowflakecomputing.com, account: QCQMHWR-UUC00658, accessUrl: https://QCQMHWR-UUC00658.snowflakecomputing.com, user: JONAEDD08, role: undefined, database: WORLD_BANK_DB, schema: MACROECONOMICS, warehouse: COMPUTE_WH, proxy was not configured, password is provided, region: undefined, authenticator: SNOWFLAKE, ocsp mode: FAIL_OPEN, os: win32, os version: 10.0.26200"}
{"level":"INFO","message":"[6:58:23.998 PM]: Connection[id: a293e11a-edb9-4bfe-8164-c8fa065ef890] additional details: passcode in password is provided, passcode is not provided, private key is not provided, application: undefined, client name: snowflake-sdk, client version: 2.4.0, retry timeout: 300, private key path: undefined, private key pass is not provided, client store temporary credential: false, browser response timeout: 120000"}
{"level":"INFO","message":"[6:58:23.999 PM]: Connection[id: a293e11a-edb9-4bfe-8164-c8fa065ef890] - connection object created successfully."}
{"level":"INFO","message":"[6:58:23.999 PM]: Connection[id: a293e11a-edb9-4bfe-8164-c8fa065ef890] - async connecting. Associated Snowflake domain: GLOBAL"}
{"level":"INFO","message":"[6:58:24.000 PM]: Trying to initialize Easy Logging"}
{"level":"INFO","message":"[6:58:24.014 PM]: No client config detected."}
{"level":"INFO","message":"[6:58:24.014 PM]: No config file path found. Client config will not be used."}
{"level":"INFO","message":"[6:58:24.014 PM]: Easy Logging is disabled as no config has been found"}
{"level":"INFO","message":"[6:58:24.015 PM]: Connection[id: a293e11a-edb9-4bfe-8164-c8fa065ef890] - authentication successful using: SNOWFLAKE"}
{"level":"INFO","message":"[6:58:28.489 PM]: Connection[id: a293e11a-edb9-4bfe-8164-c8fa065ef890] - connection established successfully after 4489.85 milliseconds"}
{"level":"INFO","message":"[6:58:38.453 PM]: Creating new connection object"}
{"level":"INFO","message":"[6:58:38.471 PM]: Creating Connection[id: 32bc304a-0efc-4121-8dc9-ecaf05dc4e55] with host: QCQMHWR-UUC00658.snowflakecomputing.com, account: QCQMHWR-UUC00658, accessUrl: https://QCQMHWR-UUC00658.snowflakecomputing.com, user: JONAEDD08, role: undefined, database: WORLD_BANK_DB, schema: MACROECONOMICS, warehouse: COMPUTE_WH, proxy was not configured, password is provided, region: undefined, authenticator: SNOWFLAKE, ocsp mode: FAIL_OPEN, os: win32, os version: 10.0.26200"}
{"level":"INFO","message":"[6:58:38.472 PM]: Connection[id: 32bc304a-0efc-4121-8dc9-ecaf05dc4e55] additional details: passcode in password is provided, passcode is not provided, private key is not provided, application: undefined, client name: snowflake-sdk, client version: 2.4.0, retry timeout: 300, private key path: undefined, private key pass is not provided, client store temporary credential: false, browser response timeout: 120000"}
{"level":"INFO","message":"[6:58:38.472 PM]: Connection[id: 32bc304a-0efc-4121-8dc9-ecaf05dc4e55] - connection object created successfully."}
{"level":"INFO","message":"[6:58:38.473 PM]: Connection[id: 32bc304a-0efc-4121-8dc9-ecaf05dc4e55] - async connecting. Associated Snowflake domain: GLOBAL"}
{"level":"INFO","message":"[6:58:38.473 PM]: Trying to initialize Easy Logging"}
{"level":"INFO","message":"[6:58:38.479 PM]: No client config detected."}
{"level":"INFO","message":"[6:58:38.479 PM]: No config file path found. Client config will not be used."}
{"level":"INFO","message":"[6:58:38.480 PM]: Easy Logging is disabled as no config has been found"}
{"level":"INFO","message":"[6:58:38.480 PM]: Connection[id: 32bc304a-0efc-4121-8dc9-ecaf05dc4e55] - authentication successful using: SNOWFLAKE"}
{"level":"INFO","message":"[6:58:39.909 PM]: Connection[id: 32bc304a-0efc-4121-8dc9-ecaf05dc4e55] - connection established successfully after 1436.48 milliseconds"}
{"level":"INFO","message":"[7:01:33.486 PM]: Creating new connection object"}
{"level":"INFO","message":"[7:01:33.536 PM]: Creating Connection[id: a130c48f-5b4a-4dbe-ac81-2c2707a117e3] with host: QCQMHWR-UUC00658.snowflakecomputing.com, account: QCQMHWR-UUC00658, accessUrl: https://QCQMHWR-UUC00658.snowflakecomputing.com, user: JONAEDD08, role: undefined, database: WORLD_BANK_DB, schema: MACROECONOMICS, warehouse: COMPUTE_WH, proxy was not configured, password is provided, region: undefined, authenticator: SNOWFLAKE, ocsp mode: FAIL_OPEN, os: win32, os version: 10.0.26200"}
{"level":"INFO","message":"[7:01:33.538 PM]: Connection[id: a130c48f-5b4a-4dbe-ac81-2c2707a117e3] additional details: passcode in password is provided, passcode is not provided, private key is not provided, application: undefined, client name: snowflake-sdk, client version: 2.4.0, retry timeout: 300, private key path: undefined, private key pass is not provided, client store temporary credential: false, browser response timeout: 120000"}
{"level":"INFO","message":"[7:01:33.540 PM]: Connection[id: a130c48f-5b4a-4dbe-ac81-2c2707a117e3] - connection object created successfully."}
{"level":"INFO","message":"[7:01:33.541 PM]: Connection[id: a130c48f-5b4a-4dbe-ac81-2c2707a117e3] - async connecting. Associated Snowflake domain: GLOBAL"}
{"level":"INFO","message":"[7:01:33.543 PM]: Trying to initialize Easy Logging"}
{"level":"INFO","message":"[7:01:33.574 PM]: No client config detected."}
{"level":"INFO","message":"[7:01:33.575 PM]: No config file path found. Client config will not be used."}
{"level":"INFO","message":"[7:01:33.575 PM]: Easy Logging is disabled as no config has been found"}
{"level":"INFO","message":"[7:01:33.576 PM]: Connection[id: a130c48f-5b4a-4dbe-ac81-2c2707a117e3] - authentication successful using: SNOWFLAKE"}
{"level":"INFO","message":"[7:01:35.187 PM]: Connection[id: a130c48f-5b4a-4dbe-ac81-2c2707a117e3] - connection established successfully after 1646.07 milliseconds"}
{"level":"INFO","message":"[7:02:54.840 PM]: Creating new connection object"}
{"level":"INFO","message":"[7:02:54.865 PM]: Creating Connection[id: 7842d65f-9b7c-4422-ab7b-3454913e3a18] with host: QCQMHWR-UUC00658.snowflakecomputing.com, account: QCQMHWR-UUC00658, accessUrl: https://QCQMHWR-UUC00658.snowflakecomputing.com, user: JONAEDD08, role: undefined, database: WORLD_BANK_DB, schema: MACROECONOMICS, warehouse: COMPUTE_WH, proxy was not configured, password is provided, region: undefined, authenticator: SNOWFLAKE, ocsp mode: FAIL_OPEN, os: win32, os version: 10.0.26200"}
{"level":"INFO","message":"[7:02:54.866 PM]: Connection[id: 7842d65f-9b7c-4422-ab7b-3454913e3a18] additional details: passcode in password is provided, passcode is not provided, private key is not provided, application: undefined, client name: snowflake-sdk, client version: 2.4.0, retry timeout: 300, private key path: undefined, private key pass is not provided, client store temporary credential: false, browser response timeout: 120000"}
{"level":"INFO","message":"[7:02:54.867 PM]: Connection[id: 7842d65f-9b7c-4422-ab7b-3454913e3a18] - connection object created successfully."}
{"level":"INFO","message":"[7:02:54.867 PM]: Connection[id: 7842d65f-9b7c-4422-ab7b-3454913e3a18] - async connecting. Associated Snowflake domain: GLOBAL"}
{"level":"INFO","message":"[7:02:54.868 PM]: Trying to initialize Easy Logging"}
{"level":"INFO","message":"[7:02:54.880 PM]: No client config detected."}
{"level":"INFO","message":"[7:02:54.880 PM]: No config file path found. Client config will not be used."}
{"level":"INFO","message":"[7:02:54.880 PM]: Easy Logging is disabled as no config has been found"}
{"level":"INFO","message":"[7:02:54.881 PM]: Connection[id: 7842d65f-9b7c-4422-ab7b-3454913e3a18] - authentication successful using: SNOWFLAKE"}
{"level":"INFO","message":"[7:03:00.542 PM]: Connection[id: 7842d65f-9b7c-4422-ab7b-3454913e3a18] - connection established successfully after 5674.99 milliseconds"}
{"level":"INFO","message":"[7:04:34.991 PM]: Creating new connection object"}
{"level":"INFO","message":"[7:04:35.012 PM]: Creating Connection[id: 396b6df1-89aa-49f4-81df-28ac0a49a88d] with host: QCQMHWR-UUC00658.snowflakecomputing.com, account: QCQMHWR-UUC00658, accessUrl: https://QCQMHWR-UUC00658.snowflakecomputing.com, user: JONAEDD08, role: undefined, database: WORLD_BANK_DB, schema: MACROECONOMICS, warehouse: COMPUTE_WH, proxy was not configured, password is provided, region: undefined, authenticator: SNOWFLAKE, ocsp mode: FAIL_OPEN, os: win32, os version: 10.0.26200"}
{"level":"INFO","message":"[7:04:35.012 PM]: Connection[id: 396b6df1-89aa-49f4-81df-28ac0a49a88d] additional details: passcode in password is provided, passcode is not provided, private key is not provided, application: undefined, client name: snowflake-sdk, client version: 2.4.0, retry timeout: 300, private key path: undefined, private key pass is not provided, client store temporary credential: false, browser response timeout: 120000"}
{"level":"INFO","message":"[7:04:35.013 PM]: Connection[id: 396b6df1-89aa-49f4-81df-28ac0a49a88d] - connection object created successfully."}
{"level":"INFO","message":"[7:04:35.013 PM]: Connection[id: 396b6df1-89aa-49f4-81df-28ac0a49a88d] - async connecting. Associated Snowflake domain: GLOBAL"}
{"level":"INFO","message":"[7:04:35.014 PM]: Trying to initialize Easy Logging"}
{"level":"INFO","message":"[7:04:35.024 PM]: No client config detected."}
{"level":"INFO","message":"[7:04:35.024 PM]: No config file path found. Client config will not be used."}
{"level":"INFO","message":"[7:04:35.025 PM]: Easy Logging is disabled as no config has been found"}
{"level":"INFO","message":"[7:04:35.025 PM]: Connection[id: 396b6df1-89aa-49f4-81df-28ac0a49a88d] - authentication successful using: SNOWFLAKE"}
{"level":"INFO","message":"[7:04:41.873 PM]: Connection[id: 396b6df1-89aa-49f4-81df-28ac0a49a88d] - connection established successfully after 6859.62 milliseconds"}
{"level":"INFO","message":"[7:16:28.305 PM]: Creating new connection object"}
{"level":"INFO","message":"[7:16:28.335 PM]: Creating Connection[id: ec4c0799-7490-4e1d-bfe9-c380cc173f7a] with host: QCQMHWR-UUC00658.snowflakecomputing.com, account: QCQMHWR-UUC00658, accessUrl: https://QCQMHWR-UUC00658.snowflakecomputing.com, user: JONAEDD08, role: undefined, database: WORLD_BANK_DB, schema: MACROECONOMICS, warehouse: COMPUTE_WH, proxy was not configured, password is provided, region: undefined, authenticator: SNOWFLAKE, ocsp mode: FAIL_OPEN, os: win32, os version: 10.0.26200"}
{"level":"INFO","message":"[7:16:28.336 PM]: Connection[id: ec4c0799-7490-4e1d-bfe9-c380cc173f7a] additional details: passcode in password is provided, passcode is not provided, private key is not provided, application: undefined, client name: snowflake-sdk, client version: 2.4.0, retry timeout: 300, private key path: undefined, private key pass is not provided, client store temporary credential: false, browser response timeout: 120000"}
{"level":"INFO","message":"[7:16:28.336 PM]: Connection[id: ec4c0799-7490-4e1d-bfe9-c380cc173f7a] - connection object created successfully."}
{"level":"INFO","message":"[7:16:28.336 PM]: Connection[id: ec4c0799-7490-4e1d-bfe9-c380cc173f7a] - async connecting. Associated Snowflake domain: GLOBAL"}
{"level":"INFO","message":"[7:16:28.337 PM]: Trying to initialize Easy Logging"}
{"level":"INFO","message":"[7:16:28.348 PM]: No client config detected."}
{"level":"INFO","message":"[7:16:28.349 PM]: No config file path found. Client config will not be used."}
{"level":"INFO","message":"[7:16:28.349 PM]: Easy Logging is disabled as no config has been found"}
{"level":"INFO","message":"[7:16:28.349 PM]: Connection[id: ec4c0799-7490-4e1d-bfe9-c380cc173f7a] - authentication successful using: SNOWFLAKE"}
{"level":"INFO","message":"[7:16:30.352 PM]: Connection[id: ec4c0799-7490-4e1d-bfe9-c380cc173f7a] - connection established successfully after 2015 milliseconds"}
{"level":"INFO","message":"[7:16:37.308 PM]: Creating new connection object"}
{"level":"INFO","message":"[7:16:37.337 PM]: Creating Connection[id: 5a449d88-ecc5-45eb-a76a-60047c2f41b3] with host: QCQMHWR-UUC00658.snowflakecomputing.com, account: QCQMHWR-UUC00658, accessUrl: https://QCQMHWR-UUC00658.snowflakecomputing.com, user: JONAEDD08, role: undefined, database: WORLD_BANK_DB, schema: MACROECONOMICS, warehouse: COMPUTE_WH, proxy was not configured, password is provided, region: undefined, authenticator: SNOWFLAKE, ocsp mode: FAIL_OPEN, os: win32, os version: 10.0.26200"}
{"level":"INFO","message":"[7:16:37.337 PM]: Connection[id: 5a449d88-ecc5-45eb-a76a-60047c2f41b3] additional details: passcode in password is provided, passcode is not provided, private key is not provided, application: undefined, client name: snowflake-sdk, client version: 2.4.0, retry timeout: 300, private key path: undefined, private key pass is not provided, client store temporary credential: false, browser response timeout: 120000"}
{"level":"INFO","message":"[7:16:37.338 PM]: Connection[id: 5a449d88-ecc5-45eb-a76a-60047c2f41b3] - connection object created successfully."}
{"level":"INFO","message":"[7:16:37.339 PM]: Connection[id: 5a449d88-ecc5-45eb-a76a-60047c2f41b3] - async connecting. Associated Snowflake domain: GLOBAL"}
{"level":"INFO","message":"[7:16:37.341 PM]: Trying to initialize Easy Logging"}
{"level":"INFO","message":"[7:16:37.350 PM]: No client config detected."}
{"level":"INFO","message":"[7:16:37.350 PM]: No config file path found. Client config will not be used."}
{"level":"INFO","message":"[7:16:37.350 PM]: Easy Logging is disabled as no config has been found"}
{"level":"INFO","message":"[7:16:37.351 PM]: Connection[id: 5a449d88-ecc5-45eb-a76a-60047c2f41b3] - authentication successful using: SNOWFLAKE"}
{"level":"INFO","message":"[7:16:38.549 PM]: Connection[id: 5a449d88-ecc5-45eb-a76a-60047c2f41b3] - connection established successfully after 1210.04 milliseconds"}
{"level":"INFO","message":"[8:09:22.042 PM]: Creating new connection object"}
{"level":"INFO","message":"[8:09:22.068 PM]: Creating Connection[id: 7276e5c1-01a4-4255-857f-c7b92e631586] with host: QCQMHWR-UUC00658.snowflakecomputing.com, account: QCQMHWR-UUC00658, accessUrl: https://QCQMHWR-UUC00658.snowflakecomputing.com, user: JONAEDD08, role: undefined, database: WORLD_BANK_DB, schema: MACROECONOMICS, warehouse: COMPUTE_WH, proxy was not configured, password is provided, region: undefined, authenticator: SNOWFLAKE, ocsp mode: FAIL_OPEN, os: win32, os version: 10.0.26200"}
{"level":"INFO","message":"[8:09:22.069 PM]: Connection[id: 7276e5c1-01a4-4255-857f-c7b92e631586] additional details: passcode in password is provided, passcode is not provided, private key is not provided, application: undefined, client name: snowflake-sdk, client version: 2.4.0, retry timeout: 300, private key path: undefined, private key pass is not provided, client store temporary credential: false, browser response timeout: 120000"}
{"level":"INFO","message":"[8:09:22.070 PM]: Connection[id: 7276e5c1-01a4-4255-857f-c7b92e631586] - connection object created successfully."}
{"level":"INFO","message":"[8:09:22.071 PM]: Connection[id: 7276e5c1-01a4-4255-857f-c7b92e631586] - async connecting. Associated Snowflake domain: GLOBAL"}
{"level":"INFO","message":"[8:09:22.071 PM]: Trying to initialize Easy Logging"}
{"level":"INFO","message":"[8:09:22.087 PM]: No client config detected."}
{"level":"INFO","message":"[8:09:22.087 PM]: No config file path found. Client config will not be used."}
{"level":"INFO","message":"[8:09:22.088 PM]: Easy Logging is disabled as no config has been found"}
{"level":"INFO","message":"[8:09:22.088 PM]: Connection[id: 7276e5c1-01a4-4255-857f-c7b92e631586] - authentication successful using: SNOWFLAKE"}
{"level":"INFO","message":"[8:09:23.667 PM]: Connection[id: 7276e5c1-01a4-4255-857f-c7b92e631586] - connection established successfully after 1596.22 milliseconds"}
{"level":"INFO","message":"[8:30:29.795 PM]: Creating new connection object"}
{"level":"INFO","message":"[8:30:29.832 PM]: Creating Connection[id: 368920ed-22b1-405c-817b-df8daba6e73d] with host: QCQMHWR-UUC00658.snowflakecomputing.com, account: QCQMHWR-UUC00658, accessUrl: https://QCQMHWR-UUC00658.snowflakecomputing.com, user: JONAEDD08, role: undefined, database: WORLD_BANK_DB, schema: MACROECONOMICS, warehouse: COMPUTE_WH, proxy was not configured, password is provided, region: undefined, authenticator: SNOWFLAKE, ocsp mode: FAIL_OPEN, os: win32, os version: 10.0.26200"}
{"level":"INFO","message":"[8:30:29.832 PM]: Connection[id: 368920ed-22b1-405c-817b-df8daba6e73d] additional details: passcode in password is provided, passcode is not provided, private key is not provided, application: undefined, client name: snowflake-sdk, client version: 2.4.0, retry timeout: 300, private key path: undefined, private key pass is not provided, client store temporary credential: false, browser response timeout: 120000"}
{"level":"INFO","message":"[8:30:29.833 PM]: Connection[id: 368920ed-22b1-405c-817b-df8daba6e73d] - connection object created successfully."}
{"level":"INFO","message":"[8:30:29.833 PM]: Connection[id: 368920ed-22b1-405c-817b-df8daba6e73d] - async connecting. Associated Snowflake domain: GLOBAL"}
{"level":"INFO","message":"[8:30:29.834 PM]: Trying to initialize Easy Logging"}
{"level":"INFO","message":"[8:30:29.849 PM]: No client config detected."}
{"level":"INFO","message":"[8:30:29.849 PM]: No config file path found. Client config will not be used."}
{"level":"INFO","message":"[8:30:29.849 PM]: Easy Logging is disabled as no config has been found"}
{"level":"INFO","message":"[8:30:29.850 PM]: Connection[id: 368920ed-22b1-405c-817b-df8daba6e73d] - authentication successful using: SNOWFLAKE"}
{"level":"INFO","message":"[8:30:31.331 PM]: Connection[id: 368920ed-22b1-405c-817b-df8daba6e73d] - connection established successfully after 1498.2 milliseconds"}
{"level":"INFO","message":"[8:30:34.282 PM]: Creating new connection object"}
{"level":"INFO","message":"[8:30:34.305 PM]: Creating Connection[id: 1e63a987-3f21-4a32-8ed2-80e62ed7d63d] with host: QCQMHWR-UUC00658.snowflakecomputing.com, account: QCQMHWR-UUC00658, accessUrl: https://QCQMHWR-UUC00658.snowflakecomputing.com, user: JONAEDD08, role: undefined, database: WORLD_BANK_DB, schema: MACROECONOMICS, warehouse: COMPUTE_WH, proxy was not configured, password is provided, region: undefined, authenticator: SNOWFLAKE, ocsp mode: FAIL_OPEN, os: win32, os version: 10.0.26200"}
{"level":"INFO","message":"[8:30:34.305 PM]: Connection[id: 1e63a987-3f21-4a32-8ed2-80e62ed7d63d] additional details: passcode in password is provided, passcode is not provided, private key is not provided, application: undefined, client name: snowflake-sdk, client version: 2.4.0, retry timeout: 300, private key path: undefined, private key pass is not provided, client store temporary credential: false, browser response timeout: 120000"}
{"level":"INFO","message":"[8:30:34.306 PM]: Connection[id: 1e63a987-3f21-4a32-8ed2-80e62ed7d63d] - connection object created successfully."}
{"level":"INFO","message":"[8:30:34.306 PM]: Connection[id: 1e63a987-3f21-4a32-8ed2-80e62ed7d63d] - async connecting. Associated Snowflake domain: GLOBAL"}
{"level":"INFO","message":"[8:30:34.307 PM]: Trying to initialize Easy Logging"}
{"level":"INFO","message":"[8:30:34.317 PM]: No client config detected."}
{"level":"INFO","message":"[8:30:34.318 PM]: No config file path found. Client config will not be used."}
{"level":"INFO","message":"[8:30:34.319 PM]: Easy Logging is disabled as no config has been found"}
{"level":"INFO","message":"[8:30:34.319 PM]: Connection[id: 1e63a987-3f21-4a32-8ed2-80e62ed7d63d] - authentication successful using: SNOWFLAKE"}
{"level":"INFO","message":"[8:30:34.838 PM]: Connection[id: 1e63a987-3f21-4a32-8ed2-80e62ed7d63d] - connection established successfully after 531.41 milliseconds"}
{"level":"INFO","message":"[8:30:44.322 PM]: Creating new connection object"}
{"level":"INFO","message":"[8:30:44.343 PM]: Creating Connection[id: 7d161b98-dba6-4f8b-909c-28eb06240054] with host: QCQMHWR-UUC00658.snowflakecomputing.com, account: QCQMHWR-UUC00658, accessUrl: https://QCQMHWR-UUC00658.snowflakecomputing.com, user: JONAEDD08, role: undefined, database: WORLD_BANK_DB, schema: MACROECONOMICS, warehouse: COMPUTE_WH, proxy was not configured, password is provided, region: undefined, authenticator: SNOWFLAKE, ocsp mode: FAIL_OPEN, os: win32, os version: 10.0.26200"}
{"level":"INFO","message":"[8:30:44.344 PM]: Connection[id: 7d161b98-dba6-4f8b-909c-28eb06240054] additional details: passcode in password is provided, passcode is not provided, private key is not provided, application: undefined, client name: snowflake-sdk, client version: 2.4.0, retry timeout: 300, private key path: undefined, private key pass is not provided, client store temporary credential: false, browser response timeout: 120000"}
{"level":"INFO","message":"[8:30:44.345 PM]: Connection[id: 7d161b98-dba6-4f8b-909c-28eb06240054] - connection object created successfully."}
{"level":"INFO","message":"[8:30:44.345 PM]: Connection[id: 7d161b98-dba6-4f8b-909c-28eb06240054] - async connecting. Associated Snowflake domain: GLOBAL"}
{"level":"INFO","message":"[8:30:44.346 PM]: Trying to initialize Easy Logging"}
{"level":"INFO","message":"[8:30:44.354 PM]: No client config detected."}
{"level":"INFO","message":"[8:30:44.355 PM]: No config file path found. Client config will not be used."}
{"level":"INFO","message":"[8:30:44.355 PM]: Easy Logging is disabled as no config has been found"}
{"level":"INFO","message":"[8:30:44.356 PM]: Connection[id: 7d161b98-dba6-4f8b-909c-28eb06240054] - authentication successful using: SNOWFLAKE"}
{"level":"INFO","message":"[8:30:45.621 PM]: Connection[id: 7d161b98-dba6-4f8b-909c-28eb06240054] - connection established successfully after 1276 milliseconds"}
{"level":"INFO","message":"[8:31:02.449 PM]: Creating new connection object"}
{"level":"INFO","message":"[8:31:02.467 PM]: Creating Connection[id: 9665ccce-610e-43d1-a894-cf6c18425ff3] with host: QCQMHWR-UUC00658.snowflakecomputing.com, account: QCQMHWR-UUC00658, accessUrl: https://QCQMHWR-UUC00658.snowflakecomputing.com, user: JONAEDD08, role: undefined, database: WORLD_BANK_DB, schema: MACROECONOMICS, warehouse: COMPUTE_WH, proxy was not configured, password is provided, region: undefined, authenticator: SNOWFLAKE, ocsp mode: FAIL_OPEN, os: win32, os version: 10.0.26200"}
{"level":"INFO","message":"[8:31:02.468 PM]: Connection[id: 9665ccce-610e-43d1-a894-cf6c18425ff3] additional details: passcode in password is provided, passcode is not provided, private key is not provided, application: undefined, client name: snowflake-sdk, client version: 2.4.0, retry timeout: 300, private key path: undefined, private key pass is not provided, client store temporary credential: false, browser response timeout: 120000"}
{"level":"INFO","message":"[8:31:02.468 PM]: Connection[id: 9665ccce-610e-43d1-a894-cf6c18425ff3] - connection object created successfully."}
{"level":"INFO","message":"[8:31:02.469 PM]: Connection[id: 9665ccce-610e-43d1-a894-cf6c18425ff3] - async connecting. Associated Snowflake domain: GLOBAL"}
{"level":"INFO","message":"[8:31:02.470 PM]: Trying to initialize Easy Logging"}
{"level":"INFO","message":"[8:31:02.478 PM]: No client config detected."}
{"level":"INFO","message":"[8:31:02.478 PM]: No config file path found. Client config will not be used."}
{"level":"INFO","message":"[8:31:02.479 PM]: Easy Logging is disabled as no config has been found"}
{"level":"INFO","message":"[8:31:02.479 PM]: Connection[id: 9665ccce-610e-43d1-a894-cf6c18425ff3] - authentication successful using: SNOWFLAKE"}
{"level":"INFO","message":"[8:31:04.297 PM]: Connection[id: 9665ccce-610e-43d1-a894-cf6c18425ff3] - connection established successfully after 1827.75 milliseconds"}
{"level":"INFO","message":"[8:31:09.067 PM]: Creating new connection object"}
{"level":"INFO","message":"[8:31:09.093 PM]: Creating Connection[id: ed72adba-b2be-49b0-af69-ec6452d1866c] with host: QCQMHWR-UUC00658.snowflakecomputing.com, account: QCQMHWR-UUC00658, accessUrl: https://QCQMHWR-UUC00658.snowflakecomputing.com, user: JONAEDD08, role: undefined, database: WORLD_BANK_DB, schema: MACROECONOMICS, warehouse: COMPUTE_WH, proxy was not configured, password is provided, region: undefined, authenticator: SNOWFLAKE, ocsp mode: FAIL_OPEN, os: win32, os version: 10.0.26200"}
{"level":"INFO","message":"[8:31:09.094 PM]: Connection[id: ed72adba-b2be-49b0-af69-ec6452d1866c] additional details: passcode in password is provided, passcode is not provided, private key is not provided, application: undefined, client name: snowflake-sdk, client version: 2.4.0, retry timeout: 300, private key path: undefined, private key pass is not provided, client store temporary credential: false, browser response timeout: 120000"}
{"level":"INFO","message":"[8:31:09.096 PM]: Connection[id: ed72adba-b2be-49b0-af69-ec6452d1866c] - connection object created successfully."}
{"level":"INFO","message":"[8:31:09.097 PM]: Connection[id: ed72adba-b2be-49b0-af69-ec6452d1866c] - async connecting. Associated Snowflake domain: GLOBAL"}
{"level":"INFO","message":"[8:31:09.097 PM]: Trying to initialize Easy Logging"}
{"level":"INFO","message":"[8:31:09.106 PM]: No client config detected."}
{"level":"INFO","message":"[8:31:09.106 PM]: No config file path found. Client config will not be used."}
{"level":"INFO","message":"[8:31:09.106 PM]: Easy Logging is disabled as no config has been found"}
{"level":"INFO","message":"[8:31:09.107 PM]: Connection[id: ed72adba-b2be-49b0-af69-ec6452d1866c] - authentication successful using: SNOWFLAKE"}
{"level":"INFO","message":"[8:31:09.615 PM]: Connection[id: ed72adba-b2be-49b0-af69-ec6452d1866c] - connection established successfully after 517.61 milliseconds"}
{"level":"INFO","message":"[8:38:21.866 PM]: Creating new connection object"}
{"level":"INFO","message":"[8:38:21.894 PM]: Creating Connection[id: cf52cffa-fa97-4dd9-966b-b88d170580c7] with host: QCQMHWR-UUC00658.snowflakecomputing.com, account: QCQMHWR-UUC00658, accessUrl: https://QCQMHWR-UUC00658.snowflakecomputing.com, user: JONAEDD08, role: undefined, database: WORLD_BANK_DB, schema: MACROECONOMICS, warehouse: COMPUTE_WH, proxy was not configured, password is provided, region: undefined, authenticator: SNOWFLAKE, ocsp mode: FAIL_OPEN, os: win32, os version: 10.0.26200"}
{"level":"INFO","message":"[8:38:21.894 PM]: Connection[id: cf52cffa-fa97-4dd9-966b-b88d170580c7] additional details: passcode in password is provided, passcode is not provided, private key is not provided, application: undefined, client name: snowflake-sdk, client version: 2.4.0, retry timeout: 300, private key path: undefined, private key pass is not provided, client store temporary credential: false, browser response timeout: 120000"}
{"level":"INFO","message":"[8:38:21.895 PM]: Connection[id: cf52cffa-fa97-4dd9-966b-b88d170580c7] - connection object created successfully."}
{"level":"INFO","message":"[8:38:21.895 PM]: Connection[id: cf52cffa-fa97-4dd9-966b-b88d170580c7] - async connecting. Associated Snowflake domain: GLOBAL"}
{"level":"INFO","message":"[8:38:21.896 PM]: Trying to initialize Easy Logging"}
{"level":"INFO","message":"[8:38:21.910 PM]: No client config detected."}
{"level":"INFO","message":"[8:38:21.910 PM]: No config file path found. Client config will not be used."}
{"level":"INFO","message":"[8:38:21.911 PM]: Easy Logging is disabled as no config has been found"}
{"level":"INFO","message":"[8:38:21.911 PM]: Connection[id: cf52cffa-fa97-4dd9-966b-b88d170580c7] - authentication successful using: SNOWFLAKE"}
{"level":"INFO","message":"[8:38:23.825 PM]: Creating new connection object"}
{"level":"INFO","message":"[8:38:23.852 PM]: Creating Connection[id: f5d24c49-06af-40ce-b49d-ec47ae2a9034] with host: QCQMHWR-UUC00658.snowflakecomputing.com, account: QCQMHWR-UUC00658, accessUrl: https://QCQMHWR-UUC00658.snowflakecomputing.com, user: JONAEDD08, role: undefined, database: WORLD_BANK_DB, schema: MACROECONOMICS, warehouse: COMPUTE_WH, proxy was not configured, password is provided, region: undefined, authenticator: SNOWFLAKE, ocsp mode: FAIL_OPEN, os: win32, os version: 10.0.26200"}
{"level":"INFO","message":"[8:38:23.853 PM]: Connection[id: f5d24c49-06af-40ce-b49d-ec47ae2a9034] additional details: passcode in password is provided, passcode is not provided, private key is not provided, application: undefined, client name: snowflake-sdk, client version: 2.4.0, retry timeout: 300, private key path: undefined, private key pass is not provided, client store temporary credential: false, browser response timeout: 120000"}
{"level":"INFO","message":"[8:38:23.854 PM]: Connection[id: f5d24c49-06af-40ce-b49d-ec47ae2a9034] - connection object created successfully."}
{"level":"INFO","message":"[8:38:23.854 PM]: Connection[id: f5d24c49-06af-40ce-b49d-ec47ae2a9034] - async connecting. Associated Snowflake domain: GLOBAL"}
{"level":"INFO","message":"[8:38:23.855 PM]: Trying to initialize Easy Logging"}
{"level":"INFO","message":"[8:38:23.867 PM]: No client config detected."}
{"level":"INFO","message":"[8:38:23.867 PM]: No config file path found. Client config will not be used."}
{"level":"INFO","message":"[8:38:23.867 PM]: Easy Logging is disabled as no config has been found"}
{"level":"INFO","message":"[8:38:23.868 PM]: Connection[id: f5d24c49-06af-40ce-b49d-ec47ae2a9034] - authentication successful using: SNOWFLAKE"}
{"level":"INFO","message":"[8:38:26.865 PM]: Creating new connection object"}
{"level":"INFO","message":"[8:38:26.894 PM]: Creating Connection[id: 6595ffa0-a995-4a44-8c6b-a5342e1876a9] with host: QCQMHWR-UUC00658.snowflakecomputing.com, account: QCQMHWR-UUC00658, accessUrl: https://QCQMHWR-UUC00658.snowflakecomputing.com, user: JONAEDD08, role: undefined, database: WORLD_BANK_DB, schema: MACROECONOMICS, warehouse: COMPUTE_WH, proxy was not configured, password is provided, region: undefined, authenticator: SNOWFLAKE, ocsp mode: FAIL_OPEN, os: win32, os version: 10.0.26200"}
{"level":"INFO","message":"[8:38:26.895 PM]: Connection[id: 6595ffa0-a995-4a44-8c6b-a5342e1876a9] additional details: passcode in password is provided, passcode is not provided, private key is not provided, application: undefined, client name: snowflake-sdk, client version: 2.4.0, retry timeout: 300, private key path: undefined, private key pass is not provided, client store temporary credential: false, browser response timeout: 120000"}
{"level":"INFO","message":"[8:38:26.895 PM]: Connection[id: 6595ffa0-a995-4a44-8c6b-a5342e1876a9] - connection object created successfully."}
{"level":"INFO","message":"[8:38:26.896 PM]: Connection[id: 6595ffa0-a995-4a44-8c6b-a5342e1876a9] - async connecting. Associated Snowflake domain: GLOBAL"}
{"level":"INFO","message":"[8:38:26.897 PM]: Trying to initialize Easy Logging"}
{"level":"INFO","message":"[8:38:26.911 PM]: No client config detected."}
{"level":"INFO","message":"[8:38:26.913 PM]: No config file path found. Client config will not be used."}
{"level":"INFO","message":"[8:38:26.914 PM]: Easy Logging is disabled as no config has been found"}
{"level":"INFO","message":"[8:38:26.914 PM]: Connection[id: 6595ffa0-a995-4a44-8c6b-a5342e1876a9] - authentication successful using: SNOWFLAKE"}
{"level":"INFO","message":"[8:38:29.590 PM]: Creating new connection object"}
{"level":"INFO","message":"[8:38:29.617 PM]: Creating Connection[id: 4f485b97-bd06-453a-afec-cceaaa26098e] with host: QCQMHWR-UUC00658.snowflakecomputing.com, account: QCQMHWR-UUC00658, accessUrl: https://QCQMHWR-UUC00658.snowflakecomputing.com, user: JONAEDD08, role: undefined, database: WORLD_BANK_DB, schema: MACROECONOMICS, warehouse: COMPUTE_WH, proxy was not configured, password is provided, region: undefined, authenticator: SNOWFLAKE, ocsp mode: FAIL_OPEN, os: win32, os version: 10.0.26200"}
{"level":"INFO","message":"[8:38:29.617 PM]: Connection[id: 4f485b97-bd06-453a-afec-cceaaa26098e] additional details: passcode in password is provided, passcode is not provided, private key is not provided, application: undefined, client name: snowflake-sdk, client version: 2.4.0, retry timeout: 300, private key path: undefined, private key pass is not provided, client store temporary credential: false, browser response timeout: 120000"}
{"level":"INFO","message":"[8:38:29.618 PM]: Connection[id: 4f485b97-bd06-453a-afec-cceaaa26098e] - connection object created successfully."}
{"level":"INFO","message":"[8:38:29.618 PM]: Connection[id: 4f485b97-bd06-453a-afec-cceaaa26098e] - async connecting. Associated Snowflake domain: GLOBAL"}
{"level":"INFO","message":"[8:38:29.619 PM]: Trying to initialize Easy Logging"}
{"level":"INFO","message":"[8:38:29.628 PM]: No client config detected."}
{"level":"INFO","message":"[8:38:29.629 PM]: No config file path found. Client config will not be used."}
{"level":"INFO","message":"[8:38:29.629 PM]: Easy Logging is disabled as no config has been found"}
{"level":"INFO","message":"[8:38:29.629 PM]: Connection[id: 4f485b97-bd06-453a-afec-cceaaa26098e] - authentication successful using: SNOWFLAKE"}
{"level":"INFO","message":"[8:38:30.230 PM]: Connection[id: 4f485b97-bd06-453a-afec-cceaaa26098e] - connection established successfully after 611.64 milliseconds"}
{"level":"INFO","message":"[8:42:25.208 PM]: Creating new connection object"}
{"level":"INFO","message":"[8:42:25.232 PM]: Creating Connection[id: 92484086-3e16-4132-9bb4-9ea8979f05c1] with host: QCQMHWR-UUC00658.snowflakecomputing.com, account: QCQMHWR-UUC00658, accessUrl: https://QCQMHWR-UUC00658.snowflakecomputing.com, user: JONAEDD08, role: undefined, database: WORLD_BANK_DB, schema: MACROECONOMICS, warehouse: COMPUTE_WH, proxy was not configured, password is provided, region: undefined, authenticator: SNOWFLAKE, ocsp mode: FAIL_OPEN, os: win32, os version: 10.0.26200"}
{"level":"INFO","message":"[8:42:25.232 PM]: Connection[id: 92484086-3e16-4132-9bb4-9ea8979f05c1] additional details: passcode in password is provided, passcode is not provided, private key is not provided, application: undefined, client name: snowflake-sdk, client version: 2.4.0, retry timeout: 300, private key path: undefined, private key pass is not provided, client store temporary credential: false, browser response timeout: 120000"}
{"level":"INFO","message":"[8:42:25.233 PM]: Connection[id: 92484086-3e16-4132-9bb4-9ea8979f05c1] - connection object created successfully."}
{"level":"INFO","message":"[8:42:25.233 PM]: Connection[id: 92484086-3e16-4132-9bb4-9ea8979f05c1] - async connecting. Associated Snowflake domain: GLOBAL"}
{"level":"INFO","message":"[8:42:25.234 PM]: Trying to initialize Easy Logging"}
{"level":"INFO","message":"[8:42:25.245 PM]: No client config detected."}
{"level":"INFO","message":"[8:42:25.246 PM]: No config file path found. Client config will not be used."}
{"level":"INFO","message":"[8:42:25.246 PM]: Easy Logging is disabled as no config has been found"}
{"level":"INFO","message":"[8:42:25.246 PM]: Connection[id: 92484086-3e16-4132-9bb4-9ea8979f05c1] - authentication successful using: SNOWFLAKE"}
{"level":"INFO","message":"[8:42:28.087 PM]: Connection[id: 92484086-3e16-4132-9bb4-9ea8979f05c1] - connection established successfully after 2853.09 milliseconds"}
{"level":"INFO","message":"[9:02:53.721 PM]: Creating new connection object"}
{"level":"INFO","message":"[9:02:53.749 PM]: Creating Connection[id: b6368a60-2db4-4150-813e-bbf8c58dbd98] with host: QCQMHWR-UUC00658.snowflakecomputing.com, account: QCQMHWR-UUC00658, accessUrl: https://QCQMHWR-UUC00658.snowflakecomputing.com, user: JONAEDD08, role: undefined, database: WORLD_BANK_DB, schema: MACROECONOMICS, warehouse: COMPUTE_WH, proxy was not configured, password is provided, region: undefined, authenticator: SNOWFLAKE, ocsp mode: FAIL_OPEN, os: win32, os version: 10.0.26200"}
{"level":"INFO","message":"[9:02:53.750 PM]: Connection[id: b6368a60-2db4-4150-813e-bbf8c58dbd98] additional details: passcode in password is provided, passcode is not provided, private key is not provided, application: undefined, client name: snowflake-sdk, client version: 2.4.0, retry timeout: 300, private key path: undefined, private key pass is not provided, client store temporary credential: false, browser response timeout: 120000"}
{"level":"INFO","message":"[9:02:53.750 PM]: Connection[id: b6368a60-2db4-4150-813e-bbf8c58dbd98] - connection object created successfully."}
{"level":"INFO","message":"[9:02:53.751 PM]: Connection[id: b6368a60-2db4-4150-813e-bbf8c58dbd98] - async connecting. Associated Snowflake domain: GLOBAL"}
{"level":"INFO","message":"[9:02:53.752 PM]: Trying to initialize Easy Logging"}
{"level":"INFO","message":"[9:02:53.768 PM]: No client config detected."}
{"level":"INFO","message":"[9:02:53.769 PM]: No config file path found. Client config will not be used."}
{"level":"INFO","message":"[9:02:53.769 PM]: Easy Logging is disabled as no config has been found"}
{"level":"INFO","message":"[9:02:53.770 PM]: Connection[id: b6368a60-2db4-4150-813e-bbf8c58dbd98] - authentication successful using: SNOWFLAKE"}
{"level":"INFO","message":"[9:02:56.787 PM]: Creating new connection object"}
{"level":"INFO","message":"[9:02:56.810 PM]: Creating Connection[id: 4507d35f-2c8f-4b52-b14d-f759773eabbf] with host: QCQMHWR-UUC00658.snowflakecomputing.com, account: QCQMHWR-UUC00658, accessUrl: https://QCQMHWR-UUC00658.snowflakecomputing.com, user: JONAEDD08, role: undefined, database: WORLD_BANK_DB, schema: MACROECONOMICS, warehouse: COMPUTE_WH, proxy was not configured, password is provided, region: undefined, authenticator: SNOWFLAKE, ocsp mode: FAIL_OPEN, os: win32, os version: 10.0.26200"}
{"level":"INFO","message":"[9:02:56.811 PM]: Connection[id: 4507d35f-2c8f-4b52-b14d-f759773eabbf] additional details: passcode in password is provided, passcode is not provided, private key is not provided, application: undefined, client name: snowflake-sdk, client version: 2.4.0, retry timeout: 300, private key path: undefined, private key pass is not provided, client store temporary credential: false, browser response timeout: 120000"}
{"level":"INFO","message":"[9:02:56.812 PM]: Connection[id: 4507d35f-2c8f-4b52-b14d-f759773eabbf] - connection object created successfully."}
{"level":"INFO","message":"[9:02:56.812 PM]: Connection[id: 4507d35f-2c8f-4b52-b14d-f759773eabbf] - async connecting. Associated Snowflake domain: GLOBAL"}
{"level":"INFO","message":"[9:02:56.813 PM]: Trying to initialize Easy Logging"}
{"level":"INFO","message":"[9:02:56.825 PM]: No client config detected."}
{"level":"INFO","message":"[9:02:56.826 PM]: No config file path found. Client config will not be used."}
{"level":"INFO","message":"[9:02:56.826 PM]: Easy Logging is disabled as no config has been found"}
{"level":"INFO","message":"[9:02:56.826 PM]: Connection[id: 4507d35f-2c8f-4b52-b14d-f759773eabbf] - authentication successful using: SNOWFLAKE"}
{"level":"INFO","message":"[9:02:57.403 PM]: Connection[id: 4507d35f-2c8f-4b52-b14d-f759773eabbf] - connection established successfully after 590.42 milliseconds"}
{"level":"INFO","message":"[9:03:01.572 PM]: Creating new connection object"}
{"level":"INFO","message":"[9:03:01.591 PM]: Creating Connection[id: cd986a98-0b52-4ab6-be14-49869a07f7d1] with host: QCQMHWR-UUC00658.snowflakecomputing.com, account: QCQMHWR-UUC00658, accessUrl: https://QCQMHWR-UUC00658.snowflakecomputing.com, user: JONAEDD08, role: undefined, database: WORLD_BANK_DB, schema: MACROECONOMICS, warehouse: COMPUTE_WH, proxy was not configured, password is provided, region: undefined, authenticator: SNOWFLAKE, ocsp mode: FAIL_OPEN, os: win32, os version: 10.0.26200"}
{"level":"INFO","message":"[9:03:01.591 PM]: Connection[id: cd986a98-0b52-4ab6-be14-49869a07f7d1] additional details: passcode in password is provided, passcode is not provided, private key is not provided, application: undefined, client name: snowflake-sdk, client version: 2.4.0, retry timeout: 300, private key path: undefined, private key pass is not provided, client store temporary credential: false, browser response timeout: 120000"}
{"level":"INFO","message":"[9:03:01.591 PM]: Connection[id: cd986a98-0b52-4ab6-be14-49869a07f7d1] - connection object created successfully."}
{"level":"INFO","message":"[9:03:01.592 PM]: Connection[id: cd986a98-0b52-4ab6-be14-49869a07f7d1] - async connecting. Associated Snowflake domain: GLOBAL"}
{"level":"INFO","message":"[9:03:01.592 PM]: Trying to initialize Easy Logging"}
{"level":"INFO","message":"[9:03:01.601 PM]: No client config detected."}
{"level":"INFO","message":"[9:03:01.602 PM]: No config file path found. Client config will not be used."}
{"level":"INFO","message":"[9:03:01.603 PM]: Easy Logging is disabled as no config has been found"}
{"level":"INFO","message":"[9:03:01.603 PM]: Connection[id: cd986a98-0b52-4ab6-be14-49869a07f7d1] - authentication successful using: SNOWFLAKE"}
{"level":"INFO","message":"[9:03:02.124 PM]: Connection[id: cd986a98-0b52-4ab6-be14-49869a07f7d1] - connection established successfully after 531.78 milliseconds"}
{"level":"INFO","message":"[9:03:07.728 PM]: Creating new connection object"}
{"level":"INFO","message":"[9:03:07.751 PM]: Creating Connection[id: 9e9064fa-a761-4fd2-a954-9f1fee43fa63] with host: QCQMHWR-UUC00658.snowflakecomputing.com, account: QCQMHWR-UUC00658, accessUrl: https://QCQMHWR-UUC00658.snowflakecomputing.com, user: JONAEDD08, role: undefined, database: WORLD_BANK_DB, schema: MACROECONOMICS, warehouse: COMPUTE_WH, proxy was not configured, password is provided, region: undefined, authenticator: SNOWFLAKE, ocsp mode: FAIL_OPEN, os: win32, os version: 10.0.26200"}
{"level":"INFO","message":"[9:03:07.751 PM]: Connection[id: 9e9064fa-a761-4fd2-a954-9f1fee43fa63] additional details: passcode in password is provided, passcode is not provided, private key is not provided, application: undefined, client name: snowflake-sdk, client version: 2.4.0, retry timeout: 300, private key path: undefined, private key pass is not provided, client store temporary credential: false, browser response timeout: 120000"}
{"level":"INFO","message":"[9:03:07.752 PM]: Connection[id: 9e9064fa-a761-4fd2-a954-9f1fee43fa63] - connection object created successfully."}
{"level":"INFO","message":"[9:03:07.752 PM]: Connection[id: 9e9064fa-a761-4fd2-a954-9f1fee43fa63] - async connecting. Associated Snowflake domain: GLOBAL"}
{"level":"INFO","message":"[9:03:07.753 PM]: Trying to initialize Easy Logging"}
{"level":"INFO","message":"[9:03:07.765 PM]: No client config detected."}
{"level":"INFO","message":"[9:03:07.765 PM]: No config file path found. Client config will not be used."}
{"level":"INFO","message":"[9:03:07.765 PM]: Easy Logging is disabled as no config has been found"}
{"level":"INFO","message":"[9:03:07.766 PM]: Connection[id: 9e9064fa-a761-4fd2-a954-9f1fee43fa63] - authentication successful using: SNOWFLAKE"}
{"level":"INFO","message":"[9:03:08.266 PM]: Connection[id: 9e9064fa-a761-4fd2-a954-9f1fee43fa63] - connection established successfully after 513.64 milliseconds"}
{"level":"INFO","message":"[9:03:11.602 PM]: Creating new connection object"}
{"level":"INFO","message":"[9:03:11.626 PM]: Creating Connection[id: 33a3598f-59d6-4ebc-8942-f5ed02d52d38] with host: QCQMHWR-UUC00658.snowflakecomputing.com, account: QCQMHWR-UUC00658, accessUrl: https://QCQMHWR-UUC00658.snowflakecomputing.com, user: JONAEDD08, role: undefined, database: WORLD_BANK_DB, schema: MACROECONOMICS, warehouse: COMPUTE_WH, proxy was not configured, password is provided, region: undefined, authenticator: SNOWFLAKE, ocsp mode: FAIL_OPEN, os: win32, os version: 10.0.26200"}
{"level":"INFO","message":"[9:03:11.627 PM]: Connection[id: 33a3598f-59d6-4ebc-8942-f5ed02d52d38] additional details: passcode in password is provided, passcode is not provided, private key is not provided, application: undefined, client name: snowflake-sdk, client version: 2.4.0, retry timeout: 300, private key path: undefined, private key pass is not provided, client store temporary credential: false, browser response timeout: 120000"}
{"level":"INFO","message":"[9:03:11.627 PM]: Connection[id: 33a3598f-59d6-4ebc-8942-f5ed02d52d38] - connection object created successfully."}
{"level":"INFO","message":"[9:03:11.628 PM]: Connection[id: 33a3598f-59d6-4ebc-8942-f5ed02d52d38] - async connecting. Associated Snowflake domain: GLOBAL"}
{"level":"INFO","message":"[9:03:11.629 PM]: Trying to initialize Easy Logging"}
{"level":"INFO","message":"[9:03:11.641 PM]: No client config detected."}
{"level":"INFO","message":"[9:03:11.641 PM]: No config file path found. Client config will not be used."}
{"level":"INFO","message":"[9:03:11.642 PM]: Easy Logging is disabled as no config has been found"}
{"level":"INFO","message":"[9:03:11.642 PM]: Connection[id: 33a3598f-59d6-4ebc-8942-f5ed02d52d38] - authentication successful using: SNOWFLAKE"}
{"level":"INFO","message":"[9:03:12.636 PM]: Connection[id: 33a3598f-59d6-4ebc-8942-f5ed02d52d38] - connection established successfully after 1007.98 milliseconds"}
{"level":"INFO","message":"[9:03:16.253 PM]: Creating new connection object"}
{"level":"INFO","message":"[9:03:16.273 PM]: Creating Connection[id: d4d00cb4-aaa3-4e2f-9ca7-700193cfd806] with host: QCQMHWR-UUC00658.snowflakecomputing.com, account: QCQMHWR-UUC00658, accessUrl: https://QCQMHWR-UUC00658.snowflakecomputing.com, user: JONAEDD08, role: undefined, database: WORLD_BANK_DB, schema: MACROECONOMICS, warehouse: COMPUTE_WH, proxy was not configured, password is provided, region: undefined, authenticator: SNOWFLAKE, ocsp mode: FAIL_OPEN, os: win32, os version: 10.0.26200"}
{"level":"INFO","message":"[9:03:16.273 PM]: Connection[id: d4d00cb4-aaa3-4e2f-9ca7-700193cfd806] additional details: passcode in password is provided, passcode is not provided, private key is not provided, application: undefined, client name: snowflake-sdk, client version: 2.4.0, retry timeout: 300, private key path: undefined, private key pass is not provided, client store temporary credential: false, browser response timeout: 120000"}
{"level":"INFO","message":"[9:03:16.274 PM]: Connection[id: d4d00cb4-aaa3-4e2f-9ca7-700193cfd806] - connection object created successfully."}
{"level":"INFO","message":"[9:03:16.274 PM]: Connection[id: d4d00cb4-aaa3-4e2f-9ca7-700193cfd806] - async connecting. Associated Snowflake domain: GLOBAL"}
{"level":"INFO","message":"[9:03:16.275 PM]: Trying to initialize Easy Logging"}
{"level":"INFO","message":"[9:03:16.283 PM]: No client config detected."}
{"level":"INFO","message":"[9:03:16.284 PM]: No config file path found. Client config will not be used."}
{"level":"INFO","message":"[9:03:16.284 PM]: Easy Logging is disabled as no config has been found"}
{"level":"INFO","message":"[9:03:16.284 PM]: Connection[id: d4d00cb4-aaa3-4e2f-9ca7-700193cfd806] - authentication successful using: SNOWFLAKE"}
{"level":"INFO","message":"[9:03:16.791 PM]: Connection[id: d4d00cb4-aaa3-4e2f-9ca7-700193cfd806] - connection established successfully after 516.77 milliseconds"}
{"level":"INFO","message":"[9:12:06.108 PM]: Creating new connection object"}
{"level":"INFO","message":"[9:12:06.133 PM]: Creating Connection[id: 35523319-7c61-4620-a5af-0cf06f7ac64b] with host: QCQMHWR-UUC00658.snowflakecomputing.com, account: QCQMHWR-UUC00658, accessUrl: https://QCQMHWR-UUC00658.snowflakecomputing.com, user: JONAEDD08, role: undefined, database: WORLD_BANK_DB, schema: MACROECONOMICS, warehouse: COMPUTE_WH, proxy was not configured, password is provided, region: undefined, authenticator: SNOWFLAKE, ocsp mode: FAIL_OPEN, os: win32, os version: 10.0.26200"}
{"level":"INFO","message":"[9:12:06.134 PM]: Connection[id: 35523319-7c61-4620-a5af-0cf06f7ac64b] additional details: passcode in password is provided, passcode is not provided, private key is not provided, application: undefined, client name: snowflake-sdk, client version: 2.4.0, retry timeout: 300, private key path: undefined, private key pass is not provided, client store temporary credential: false, browser response timeout: 120000"}
{"level":"INFO","message":"[9:12:06.135 PM]: Connection[id: 35523319-7c61-4620-a5af-0cf06f7ac64b] - connection object created successfully."}
{"level":"INFO","message":"[9:12:06.136 PM]: Connection[id: 35523319-7c61-4620-a5af-0cf06f7ac64b] - async connecting. Associated Snowflake domain: GLOBAL"}
{"level":"INFO","message":"[9:12:06.136 PM]: Trying to initialize Easy Logging"}
{"level":"INFO","message":"[9:12:06.150 PM]: No client config detected."}
{"level":"INFO","message":"[9:12:06.151 PM]: No config file path found. Client config will not be used."}
{"level":"INFO","message":"[9:12:06.151 PM]: Easy Logging is disabled as no config has been found"}
{"level":"INFO","message":"[9:12:06.151 PM]: Connection[id: 35523319-7c61-4620-a5af-0cf06f7ac64b] - authentication successful using: SNOWFLAKE"}
{"level":"INFO","message":"[9:12:07.844 PM]: Connection[id: 35523319-7c61-4620-a5af-0cf06f7ac64b] - connection established successfully after 1708.44 milliseconds"}
{"level":"INFO","message":"[9:12:25.131 PM]: Creating new connection object"}
{"level":"INFO","message":"[9:12:25.150 PM]: Creating Connection[id: 85cec85d-7b12-4479-8ece-43b39058af79] with host: QCQMHWR-UUC00658.snowflakecomputing.com, account: QCQMHWR-UUC00658, accessUrl: https://QCQMHWR-UUC00658.snowflakecomputing.com, user: JONAEDD08, role: undefined, database: WORLD_BANK_DB, schema: MACROECONOMICS, warehouse: COMPUTE_WH, proxy was not configured, password is provided, region: undefined, authenticator: SNOWFLAKE, ocsp mode: FAIL_OPEN, os: win32, os version: 10.0.26200"}
{"level":"INFO","message":"[9:12:25.150 PM]: Connection[id: 85cec85d-7b12-4479-8ece-43b39058af79] additional details: passcode in password is provided, passcode is not provided, private key is not provided, application: undefined, client name: snowflake-sdk, client version: 2.4.0, retry timeout: 300, private key path: undefined, private key pass is not provided, client store temporary credential: false, browser response timeout: 120000"}
{"level":"INFO","message":"[9:12:25.151 PM]: Connection[id: 85cec85d-7b12-4479-8ece-43b39058af79] - connection object created successfully."}
{"level":"INFO","message":"[9:12:25.151 PM]: Connection[id: 85cec85d-7b12-4479-8ece-43b39058af79] - async connecting. Associated Snowflake domain: GLOBAL"}
{"level":"INFO","message":"[9:12:25.152 PM]: Trying to initialize Easy Logging"}
{"level":"INFO","message":"[9:12:25.165 PM]: No client config detected."}
{"level":"INFO","message":"[9:12:25.166 PM]: No config file path found. Client config will not be used."}
{"level":"INFO","message":"[9:12:25.166 PM]: Easy Logging is disabled as no config has been found"}
{"level":"INFO","message":"[9:12:25.166 PM]: Connection[id: 85cec85d-7b12-4479-8ece-43b39058af79] - authentication successful using: SNOWFLAKE"}
{"level":"INFO","message":"[9:12:28.186 PM]: Creating new connection object"}
{"level":"INFO","message":"[9:12:28.207 PM]: Creating Connection[id: 1525263f-7dd5-49f9-8446-3bf62221046b] with host: QCQMHWR-UUC00658.snowflakecomputing.com, account: QCQMHWR-UUC00658, accessUrl: https://QCQMHWR-UUC00658.snowflakecomputing.com, user: JONAEDD08, role: undefined, database: WORLD_BANK_DB, schema: MACROECONOMICS, warehouse: COMPUTE_WH, proxy was not configured, password is provided, region: undefined, authenticator: SNOWFLAKE, ocsp mode: FAIL_OPEN, os: win32, os version: 10.0.26200"}
{"level":"INFO","message":"[9:12:28.208 PM]: Connection[id: 1525263f-7dd5-49f9-8446-3bf62221046b] additional details: passcode in password is provided, passcode is not provided, private key is not provided, application: undefined, client name: snowflake-sdk, client version: 2.4.0, retry timeout: 300, private key path: undefined, private key pass is not provided, client store temporary credential: false, browser response timeout: 120000"}
{"level":"INFO","message":"[9:12:28.208 PM]: Connection[id: 1525263f-7dd5-49f9-8446-3bf62221046b] - connection object created successfully."}
{"level":"INFO","message":"[9:12:28.209 PM]: Connection[id: 1525263f-7dd5-49f9-8446-3bf62221046b] - async connecting. Associated Snowflake domain: GLOBAL"}
{"level":"INFO","message":"[9:12:28.210 PM]: Trying to initialize Easy Logging"}
{"level":"INFO","message":"[9:12:28.223 PM]: No client config detected."}
{"level":"INFO","message":"[9:12:28.224 PM]: No config file path found. Client config will not be used."}
{"level":"INFO","message":"[9:12:28.224 PM]: Easy Logging is disabled as no config has been found"}
{"level":"INFO","message":"[9:12:28.225 PM]: Connection[id: 1525263f-7dd5-49f9-8446-3bf62221046b] - authentication successful using: SNOWFLAKE"}
{"level":"INFO","message":"[9:12:29.423 PM]: Connection[id: 1525263f-7dd5-49f9-8446-3bf62221046b] - connection established successfully after 1214.42 milliseconds"}
{"level":"INFO","message":"[9:52:14.392 PM]: Creating new connection object"}
{"level":"INFO","message":"[9:52:14.422 PM]: Creating Connection[id: f3e91710-5250-4f5c-85e1-d69f846f62ce] with host: QCQMHWR-UUC00658.snowflakecomputing.com, account: QCQMHWR-UUC00658, accessUrl: https://QCQMHWR-UUC00658.snowflakecomputing.com, user: JONAEDD08, role: undefined, database: WORLD_BANK_DB, schema: MACROECONOMICS, warehouse: COMPUTE_WH, proxy was not configured, password is provided, region: undefined, authenticator: SNOWFLAKE, ocsp mode: FAIL_OPEN, os: win32, os version: 10.0.26200"}
{"level":"INFO","message":"[9:52:14.423 PM]: Connection[id: f3e91710-5250-4f5c-85e1-d69f846f62ce] additional details: passcode in password is provided, passcode is not provided, private key is not provided, application: undefined, client name: snowflake-sdk, client version: 2.4.0, retry timeout: 300, private key path: undefined, private key pass is not provided, client store temporary credential: false, browser response timeout: 120000"}
{"level":"INFO","message":"[9:52:14.423 PM]: Connection[id: f3e91710-5250-4f5c-85e1-d69f846f62ce] - connection object created successfully."}
{"level":"INFO","message":"[9:52:14.423 PM]: Connection[id: f3e91710-5250-4f5c-85e1-d69f846f62ce] - async connecting. Associated Snowflake domain: GLOBAL"}
{"level":"INFO","message":"[9:52:14.424 PM]: Trying to initialize Easy Logging"}
{"level":"INFO","message":"[9:52:14.444 PM]: No client config detected."}
{"level":"INFO","message":"[9:52:14.444 PM]: No config file path found. Client config will not be used."}
{"level":"INFO","message":"[9:52:14.444 PM]: Easy Logging is disabled as no config has been found"}
{"level":"INFO","message":"[9:52:14.444 PM]: Connection[id: f3e91710-5250-4f5c-85e1-d69f846f62ce] - authentication successful using: SNOWFLAKE"}
{"level":"INFO","message":"[9:52:17.621 PM]: Connection[id: f3e91710-5250-4f5c-85e1-d69f846f62ce] - connection established successfully after 3197.96 milliseconds"}
{"level":"INFO","message":"[9:52:22.598 PM]: Creating new connection object"}
{"level":"INFO","message":"[9:52:22.619 PM]: Creating Connection[id: 9bd4c52c-6b65-4340-a066-3a745f3a225e] with host: QCQMHWR-UUC00658.snowflakecomputing.com, account: QCQMHWR-UUC00658, accessUrl: https://QCQMHWR-UUC00658.snowflakecomputing.com, user: JONAEDD08, role: undefined, database: WORLD_BANK_DB, schema: MACROECONOMICS, warehouse: COMPUTE_WH, proxy was not configured, password is provided, region: undefined, authenticator: SNOWFLAKE, ocsp mode: FAIL_OPEN, os: win32, os version: 10.0.26200"}
{"level":"INFO","message":"[9:52:22.620 PM]: Connection[id: 9bd4c52c-6b65-4340-a066-3a745f3a225e] additional details: passcode in password is provided, passcode is not provided, private key is not provided, application: undefined, client name: snowflake-sdk, client version: 2.4.0, retry timeout: 300, private key path: undefined, private key pass is not provided, client store temporary credential: false, browser response timeout: 120000"}
{"level":"INFO","message":"[9:52:22.621 PM]: Connection[id: 9bd4c52c-6b65-4340-a066-3a745f3a225e] - connection object created successfully."}
{"level":"INFO","message":"[9:52:22.623 PM]: Connection[id: 9bd4c52c-6b65-4340-a066-3a745f3a225e] - async connecting. Associated Snowflake domain: GLOBAL"}
{"level":"INFO","message":"[9:52:22.624 PM]: Trying to initialize Easy Logging"}
{"level":"INFO","message":"[9:52:22.637 PM]: No client config detected."}
{"level":"INFO","message":"[9:52:22.637 PM]: No config file path found. Client config will not be used."}
{"level":"INFO","message":"[9:52:22.637 PM]: Easy Logging is disabled as no config has been found"}
{"level":"INFO","message":"[9:52:22.638 PM]: Connection[id: 9bd4c52c-6b65-4340-a066-3a745f3a225e] - authentication successful using: SNOWFLAKE"}
{"level":"INFO","message":"[9:52:24.493 PM]: Creating new connection object"}
{"level":"INFO","message":"[9:52:24.514 PM]: Creating Connection[id: 4e15b623-952e-4a54-8a2a-1b4146af584d] with host: QCQMHWR-UUC00658.snowflakecomputing.com, account: QCQMHWR-UUC00658, accessUrl: https://QCQMHWR-UUC00658.snowflakecomputing.com, user: JONAEDD08, role: undefined, database: WORLD_BANK_DB, schema: MACROECONOMICS, warehouse: COMPUTE_WH, proxy was not configured, password is provided, region: undefined, authenticator: SNOWFLAKE, ocsp mode: FAIL_OPEN, os: win32, os version: 10.0.26200"}
{"level":"INFO","message":"[9:52:24.514 PM]: Connection[id: 4e15b623-952e-4a54-8a2a-1b4146af584d] additional details: passcode in password is provided, passcode is not provided, private key is not provided, application: undefined, client name: snowflake-sdk, client version: 2.4.0, retry timeout: 300, private key path: undefined, private key pass is not provided, client store temporary credential: false, browser response timeout: 120000"}
{"level":"INFO","message":"[9:52:24.515 PM]: Connection[id: 4e15b623-952e-4a54-8a2a-1b4146af584d] - connection object created successfully."}
{"level":"INFO","message":"[9:52:24.516 PM]: Connection[id: 4e15b623-952e-4a54-8a2a-1b4146af584d] - async connecting. Associated Snowflake domain: GLOBAL"}
{"level":"INFO","message":"[9:52:24.516 PM]: Trying to initialize Easy Logging"}
{"level":"INFO","message":"[9:52:24.530 PM]: No client config detected."}
{"level":"INFO","message":"[9:52:24.530 PM]: No config file path found. Client config will not be used."}
{"level":"INFO","message":"[9:52:24.531 PM]: Easy Logging is disabled as no config has been found"}
{"level":"INFO","message":"[9:52:24.531 PM]: Connection[id: 4e15b623-952e-4a54-8a2a-1b4146af584d] - authentication successful using: SNOWFLAKE"}
{"level":"INFO","message":"[9:52:25.147 PM]: Connection[id: 4e15b623-952e-4a54-8a2a-1b4146af584d] - connection established successfully after 631.65 milliseconds"}
{"level":"INFO","message":"[9:52:49.539 PM]: Creating new connection object"}
{"level":"INFO","message":"[9:52:49.558 PM]: Creating Connection[id: 524e2a8d-4df6-4fd9-b10f-cbd676404859] with host: QCQMHWR-UUC00658.snowflakecomputing.com, account: QCQMHWR-UUC00658, accessUrl: https://QCQMHWR-UUC00658.snowflakecomputing.com, user: JONAEDD08, role: undefined, database: WORLD_BANK_DB, schema: MACROECONOMICS, warehouse: COMPUTE_WH, proxy was not configured, password is provided, region: undefined, authenticator: SNOWFLAKE, ocsp mode: FAIL_OPEN, os: win32, os version: 10.0.26200"}
{"level":"INFO","message":"[9:52:49.558 PM]: Connection[id: 524e2a8d-4df6-4fd9-b10f-cbd676404859] additional details: passcode in password is provided, passcode is not provided, private key is not provided, application: undefined, client name: snowflake-sdk, client version: 2.4.0, retry timeout: 300, private key path: undefined, private key pass is not provided, client store temporary credential: false, browser response timeout: 120000"}
{"level":"INFO","message":"[9:52:49.559 PM]: Connection[id: 524e2a8d-4df6-4fd9-b10f-cbd676404859] - connection object created successfully."}
{"level":"INFO","message":"[9:52:49.560 PM]: Connection[id: 524e2a8d-4df6-4fd9-b10f-cbd676404859] - async connecting. Associated Snowflake domain: GLOBAL"}
{"level":"INFO","message":"[9:52:49.560 PM]: Trying to initialize Easy Logging"}
{"level":"INFO","message":"[9:52:49.573 PM]: No client config detected."}
{"level":"INFO","message":"[9:52:49.573 PM]: No config file path found. Client config will not be used."}
{"level":"INFO","message":"[9:52:49.574 PM]: Easy Logging is disabled as no config has been found"}
{"level":"INFO","message":"[9:52:49.574 PM]: Connection[id: 524e2a8d-4df6-4fd9-b10f-cbd676404859] - authentication successful using: SNOWFLAKE"}
{"level":"INFO","message":"[9:52:51.572 PM]: Connection[id: 524e2a8d-4df6-4fd9-b10f-cbd676404859] - connection established successfully after 2012.3 milliseconds"}
{"level":"INFO","message":"[9:53:58.642 PM]: Creating new connection object"}
{"level":"INFO","message":"[9:53:58.668 PM]: Creating Connection[id: 5b4059c7-18ef-494c-bf0a-f2b242684fca] with host: QCQMHWR-UUC00658.snowflakecomputing.com, account: QCQMHWR-UUC00658, accessUrl: https://QCQMHWR-UUC00658.snowflakecomputing.com, user: JONAEDD08, role: undefined, database: WORLD_BANK_DB, schema: MACROECONOMICS, warehouse: COMPUTE_WH, proxy was not configured, password is provided, region: undefined, authenticator: SNOWFLAKE, ocsp mode: FAIL_OPEN, os: win32, os version: 10.0.26200"}
{"level":"INFO","message":"[9:53:58.668 PM]: Connection[id: 5b4059c7-18ef-494c-bf0a-f2b242684fca] additional details: passcode in password is provided, passcode is not provided, private key is not provided, application: undefined, client name: snowflake-sdk, client version: 2.4.0, retry timeout: 300, private key path: undefined, private key pass is not provided, client store temporary credential: false, browser response timeout: 120000"}
{"level":"INFO","message":"[9:53:58.669 PM]: Connection[id: 5b4059c7-18ef-494c-bf0a-f2b242684fca] - connection object created successfully."}
{"level":"INFO","message":"[9:53:58.670 PM]: Connection[id: 5b4059c7-18ef-494c-bf0a-f2b242684fca] - async connecting. Associated Snowflake domain: GLOBAL"}
{"level":"INFO","message":"[9:53:58.671 PM]: Trying to initialize Easy Logging"}
{"level":"INFO","message":"[9:53:58.685 PM]: No client config detected."}
{"level":"INFO","message":"[9:53:58.685 PM]: No config file path found. Client config will not be used."}
{"level":"INFO","message":"[9:53:58.686 PM]: Easy Logging is disabled as no config has been found"}
{"level":"INFO","message":"[9:53:58.686 PM]: Connection[id: 5b4059c7-18ef-494c-bf0a-f2b242684fca] - authentication successful using: SNOWFLAKE"}
{"level":"INFO","message":"[9:54:01.814 PM]: Creating new connection object"}
{"level":"INFO","message":"[9:54:01.833 PM]: Creating Connection[id: 6caea083-bc6f-4bb2-83ab-80254010533a] with host: QCQMHWR-UUC00658.snowflakecomputing.com, account: QCQMHWR-UUC00658, accessUrl: https://QCQMHWR-UUC00658.snowflakecomputing.com, user: JONAEDD08, role: undefined, database: WORLD_BANK_DB, schema: MACROECONOMICS, warehouse: COMPUTE_WH, proxy was not configured, password is provided, region: undefined, authenticator: SNOWFLAKE, ocsp mode: FAIL_OPEN, os: win32, os version: 10.0.26200"}
{"level":"INFO","message":"[9:54:01.833 PM]: Connection[id: 6caea083-bc6f-4bb2-83ab-80254010533a] additional details: passcode in password is provided, passcode is not provided, private key is not provided, application: undefined, client name: snowflake-sdk, client version: 2.4.0, retry timeout: 300, private key path: undefined, private key pass is not provided, client store temporary credential: false, browser response timeout: 120000"}
{"level":"INFO","message":"[9:54:01.834 PM]: Connection[id: 6caea083-bc6f-4bb2-83ab-80254010533a] - connection object created successfully."}
{"level":"INFO","message":"[9:54:01.835 PM]: Connection[id: 6caea083-bc6f-4bb2-83ab-80254010533a] - async connecting. Associated Snowflake domain: GLOBAL"}
{"level":"INFO","message":"[9:54:01.835 PM]: Trying to initialize Easy Logging"}
{"level":"INFO","message":"[9:54:01.846 PM]: No client config detected."}
{"level":"INFO","message":"[9:54:01.847 PM]: No config file path found. Client config will not be used."}
{"level":"INFO","message":"[9:54:01.847 PM]: Easy Logging is disabled as no config has been found"}
{"level":"INFO","message":"[9:54:01.847 PM]: Connection[id: 6caea083-bc6f-4bb2-83ab-80254010533a] - authentication successful using: SNOWFLAKE"}
{"level":"INFO","message":"[9:54:02.350 PM]: Connection[id: 6caea083-bc6f-4bb2-83ab-80254010533a] - connection established successfully after 515.68 milliseconds"}
{"level":"INFO","message":"[10:00:30.675 PM]: Creating new connection object"}
{"level":"INFO","message":"[10:00:30.699 PM]: Creating Connection[id: 53378ec2-f5be-4e48-a0bf-8d9edc82b217] with host: QCQMHWR-UUC00658.snowflakecomputing.com, account: QCQMHWR-UUC00658, accessUrl: https://QCQMHWR-UUC00658.snowflakecomputing.com, user: JONAEDD08, role: undefined, database: WORLD_BANK_DB, schema: MACROECONOMICS, warehouse: COMPUTE_WH, proxy was not configured, password is provided, region: undefined, authenticator: SNOWFLAKE, ocsp mode: FAIL_OPEN, os: win32, os version: 10.0.26200"}
{"level":"INFO","message":"[10:00:30.700 PM]: Connection[id: 53378ec2-f5be-4e48-a0bf-8d9edc82b217] additional details: passcode in password is provided, passcode is not provided, private key is not provided, application: undefined, client name: snowflake-sdk, client version: 2.4.0, retry timeout: 300, private key path: undefined, private key pass is not provided, client store temporary credential: false, browser response timeout: 120000"}
{"level":"INFO","message":"[10:00:30.701 PM]: Connection[id: 53378ec2-f5be-4e48-a0bf-8d9edc82b217] - connection object created successfully."}
{"level":"INFO","message":"[10:00:30.701 PM]: Connection[id: 53378ec2-f5be-4e48-a0bf-8d9edc82b217] - async connecting. Associated Snowflake domain: GLOBAL"}
{"level":"INFO","message":"[10:00:30.702 PM]: Trying to initialize Easy Logging"}
{"level":"INFO","message":"[10:00:30.717 PM]: No client config detected."}
{"level":"INFO","message":"[10:00:30.718 PM]: No config file path found. Client config will not be used."}
{"level":"INFO","message":"[10:00:30.718 PM]: Easy Logging is disabled as no config has been found"}
{"level":"INFO","message":"[10:00:30.718 PM]: Connection[id: 53378ec2-f5be-4e48-a0bf-8d9edc82b217] - authentication successful using: SNOWFLAKE"}
{"level":"INFO","message":"[10:00:32.343 PM]: Connection[id: 53378ec2-f5be-4e48-a0bf-8d9edc82b217] - connection established successfully after 1641.54 milliseconds"}
{"level":"INFO","message":"[10:14:13.392 PM]: Creating new connection object"}
{"level":"INFO","message":"[10:14:13.422 PM]: Creating Connection[id: deeacf7e-d805-4c00-acc7-49b89c7f9bc4] with host: QCQMHWR-UUC00658.snowflakecomputing.com, account: QCQMHWR-UUC00658, accessUrl: https://QCQMHWR-UUC00658.snowflakecomputing.com, user: JONAEDD08, role: undefined, database: WORLD_BANK_DB, schema: MACROECONOMICS, warehouse: COMPUTE_WH, proxy was not configured, password is provided, region: undefined, authenticator: SNOWFLAKE, ocsp mode: FAIL_OPEN, os: win32, os version: 10.0.26200"}
{"level":"INFO","message":"[10:14:13.423 PM]: Connection[id: deeacf7e-d805-4c00-acc7-49b89c7f9bc4] additional details: passcode in password is provided, passcode is not provided, private key is not provided, application: undefined, client name: snowflake-sdk, client version: 2.4.0, retry timeout: 300, private key path: undefined, private key pass is not provided, client store temporary credential: false, browser response timeout: 120000"}
{"level":"INFO","message":"[10:14:13.423 PM]: Connection[id: deeacf7e-d805-4c00-acc7-49b89c7f9bc4] - connection object created successfully."}
{"level":"INFO","message":"[10:14:13.424 PM]: Connection[id: deeacf7e-d805-4c00-acc7-49b89c7f9bc4] - async connecting. Associated Snowflake domain: GLOBAL"}
{"level":"INFO","message":"[10:14:13.425 PM]: Trying to initialize Easy Logging"}
{"level":"INFO","message":"[10:14:13.439 PM]: No client config detected."}
{"level":"INFO","message":"[10:14:13.439 PM]: No config file path found. Client config will not be used."}
{"level":"INFO","message":"[10:14:13.440 PM]: Easy Logging is disabled as no config has been found"}
{"level":"INFO","message":"[10:14:13.440 PM]: Connection[id: deeacf7e-d805-4c00-acc7-49b89c7f9bc4] - authentication successful using: SNOWFLAKE"}
{"level":"INFO","message":"[10:14:15.113 PM]: Connection[id: deeacf7e-d805-4c00-acc7-49b89c7f9bc4] - connection established successfully after 1689.21 milliseconds"}
{"level":"INFO","message":"[10:14:19.405 PM]: Creating new connection object"}
{"level":"INFO","message":"[10:14:19.430 PM]: Creating Connection[id: 9494e429-02ba-4876-8935-05bee723151e] with host: QCQMHWR-UUC00658.snowflakecomputing.com, account: QCQMHWR-UUC00658, accessUrl: https://QCQMHWR-UUC00658.snowflakecomputing.com, user: JONAEDD08, role: undefined, database: WORLD_BANK_DB, schema: MACROECONOMICS, warehouse: COMPUTE_WH, proxy was not configured, password is provided, region: undefined, authenticator: SNOWFLAKE, ocsp mode: FAIL_OPEN, os: win32, os version: 10.0.26200"}
{"level":"INFO","message":"[10:14:19.430 PM]: Connection[id: 9494e429-02ba-4876-8935-05bee723151e] additional details: passcode in password is provided, passcode is not provided, private key is not provided, application: undefined, client name: snowflake-sdk, client version: 2.4.0, retry timeout: 300, private key path: undefined, private key pass is not provided, client store temporary credential: false, browser response timeout: 120000"}
{"level":"INFO","message":"[10:14:19.431 PM]: Connection[id: 9494e429-02ba-4876-8935-05bee723151e] - connection object created successfully."}
{"level":"INFO","message":"[10:14:19.431 PM]: Connection[id: 9494e429-02ba-4876-8935-05bee723151e] - async connecting. Associated Snowflake domain: GLOBAL"}
{"level":"INFO","message":"[10:14:19.432 PM]: Trying to initialize Easy Logging"}
{"level":"INFO","message":"[10:14:19.443 PM]: No client config detected."}
{"level":"INFO","message":"[10:14:19.443 PM]: No config file path found. Client config will not be used."}
{"level":"INFO","message":"[10:14:19.444 PM]: Easy Logging is disabled as no config has been found"}
{"level":"INFO","message":"[10:14:19.444 PM]: Connection[id: 9494e429-02ba-4876-8935-05bee723151e] - authentication successful using: SNOWFLAKE"}
{"level":"INFO","message":"[10:15:06.297 PM]: Creating new connection object"}
{"level":"INFO","message":"[10:15:06.315 PM]: Creating Connection[id: a92a0250-7564-4c59-a6c6-41fb9d66fcd3] with host: QCQMHWR-UUC00658.snowflakecomputing.com, account: QCQMHWR-UUC00658, accessUrl: https://QCQMHWR-UUC00658.snowflakecomputing.com, user: JONAEDD08, role: undefined, database: WORLD_BANK_DB, schema: MACROECONOMICS, warehouse: COMPUTE_WH, proxy was not configured, password is provided, region: undefined, authenticator: SNOWFLAKE, ocsp mode: FAIL_OPEN, os: win32, os version: 10.0.26200"}
{"level":"INFO","message":"[10:15:06.316 PM]: Connection[id: a92a0250-7564-4c59-a6c6-41fb9d66fcd3] additional details: passcode in password is provided, passcode is not provided, private key is not provided, application: undefined, client name: snowflake-sdk, client version: 2.4.0, retry timeout: 300, private key path: undefined, private key pass is not provided, client store temporary credential: false, browser response timeout: 120000"}
{"level":"INFO","message":"[10:15:06.316 PM]: Connection[id: a92a0250-7564-4c59-a6c6-41fb9d66fcd3] - connection object created successfully."}
{"level":"INFO","message":"[10:15:06.317 PM]: Connection[id: a92a0250-7564-4c59-a6c6-41fb9d66fcd3] - async connecting. Associated Snowflake domain: GLOBAL"}
{"level":"INFO","message":"[10:15:06.318 PM]: Trying to initialize Easy Logging"}
{"level":"INFO","message":"[10:15:06.340 PM]: No client config detected."}
{"level":"INFO","message":"[10:15:06.340 PM]: No config file path found. Client config will not be used."}
{"level":"INFO","message":"[10:15:06.341 PM]: Easy Logging is disabled as no config has been found"}
{"level":"INFO","message":"[10:15:06.341 PM]: Connection[id: a92a0250-7564-4c59-a6c6-41fb9d66fcd3] - authentication successful using: SNOWFLAKE"}
{"level":"INFO","message":"[10:15:14.590 PM]: Creating new connection object"}
{"level":"INFO","message":"[10:15:14.611 PM]: Creating Connection[id: c6fa0913-d0d1-41b0-9926-9146b09aaa5a] with host: QCQMHWR-UUC00658.snowflakecomputing.com, account: QCQMHWR-UUC00658, accessUrl: https://QCQMHWR-UUC00658.snowflakecomputing.com, user: JONAEDD08, role: undefined, database: WORLD_BANK_DB, schema: MACROECONOMICS, warehouse: COMPUTE_WH, proxy was not configured, password is provided, region: undefined, authenticator: SNOWFLAKE, ocsp mode: FAIL_OPEN, os: win32, os version: 10.0.26200"}
{"level":"INFO","message":"[10:15:14.612 PM]: Connection[id: c6fa0913-d0d1-41b0-9926-9146b09aaa5a] additional details: passcode in password is provided, passcode is not provided, private key is not provided, application: undefined, client name: snowflake-sdk, client version: 2.4.0, retry timeout: 300, private key path: undefined, private key pass is not provided, client store temporary credential: false, browser response timeout: 120000"}
{"level":"INFO","message":"[10:15:14.612 PM]: Connection[id: c6fa0913-d0d1-41b0-9926-9146b09aaa5a] - connection object created successfully."}
{"level":"INFO","message":"[10:15:14.613 PM]: Connection[id: c6fa0913-d0d1-41b0-9926-9146b09aaa5a] - async connecting. Associated Snowflake domain: GLOBAL"}
{"level":"INFO","message":"[10:15:14.613 PM]: Trying to initialize Easy Logging"}
{"level":"INFO","message":"[10:15:14.636 PM]: No client config detected."}
{"level":"INFO","message":"[10:15:14.637 PM]: No config file path found. Client config will not be used."}
{"level":"INFO","message":"[10:15:14.637 PM]: Easy Logging is disabled as no config has been found"}
{"level":"INFO","message":"[10:15:14.638 PM]: Connection[id: c6fa0913-d0d1-41b0-9926-9146b09aaa5a] - authentication successful using: SNOWFLAKE"}
{"level":"INFO","message":"[10:15:15.145 PM]: Connection[id: c6fa0913-d0d1-41b0-9926-9146b09aaa5a] - connection established successfully after 532.23 milliseconds"}
{"level":"INFO","message":"[10:15:32.477 PM]: Creating new connection object"}
{"level":"INFO","message":"[10:15:32.497 PM]: Creating Connection[id: caa0ef9f-4cc3-469d-933b-899e785351e2] with host: QCQMHWR-UUC00658.snowflakecomputing.com, account: QCQMHWR-UUC00658, accessUrl: https://QCQMHWR-UUC00658.snowflakecomputing.com, user: JONAEDD08, role: undefined, database: WORLD_BANK_DB, schema: MACROECONOMICS, warehouse: COMPUTE_WH, proxy was not configured, password is provided, region: undefined, authenticator: SNOWFLAKE, ocsp mode: FAIL_OPEN, os: win32, os version: 10.0.26200"}
{"level":"INFO","message":"[10:15:32.498 PM]: Connection[id: caa0ef9f-4cc3-469d-933b-899e785351e2] additional details: passcode in password is provided, passcode is not provided, private key is not provided, application: undefined, client name: snowflake-sdk, client version: 2.4.0, retry timeout: 300, private key path: undefined, private key pass is not provided, client store temporary credential: false, browser response timeout: 120000"}
{"level":"INFO","message":"[10:15:32.498 PM]: Connection[id: caa0ef9f-4cc3-469d-933b-899e785351e2] - connection object created successfully."}
{"level":"INFO","message":"[10:15:32.499 PM]: Connection[id: caa0ef9f-4cc3-469d-933b-899e785351e2] - async connecting. Associated Snowflake domain: GLOBAL"}
{"level":"INFO","message":"[10:15:32.500 PM]: Trying to initialize Easy Logging"}
{"level":"INFO","message":"[10:15:32.522 PM]: No client config detected."}
{"level":"INFO","message":"[10:15:32.523 PM]: No config file path found. Client config will not be used."}
{"level":"INFO","message":"[10:15:32.523 PM]: Easy Logging is disabled as no config has been found"}
{"level":"INFO","message":"[10:15:32.523 PM]: Connection[id: caa0ef9f-4cc3-469d-933b-899e785351e2] - authentication successful using: SNOWFLAKE"}
{"level":"INFO","message":"[10:15:33.848 PM]: Connection[id: caa0ef9f-4cc3-469d-933b-899e785351e2] - connection established successfully after 1349.29 milliseconds"}
{"level":"INFO","message":"[10:28:08.833 PM]: Creating new connection object"}
{"level":"INFO","message":"[10:28:08.865 PM]: Creating Connection[id: 7c55eeb9-92d4-432d-a73b-5b8e929571a8] with host: QCQMHWR-UUC00658.snowflakecomputing.com, account: QCQMHWR-UUC00658, accessUrl: https://QCQMHWR-UUC00658.snowflakecomputing.com, user: JONAEDD08, role: undefined, database: WORLD_BANK_DB, schema: MACROECONOMICS, warehouse: COMPUTE_WH, proxy was not configured, password is provided, region: undefined, authenticator: SNOWFLAKE, ocsp mode: FAIL_OPEN, os: win32, os version: 10.0.26200"}
{"level":"INFO","message":"[10:28:08.866 PM]: Connection[id: 7c55eeb9-92d4-432d-a73b-5b8e929571a8] additional details: passcode in password is provided, passcode is not provided, private key is not provided, application: undefined, client name: snowflake-sdk, client version: 2.4.0, retry timeout: 300, private key path: undefined, private key pass is not provided, client store temporary credential: false, browser response timeout: 120000"}
{"level":"INFO","message":"[10:28:08.866 PM]: Connection[id: 7c55eeb9-92d4-432d-a73b-5b8e929571a8] - connection object created successfully."}
{"level":"INFO","message":"[10:28:08.867 PM]: Connection[id: 7c55eeb9-92d4-432d-a73b-5b8e929571a8] - async connecting. Associated Snowflake domain: GLOBAL"}
{"level":"INFO","message":"[10:28:08.867 PM]: Trying to initialize Easy Logging"}
{"level":"INFO","message":"[10:28:08.905 PM]: No client config detected."}
{"level":"INFO","message":"[10:28:08.906 PM]: No config file path found. Client config will not be used."}
{"level":"INFO","message":"[10:28:08.906 PM]: Easy Logging is disabled as no config has been found"}
{"level":"INFO","message":"[10:28:08.907 PM]: Connection[id: 7c55eeb9-92d4-432d-a73b-5b8e929571a8] - authentication successful using: SNOWFLAKE"}
{"level":"INFO","message":"[10:28:10.408 PM]: Connection[id: 7c55eeb9-92d4-432d-a73b-5b8e929571a8] - connection established successfully after 1540.72 milliseconds"}
{"level":"INFO","message":"[10:43:39.635 PM]: Creating new connection object"}
{"level":"INFO","message":"[10:43:39.666 PM]: Creating Connection[id: e6746131-11ee-4a41-a949-d7d813b48eee] with host: QCQMHWR-UUC00658.snowflakecomputing.com, account: QCQMHWR-UUC00658, accessUrl: https://QCQMHWR-UUC00658.snowflakecomputing.com, user: JONAEDD08, role: undefined, database: WORLD_BANK_DB, schema: MACROECONOMICS, warehouse: COMPUTE_WH, proxy was not configured, password is provided, region: undefined, authenticator: SNOWFLAKE, ocsp mode: FAIL_OPEN, os: win32, os version: 10.0.26200"}
{"level":"INFO","message":"[10:43:39.667 PM]: Connection[id: e6746131-11ee-4a41-a949-d7d813b48eee] additional details: passcode in password is provided, passcode is not provided, private key is not provided, application: undefined, client name: snowflake-sdk, client version: 2.4.0, retry timeout: 300, private key path: undefined, private key pass is not provided, client store temporary credential: false, browser response timeout: 120000"}
{"level":"INFO","message":"[10:43:39.667 PM]: Connection[id: e6746131-11ee-4a41-a949-d7d813b48eee] - connection object created successfully."}
{"level":"INFO","message":"[10:43:39.668 PM]: Connection[id: e6746131-11ee-4a41-a949-d7d813b48eee] - async connecting. Associated Snowflake domain: GLOBAL"}
{"level":"INFO","message":"[10:43:39.668 PM]: Trying to initialize Easy Logging"}
{"level":"INFO","message":"[10:43:39.711 PM]: No client config detected."}
{"level":"INFO","message":"[10:43:39.711 PM]: No config file path found. Client config will not be used."}
{"level":"INFO","message":"[10:43:39.711 PM]: Easy Logging is disabled as no config has been found"}
{"level":"INFO","message":"[10:43:39.713 PM]: Connection[id: e6746131-11ee-4a41-a949-d7d813b48eee] - authentication successful using: SNOWFLAKE"}
{"level":"INFO","message":"[10:43:41.654 PM]: Connection[id: e6746131-11ee-4a41-a949-d7d813b48eee] - connection established successfully after 1985.99 milliseconds"}
{"level":"INFO","message":"[11:03:07.271 PM]: Creating new connection object"}
{"level":"INFO","message":"[11:03:07.294 PM]: Creating Connection[id: 309414bc-5a5b-42f0-b09f-16d6d237d488] with host: QCQMHWR-UUC00658.snowflakecomputing.com, account: QCQMHWR-UUC00658, accessUrl: https://QCQMHWR-UUC00658.snowflakecomputing.com, user: JONAEDD08, role: undefined, database: WORLD_BANK_DB, schema: MACROECONOMICS, warehouse: COMPUTE_WH, proxy was not configured, password is provided, region: undefined, authenticator: SNOWFLAKE, ocsp mode: FAIL_OPEN, os: win32, os version: 10.0.26200"}
{"level":"INFO","message":"[11:03:07.295 PM]: Connection[id: 309414bc-5a5b-42f0-b09f-16d6d237d488] additional details: passcode in password is provided, passcode is not provided, private key is not provided, application: undefined, client name: snowflake-sdk, client version: 2.4.0, retry timeout: 300, private key path: undefined, private key pass is not provided, client store temporary credential: false, browser response timeout: 120000"}
{"level":"INFO","message":"[11:03:07.295 PM]: Connection[id: 309414bc-5a5b-42f0-b09f-16d6d237d488] - connection object created successfully."}
{"level":"INFO","message":"[11:03:07.295 PM]: Connection[id: 309414bc-5a5b-42f0-b09f-16d6d237d488] - async connecting. Associated Snowflake domain: GLOBAL"}
{"level":"INFO","message":"[11:03:07.296 PM]: Trying to initialize Easy Logging"}
{"level":"INFO","message":"[11:03:07.323 PM]: No client config detected."}
{"level":"INFO","message":"[11:03:07.323 PM]: No config file path found. Client config will not be used."}
{"level":"INFO","message":"[11:03:07.324 PM]: Easy Logging is disabled as no config has been found"}
{"level":"INFO","message":"[11:03:07.324 PM]: Connection[id: 309414bc-5a5b-42f0-b09f-16d6d237d488] - authentication successful using: SNOWFLAKE"}
{"level":"INFO","message":"[11:03:08.884 PM]: Connection[id: 309414bc-5a5b-42f0-b09f-16d6d237d488] - connection established successfully after 1588.55 milliseconds"}
{"level":"INFO","message":"[2:52:10.735 PM]: Creating new connection object"}
{"level":"INFO","message":"[2:52:10.757 PM]: Creating Connection[id: 8119a4d0-2daf-4b29-993d-0a53c86f730f] with host: QCQMHWR-UUC00658.snowflakecomputing.com, account: QCQMHWR-UUC00658, accessUrl: https://QCQMHWR-UUC00658.snowflakecomputing.com, user: JONAEDD08, role: undefined, database: WORLD_BANK_DB, schema: MACROECONOMICS, warehouse: COMPUTE_WH, proxy was not configured, password is provided, region: undefined, authenticator: SNOWFLAKE, ocsp mode: FAIL_OPEN, os: win32, os version: 10.0.26200"}
{"level":"INFO","message":"[2:52:10.758 PM]: Connection[id: 8119a4d0-2daf-4b29-993d-0a53c86f730f] additional details: passcode in password is provided, passcode is not provided, private key is not provided, application: undefined, client name: snowflake-sdk, client version: 2.4.0, retry timeout: 300, private key path: undefined, private key pass is not provided, client store temporary credential: false, browser response timeout: 120000"}
{"level":"INFO","message":"[2:52:10.758 PM]: Connection[id: 8119a4d0-2daf-4b29-993d-0a53c86f730f] - connection object created successfully."}
{"level":"INFO","message":"[2:52:10.759 PM]: Connection[id: 8119a4d0-2daf-4b29-993d-0a53c86f730f] - async connecting. Associated Snowflake domain: GLOBAL"}
{"level":"INFO","message":"[2:52:10.759 PM]: Trying to initialize Easy Logging"}
{"level":"INFO","message":"[2:52:10.781 PM]: No client config detected."}
{"level":"INFO","message":"[2:52:10.782 PM]: No config file path found. Client config will not be used."}
{"level":"INFO","message":"[2:52:10.782 PM]: Easy Logging is disabled as no config has been found"}
{"level":"INFO","message":"[2:52:10.783 PM]: Connection[id: 8119a4d0-2daf-4b29-993d-0a53c86f730f] - authentication successful using: SNOWFLAKE"}
{"level":"INFO","message":"[2:52:23.484 PM]: Connection[id: 8119a4d0-2daf-4b29-993d-0a53c86f730f] - connection established successfully after 12725.31 milliseconds"}
{"level":"INFO","message":"[11:05:07.908 PM]: Creating new connection object"}
{"level":"INFO","message":"[11:05:07.934 PM]: Creating Connection[id: b4af2b86-4506-4575-8800-d6aaac8fb53b] with host: QCQMHWR-UUC00658.snowflakecomputing.com, account: QCQMHWR-UUC00658, accessUrl: https://QCQMHWR-UUC00658.snowflakecomputing.com, user: JONAEDD08, role: undefined, database: WORLD_BANK_DB, schema: MACROECONOMICS, warehouse: COMPUTE_WH, proxy was not configured, password is provided, region: undefined, authenticator: SNOWFLAKE, ocsp mode: FAIL_OPEN, os: win32, os version: 10.0.26200"}
{"level":"INFO","message":"[11:05:07.934 PM]: Connection[id: b4af2b86-4506-4575-8800-d6aaac8fb53b] additional details: passcode in password is provided, passcode is not provided, private key is not provided, application: undefined, client name: snowflake-sdk, client version: 2.4.0, retry timeout: 300, private key path: undefined, private key pass is not provided, client store temporary credential: false, browser response timeout: 120000"}
{"level":"INFO","message":"[11:05:07.934 PM]: Connection[id: b4af2b86-4506-4575-8800-d6aaac8fb53b] - connection object created successfully."}
{"level":"INFO","message":"[11:05:07.935 PM]: Connection[id: b4af2b86-4506-4575-8800-d6aaac8fb53b] - async connecting. Associated Snowflake domain: GLOBAL"}
{"level":"INFO","message":"[11:05:07.935 PM]: Trying to initialize Easy Logging"}
{"level":"INFO","message":"[11:05:07.959 PM]: No client config detected."}
{"level":"INFO","message":"[11:05:07.960 PM]: No config file path found. Client config will not be used."}
{"level":"INFO","message":"[11:05:07.960 PM]: Easy Logging is disabled as no config has been found"}
{"level":"INFO","message":"[11:05:07.961 PM]: Connection[id: b4af2b86-4506-4575-8800-d6aaac8fb53b] - authentication successful using: SNOWFLAKE"}
{"level":"ERROR","message":"[11:05:09.568 PM]: Connection[id: b4af2b86-4506-4575-8800-d6aaac8fb53b] - connection failed after 1633.38 milliseconds. Error: Multi-factor authentication is required for this account. Log in to Snowsight to enroll."}
{"level":"INFO","message":"[11:17:57.839 PM]: Creating new connection object"}
{"level":"INFO","message":"[11:17:57.871 PM]: Creating Connection[id: 51ea77ac-c784-4993-a793-5bf31f47d092] with host: QCQMHWR-UUC00658.snowflakecomputing.com, account: QCQMHWR-UUC00658, accessUrl: https://QCQMHWR-UUC00658.snowflakecomputing.com, user: JONAEDD08, role: undefined, database: WORLD_BANK_DB, schema: MACROECONOMICS, warehouse: COMPUTE_WH, proxy was not configured, password is provided, region: undefined, authenticator: SNOWFLAKE, ocsp mode: FAIL_OPEN, os: win32, os version: 10.0.26200"}
{"level":"INFO","message":"[11:17:57.871 PM]: Connection[id: 51ea77ac-c784-4993-a793-5bf31f47d092] additional details: passcode in password is provided, passcode is not provided, private key is not provided, application: undefined, client name: snowflake-sdk, client version: 2.4.0, retry timeout: 300, private key path: undefined, private key pass is not provided, client store temporary credential: false, browser response timeout: 120000"}
{"level":"INFO","message":"[11:17:57.872 PM]: Connection[id: 51ea77ac-c784-4993-a793-5bf31f47d092] - connection object created successfully."}
{"level":"INFO","message":"[11:17:57.872 PM]: Connection[id: 51ea77ac-c784-4993-a793-5bf31f47d092] - async connecting. Associated Snowflake domain: GLOBAL"}
{"level":"INFO","message":"[11:17:57.872 PM]: Trying to initialize Easy Logging"}
{"level":"INFO","message":"[11:17:57.907 PM]: No client config detected."}
{"level":"INFO","message":"[11:17:57.908 PM]: No config file path found. Client config will not be used."}
{"level":"INFO","message":"[11:17:57.908 PM]: Easy Logging is disabled as no config has been found"}
{"level":"INFO","message":"[11:17:57.908 PM]: Connection[id: 51ea77ac-c784-4993-a793-5bf31f47d092] - authentication successful using: SNOWFLAKE"}
{"level":"ERROR","message":"[11:17:59.341 PM]: Connection[id: 51ea77ac-c784-4993-a793-5bf31f47d092] - connection failed after 1469.09 milliseconds. Error: Failed to authenticate: MFA with TOTP is required. To authenticate, provide both your password and a current TOTP passcode."}
{"level":"INFO","message":"[11:19:59.147 PM]: Creating new connection object"}
{"level":"INFO","message":"[11:19:59.177 PM]: Creating Connection[id: 0891701e-b4db-4667-a8c5-98227b7000e6] with host: QCQMHWR-UUC00658.snowflakecomputing.com, account: QCQMHWR-UUC00658, accessUrl: https://QCQMHWR-UUC00658.snowflakecomputing.com, user: JONAEDD08, role: undefined, database: WORLD_BANK_DB, schema: MACROECONOMICS, warehouse: COMPUTE_WH, proxy was not configured, password is provided, region: undefined, authenticator: SNOWFLAKE, ocsp mode: FAIL_OPEN, os: win32, os version: 10.0.26200"}
{"level":"INFO","message":"[11:19:59.178 PM]: Connection[id: 0891701e-b4db-4667-a8c5-98227b7000e6] additional details: passcode in password is provided, passcode is not provided, private key is not provided, application: undefined, client name: snowflake-sdk, client version: 2.4.0, retry timeout: 300, private key path: undefined, private key pass is not provided, client store temporary credential: false, browser response timeout: 120000"}
{"level":"INFO","message":"[11:19:59.178 PM]: Connection[id: 0891701e-b4db-4667-a8c5-98227b7000e6] - connection object created successfully."}
{"level":"INFO","message":"[11:19:59.179 PM]: Connection[id: 0891701e-b4db-4667-a8c5-98227b7000e6] - async connecting. Associated Snowflake domain: GLOBAL"}
{"level":"INFO","message":"[11:19:59.180 PM]: Trying to initialize Easy Logging"}
{"level":"INFO","message":"[11:19:59.213 PM]: No client config detected."}
{"level":"INFO","message":"[11:19:59.214 PM]: No config file path found. Client config will not be used."}
{"level":"INFO","message":"[11:19:59.215 PM]: Easy Logging is disabled as no config has been found"}
{"level":"INFO","message":"[11:19:59.216 PM]: Connection[id: 0891701e-b4db-4667-a8c5-98227b7000e6] - authentication successful using: SNOWFLAKE"}
{"level":"ERROR","message":"[11:20:00.965 PM]: Connection[id: 0891701e-b4db-4667-a8c5-98227b7000e6] - connection failed after 1785.51 milliseconds. Error: Failed to authenticate: MFA with TOTP is required. To authenticate, provide both your password and a current TOTP passcode."}
{"level":"INFO","message":"[11:21:38.517 PM]: Creating new connection object"}
{"level":"INFO","message":"[11:21:38.549 PM]: Creating Connection[id: 386b938c-7872-4d0e-a7e6-abbd519c3c56] with host: QCQMHWR-UUC00658.snowflakecomputing.com, account: QCQMHWR-UUC00658, accessUrl: https://QCQMHWR-UUC00658.snowflakecomputing.com, user: JONAEDD08, role: undefined, database: WORLD_BANK_DB, schema: MACROECONOMICS, warehouse: COMPUTE_WH, proxy was not configured, password is provided, region: undefined, authenticator: SNOWFLAKE, ocsp mode: FAIL_OPEN, os: win32, os version: 10.0.26200"}
{"level":"INFO","message":"[11:21:38.550 PM]: Connection[id: 386b938c-7872-4d0e-a7e6-abbd519c3c56] additional details: passcode in password is provided, passcode is not provided, private key is not provided, application: undefined, client name: snowflake-sdk, client version: 2.4.0, retry timeout: 300, private key path: undefined, private key pass is not provided, client store temporary credential: false, browser response timeout: 120000"}
{"level":"INFO","message":"[11:21:38.551 PM]: Connection[id: 386b938c-7872-4d0e-a7e6-abbd519c3c56] - connection object created successfully."}
{"level":"INFO","message":"[11:21:38.552 PM]: Connection[id: 386b938c-7872-4d0e-a7e6-abbd519c3c56] - async connecting. Associated Snowflake domain: GLOBAL"}
{"level":"INFO","message":"[11:21:38.552 PM]: Trying to initialize Easy Logging"}
{"level":"INFO","message":"[11:21:38.581 PM]: No client config detected."}
{"level":"INFO","message":"[11:21:38.584 PM]: No config file path found. Client config will not be used."}
{"level":"INFO","message":"[11:21:38.585 PM]: Easy Logging is disabled as no config has been found"}
{"level":"INFO","message":"[11:21:38.585 PM]: Connection[id: 386b938c-7872-4d0e-a7e6-abbd519c3c56] - authentication successful using: SNOWFLAKE"}
{"level":"ERROR","message":"[11:21:43.558 PM]: Connection[id: 386b938c-7872-4d0e-a7e6-abbd519c3c56] - connection failed after 5006.79 milliseconds. Error: Failed to authenticate: MFA with TOTP is required. To authenticate, provide both your password and a current TOTP passcode."}
{"level":"INFO","message":"[11:21:47.704 PM]: Creating new connection object"}
{"level":"INFO","message":"[11:21:47.732 PM]: Creating Connection[id: 0426e569-8768-4ef6-b46c-9add6f197e38] with host: QCQMHWR-UUC00658.snowflakecomputing.com, account: QCQMHWR-UUC00658, accessUrl: https://QCQMHWR-UUC00658.snowflakecomputing.com, user: JONAEDD08, role: undefined, database: WORLD_BANK_DB, schema: MACROECONOMICS, warehouse: COMPUTE_WH, proxy was not configured, password is provided, region: undefined, authenticator: SNOWFLAKE, ocsp mode: FAIL_OPEN, os: win32, os version: 10.0.26200"}
{"level":"INFO","message":"[11:21:47.732 PM]: Connection[id: 0426e569-8768-4ef6-b46c-9add6f197e38] additional details: passcode in password is provided, passcode is not provided, private key is not provided, application: undefined, client name: snowflake-sdk, client version: 2.4.0, retry timeout: 300, private key path: undefined, private key pass is not provided, client store temporary credential: false, browser response timeout: 120000"}
{"level":"INFO","message":"[11:21:47.733 PM]: Connection[id: 0426e569-8768-4ef6-b46c-9add6f197e38] - connection object created successfully."}
{"level":"INFO","message":"[11:21:47.734 PM]: Connection[id: 0426e569-8768-4ef6-b46c-9add6f197e38] - async connecting. Associated Snowflake domain: GLOBAL"}
{"level":"INFO","message":"[11:21:47.734 PM]: Trying to initialize Easy Logging"}
{"level":"INFO","message":"[11:21:47.764 PM]: No client config detected."}
{"level":"INFO","message":"[11:21:47.765 PM]: No config file path found. Client config will not be used."}
{"level":"INFO","message":"[11:21:47.765 PM]: Easy Logging is disabled as no config has been found"}
{"level":"INFO","message":"[11:21:47.765 PM]: Connection[id: 0426e569-8768-4ef6-b46c-9add6f197e38] - authentication successful using: SNOWFLAKE"}
{"level":"ERROR","message":"[11:21:48.763 PM]: Connection[id: 0426e569-8768-4ef6-b46c-9add6f197e38] - connection failed after 1029.23 milliseconds. Error: Failed to authenticate: MFA with TOTP is required. To authenticate, provide both your password and a current TOTP passcode."}
{"level":"INFO","message":"[11:21:55.031 PM]: Creating new connection object"}
{"level":"INFO","message":"[11:21:55.072 PM]: Creating Connection[id: fa124636-229f-4fac-b463-bd34b3a0d4f2] with host: QCQMHWR-UUC00658.snowflakecomputing.com, account: QCQMHWR-UUC00658, accessUrl: https://QCQMHWR-UUC00658.snowflakecomputing.com, user: JONAEDD08, role: undefined, database: WORLD_BANK_DB, schema: MACROECONOMICS, warehouse: COMPUTE_WH, proxy was not configured, password is provided, region: undefined, authenticator: SNOWFLAKE, ocsp mode: FAIL_OPEN, os: win32, os version: 10.0.26200"}
{"level":"INFO","message":"[11:21:55.073 PM]: Connection[id: fa124636-229f-4fac-b463-bd34b3a0d4f2] additional details: passcode in password is provided, passcode is not provided, private key is not provided, application: undefined, client name: snowflake-sdk, client version: 2.4.0, retry timeout: 300, private key path: undefined, private key pass is not provided, client store temporary credential: true, browser response timeout: 120000"}
{"level":"INFO","message":"[11:21:55.074 PM]: Connection[id: fa124636-229f-4fac-b463-bd34b3a0d4f2] - connection object created successfully."}
{"level":"INFO","message":"[11:21:55.076 PM]: Connection[id: fa124636-229f-4fac-b463-bd34b3a0d4f2] - async connecting. Associated Snowflake domain: GLOBAL"}
{"level":"INFO","message":"[11:21:55.077 PM]: Custom credential manager is set by a user."}
{"level":"INFO","message":"[11:21:55.110 PM]: Trying to initialize Easy Logging"}
{"level":"INFO","message":"[11:21:55.111 PM]: No client config detected."}
{"level":"INFO","message":"[11:21:55.112 PM]: No config file path found. Client config will not be used."}
{"level":"INFO","message":"[11:21:55.112 PM]: Easy Logging is disabled as no config has been found"}
{"level":"INFO","message":"[11:21:55.112 PM]: Connection[id: fa124636-229f-4fac-b463-bd34b3a0d4f2] - authentication successful using: SNOWFLAKE"}
{"level":"ERROR","message":"[11:21:56.189 PM]: Connection[id: fa124636-229f-4fac-b463-bd34b3a0d4f2] - connection failed after 1113 milliseconds. Error: Failed to authenticate: MFA with TOTP is required. To authenticate, provide both your password and a current TOTP passcode."}
{"level":"INFO","message":"[11:22:43.121 PM]: Creating new connection object"}
{"level":"INFO","message":"[11:22:43.144 PM]: Creating Connection[id: 3130b834-294a-40e7-9962-d0f5e3c30756] with host: QCQMHWR-UUC00658.snowflakecomputing.com, account: QCQMHWR-UUC00658, accessUrl: https://QCQMHWR-UUC00658.snowflakecomputing.com, user: JONAEDD08, role: undefined, database: WORLD_BANK_DB, schema: MACROECONOMICS, warehouse: COMPUTE_WH, proxy was not configured, password is provided, region: undefined, authenticator: SNOWFLAKE, ocsp mode: FAIL_OPEN, os: win32, os version: 10.0.26200"}
{"level":"INFO","message":"[11:22:43.144 PM]: Connection[id: 3130b834-294a-40e7-9962-d0f5e3c30756] additional details: passcode in password is provided, passcode is not provided, private key is not provided, application: undefined, client name: snowflake-sdk, client version: 2.4.0, retry timeout: 300, private key path: undefined, private key pass is not provided, client store temporary credential: true, browser response timeout: 120000"}
{"level":"INFO","message":"[11:22:43.145 PM]: Connection[id: 3130b834-294a-40e7-9962-d0f5e3c30756] - connection object created successfully."}
{"level":"INFO","message":"[11:22:43.145 PM]: Connection[id: 3130b834-294a-40e7-9962-d0f5e3c30756] - async connecting. Associated Snowflake domain: GLOBAL"}
{"level":"INFO","message":"[11:22:43.146 PM]: Custom credential manager is set by a user."}
{"level":"INFO","message":"[11:22:43.169 PM]: Trying to initialize Easy Logging"}
{"level":"INFO","message":"[11:22:43.171 PM]: No client config detected."}
{"level":"INFO","message":"[11:22:43.171 PM]: No config file path found. Client config will not be used."}
{"level":"INFO","message":"[11:22:43.171 PM]: Easy Logging is disabled as no config has been found"}
{"level":"INFO","message":"[11:22:43.171 PM]: Connection[id: 3130b834-294a-40e7-9962-d0f5e3c30756] - authentication successful using: SNOWFLAKE"}
{"level":"ERROR","message":"[11:22:46.081 PM]: Connection[id: 3130b834-294a-40e7-9962-d0f5e3c30756] - connection failed after 2935.44 milliseconds. Error: Failed to authenticate: MFA with TOTP is required. To authenticate, provide both your password and a current TOTP passcode."}
{"level":"INFO","message":"[11:24:28.752 PM]: Creating new connection object"}
{"level":"INFO","message":"[11:24:28.783 PM]: Creating Connection[id: 6e1c85b4-c635-4856-8964-284ccb2c0c2d] with host: QCQMHWR-UUC00658.snowflakecomputing.com, account: QCQMHWR-UUC00658, accessUrl: https://QCQMHWR-UUC00658.snowflakecomputing.com, user: JONAEDD08, role: undefined, database: WORLD_BANK_DB, schema: MACROECONOMICS, warehouse: COMPUTE_WH, proxy was not configured, password is provided, region: undefined, authenticator: SNOWFLAKE, ocsp mode: FAIL_OPEN, os: win32, os version: 10.0.26200"}
{"level":"INFO","message":"[11:24:28.784 PM]: Connection[id: 6e1c85b4-c635-4856-8964-284ccb2c0c2d] additional details: passcode in password is provided, passcode is not provided, private key is not provided, application: undefined, client name: snowflake-sdk, client version: 2.4.0, retry timeout: 300, private key path: undefined, private key pass is not provided, client store temporary credential: true, browser response timeout: 120000"}
{"level":"INFO","message":"[11:24:28.784 PM]: Connection[id: 6e1c85b4-c635-4856-8964-284ccb2c0c2d] - connection object created successfully."}
{"level":"INFO","message":"[11:24:28.785 PM]: Connection[id: 6e1c85b4-c635-4856-8964-284ccb2c0c2d] - async connecting. Associated Snowflake domain: GLOBAL"}
{"level":"INFO","message":"[11:24:28.786 PM]: Custom credential manager is set by a user."}
{"level":"INFO","message":"[11:24:28.826 PM]: Trying to initialize Easy Logging"}
{"level":"INFO","message":"[11:24:28.828 PM]: No client config detected."}
{"level":"INFO","message":"[11:24:28.828 PM]: No config file path found. Client config will not be used."}
{"level":"INFO","message":"[11:24:28.829 PM]: Easy Logging is disabled as no config has been found"}
{"level":"INFO","message":"[11:24:28.829 PM]: Connection[id: 6e1c85b4-c635-4856-8964-284ccb2c0c2d] - authentication successful using: SNOWFLAKE"}
{"level":"ERROR","message":"[11:24:30.285 PM]: Connection[id: 6e1c85b4-c635-4856-8964-284ccb2c0c2d] - connection failed after 1500 milliseconds. Error: Failed to authenticate: MFA with TOTP is required. To authenticate, provide both your password and a current TOTP passcode."}
{"level":"INFO","message":"[11:31:15.127 PM]: Creating new connection object"}
{"level":"INFO","message":"[11:31:15.155 PM]: Creating Connection[id: f4fcbdb0-029f-46b2-ad8c-0841166f4273] with host: QCQMHWR-UUC00658.snowflakecomputing.com, account: QCQMHWR-UUC00658, accessUrl: https://QCQMHWR-UUC00658.snowflakecomputing.com, user: JONAEDD08, role: undefined, database: WORLD_BANK_DB, schema: MACROECONOMICS, warehouse: COMPUTE_WH, proxy was not configured, password is provided, region: undefined, authenticator: SNOWFLAKE, ocsp mode: FAIL_OPEN, os: win32, os version: 10.0.26200"}
{"level":"INFO","message":"[11:31:15.156 PM]: Connection[id: f4fcbdb0-029f-46b2-ad8c-0841166f4273] additional details: passcode in password is provided, passcode is not provided, private key is not provided, application: undefined, client name: snowflake-sdk, client version: 2.4.0, retry timeout: 300, private key path: undefined, private key pass is not provided, client store temporary credential: false, browser response timeout: 120000"}
{"level":"INFO","message":"[11:31:15.157 PM]: Connection[id: f4fcbdb0-029f-46b2-ad8c-0841166f4273] - connection object created successfully."}
{"level":"INFO","message":"[11:31:15.159 PM]: Connection[id: f4fcbdb0-029f-46b2-ad8c-0841166f4273] - async connecting. Associated Snowflake domain: GLOBAL"}
{"level":"INFO","message":"[11:31:15.159 PM]: Trying to initialize Easy Logging"}
{"level":"INFO","message":"[11:31:15.203 PM]: No client config detected."}
{"level":"INFO","message":"[11:31:15.204 PM]: No config file path found. Client config will not be used."}
{"level":"INFO","message":"[11:31:15.205 PM]: Easy Logging is disabled as no config has been found"}
{"level":"INFO","message":"[11:31:15.206 PM]: Connection[id: f4fcbdb0-029f-46b2-ad8c-0841166f4273] - authentication successful using: SNOWFLAKE"}
{"level":"ERROR","message":"[11:31:25.375 PM]: Connection[id: f4fcbdb0-029f-46b2-ad8c-0841166f4273] - connection failed after 10216.61 milliseconds. Error: Multi-factor authentication is required for this account. Log in to Snowsight to enroll."}
{"level":"INFO","message":"[11:33:14.609 PM]: Creating new connection object"}
{"level":"INFO","message":"[11:33:14.635 PM]: Creating Connection[id: 6cc4d21a-1c29-4329-928b-bbdd364a20b6] with host: QCQMHWR-UUC00658.snowflakecomputing.com, account: QCQMHWR-UUC00658, accessUrl: https://QCQMHWR-UUC00658.snowflakecomputing.com, user: JONAEDD08, role: undefined, database: WORLD_BANK_DB, schema: MACROECONOMICS, warehouse: COMPUTE_WH, proxy was not configured, password is provided, region: undefined, authenticator: SNOWFLAKE, ocsp mode: FAIL_OPEN, os: win32, os version: 10.0.26200"}
{"level":"INFO","message":"[11:33:14.636 PM]: Connection[id: 6cc4d21a-1c29-4329-928b-bbdd364a20b6] additional details: passcode in password is provided, passcode is not provided, private key is not provided, application: undefined, client name: snowflake-sdk, client version: 2.4.0, retry timeout: 300, private key path: undefined, private key pass is not provided, client store temporary credential: false, browser response timeout: 120000"}
{"level":"INFO","message":"[11:33:14.636 PM]: Connection[id: 6cc4d21a-1c29-4329-928b-bbdd364a20b6] - connection object created successfully."}
{"level":"INFO","message":"[11:33:14.637 PM]: Connection[id: 6cc4d21a-1c29-4329-928b-bbdd364a20b6] - async connecting. Associated Snowflake domain: GLOBAL"}
{"level":"INFO","message":"[11:33:14.637 PM]: Trying to initialize Easy Logging"}
{"level":"INFO","message":"[11:33:14.668 PM]: No client config detected."}
{"level":"INFO","message":"[11:33:14.669 PM]: No config file path found. Client config will not be used."}
{"level":"INFO","message":"[11:33:14.669 PM]: Easy Logging is disabled as no config has been found"}
{"level":"INFO","message":"[11:33:14.671 PM]: Connection[id: 6cc4d21a-1c29-4329-928b-bbdd364a20b6] - authentication successful using: SNOWFLAKE"}
{"level":"ERROR","message":"[11:33:16.075 PM]: Connection[id: 6cc4d21a-1c29-4329-928b-bbdd364a20b6] - connection failed after 1438.56 milliseconds. Error: Multi-factor authentication is required for this account. Log in to Snowsight to enroll."}
{"level":"INFO","message":"[11:34:46.541 PM]: Creating new connection object"}
{"level":"INFO","message":"[11:34:46.570 PM]: Creating Connection[id: 1ac2c1bb-4fed-4b99-b8e5-2c6d6535f0fd] with host: QCQMHWR-UUC00658.snowflakecomputing.com, account: QCQMHWR-UUC00658, accessUrl: https://QCQMHWR-UUC00658.snowflakecomputing.com, user: JONAEDD08, role: undefined, database: WORLD_BANK_DB, schema: MACROECONOMICS, warehouse: COMPUTE_WH, proxy was not configured, password is provided, region: undefined, authenticator: SNOWFLAKE, ocsp mode: FAIL_OPEN, os: win32, os version: 10.0.26200"}
{"level":"INFO","message":"[11:34:46.570 PM]: Connection[id: 1ac2c1bb-4fed-4b99-b8e5-2c6d6535f0fd] additional details: passcode in password is provided, passcode is not provided, private key is not provided, application: undefined, client name: snowflake-sdk, client version: 2.4.0, retry timeout: 300, private key path: undefined, private key pass is not provided, client store temporary credential: false, browser response timeout: 120000"}
{"level":"INFO","message":"[11:34:46.571 PM]: Connection[id: 1ac2c1bb-4fed-4b99-b8e5-2c6d6535f0fd] - connection object created successfully."}
{"level":"INFO","message":"[11:34:46.572 PM]: Connection[id: 1ac2c1bb-4fed-4b99-b8e5-2c6d6535f0fd] - async connecting. Associated Snowflake domain: GLOBAL"}
{"level":"INFO","message":"[11:34:46.573 PM]: Trying to initialize Easy Logging"}
{"level":"INFO","message":"[11:34:46.612 PM]: No client config detected."}
{"level":"INFO","message":"[11:34:46.613 PM]: No config file path found. Client config will not be used."}
{"level":"INFO","message":"[11:34:46.613 PM]: Easy Logging is disabled as no config has been found"}
{"level":"INFO","message":"[11:34:46.614 PM]: Connection[id: 1ac2c1bb-4fed-4b99-b8e5-2c6d6535f0fd] - authentication successful using: SNOWFLAKE"}
{"level":"ERROR","message":"[11:34:48.107 PM]: Connection[id: 1ac2c1bb-4fed-4b99-b8e5-2c6d6535f0fd] - connection failed after 1534.96 milliseconds. Error: Multi-factor authentication is required for this account. Log in to Snowsight to enroll."}
{"level":"INFO","message":"[11:37:11.907 PM]: Creating new connection object"}
{"level":"INFO","message":"[11:37:11.939 PM]: Creating Connection[id: f529fc4b-dffa-48d4-8584-be77a0b40ca2] with host: QCQMHWR-UUC00658.snowflakecomputing.com, account: QCQMHWR-UUC00658, accessUrl: https://QCQMHWR-UUC00658.snowflakecomputing.com, user: JONAEDD08, role: undefined, database: WORLD_BANK_DB, schema: MACROECONOMICS, warehouse: COMPUTE_WH, proxy was not configured, password is provided, region: undefined, authenticator: SNOWFLAKE, ocsp mode: FAIL_OPEN, os: win32, os version: 10.0.26200"}
{"level":"INFO","message":"[11:37:11.939 PM]: Connection[id: f529fc4b-dffa-48d4-8584-be77a0b40ca2] additional details: passcode in password is provided, passcode is not provided, private key is not provided, application: undefined, client name: snowflake-sdk, client version: 2.4.0, retry timeout: 300, private key path: undefined, private key pass is not provided, client store temporary credential: false, browser response timeout: 120000"}
{"level":"INFO","message":"[11:37:11.939 PM]: Connection[id: f529fc4b-dffa-48d4-8584-be77a0b40ca2] - connection object created successfully."}
{"level":"INFO","message":"[11:37:11.940 PM]: Connection[id: f529fc4b-dffa-48d4-8584-be77a0b40ca2] - async connecting. Associated Snowflake domain: GLOBAL"}
{"level":"INFO","message":"[11:37:11.941 PM]: Trying to initialize Easy Logging"}
{"level":"INFO","message":"[11:37:11.977 PM]: No client config detected."}
{"level":"INFO","message":"[11:37:11.978 PM]: No config file path found. Client config will not be used."}
{"level":"INFO","message":"[11:37:11.978 PM]: Easy Logging is disabled as no config has been found"}
{"level":"INFO","message":"[11:37:11.978 PM]: Connection[id: f529fc4b-dffa-48d4-8584-be77a0b40ca2] - authentication successful using: SNOWFLAKE"}
{"level":"INFO","message":"[11:37:23.302 PM]: Creating new connection object"}
{"level":"INFO","message":"[11:37:23.322 PM]: Creating Connection[id: f1cb3c28-19c8-4eab-a6eb-45333b89c257] with host: QCQMHWR-UUC00658.snowflakecomputing.com, account: QCQMHWR-UUC00658, accessUrl: https://QCQMHWR-UUC00658.snowflakecomputing.com, user: JONAEDD08, role: undefined, database: WORLD_BANK_DB, schema: MACROECONOMICS, warehouse: COMPUTE_WH, proxy was not configured, password is provided, region: undefined, authenticator: SNOWFLAKE, ocsp mode: FAIL_OPEN, os: win32, os version: 10.0.26200"}
{"level":"INFO","message":"[11:37:23.323 PM]: Connection[id: f1cb3c28-19c8-4eab-a6eb-45333b89c257] additional details: passcode in password is provided, passcode is not provided, private key is not provided, application: undefined, client name: snowflake-sdk, client version: 2.4.0, retry timeout: 300, private key path: undefined, private key pass is not provided, client store temporary credential: false, browser response timeout: 120000"}
{"level":"INFO","message":"[11:37:23.323 PM]: Connection[id: f1cb3c28-19c8-4eab-a6eb-45333b89c257] - connection object created successfully."}
{"level":"INFO","message":"[11:37:23.324 PM]: Connection[id: f1cb3c28-19c8-4eab-a6eb-45333b89c257] - async connecting. Associated Snowflake domain: GLOBAL"}
{"level":"INFO","message":"[11:37:23.324 PM]: Trying to initialize Easy Logging"}
{"level":"INFO","message":"[11:37:23.350 PM]: No client config detected."}
{"level":"INFO","message":"[11:37:23.350 PM]: No config file path found. Client config will not be used."}
{"level":"INFO","message":"[11:37:23.352 PM]: Easy Logging is disabled as no config has been found"}
{"level":"INFO","message":"[11:37:23.354 PM]: Connection[id: f1cb3c28-19c8-4eab-a6eb-45333b89c257] - authentication successful using: SNOWFLAKE"}
{"level":"INFO","message":"[11:37:24.492 PM]: Connection[id: f1cb3c28-19c8-4eab-a6eb-45333b89c257] - connection established successfully after 1168.02 milliseconds"}
